cod7,CODMUNRES,rgi_id,rgi_nome,UF
1100015,110001,110005,Cacoal,RO
1100023,110002,110002,Ariquemes,RO
1100031,110003,110006,Vilhena,RO
1100049,110004,110005,Cacoal,RO
1100056,110005,110006,Vilhena,RO
1100064,110006,110006,Vilhena,RO
1100072,110007,110006,Vilhena,RO
1100080,110008,110004,Ji-Paraná,RO
1100098,110009,110005,Cacoal,RO
1100106,110010,110001,Porto Velho,RO
1100114,110011,110003,Jaru,RO
1100122,110012,110004,Ji-Paraná,RO
1100130,110013,110003,Jaru,RO
1100148,110014,110005,Cacoal,RO
1100155,110015,110004,Ji-Paraná,RO
1100189,110018,110005,Cacoal,RO
1100205,110020,110001,Porto Velho,RO
1100254,110025,110004,Ji-Paraná,RO
1100262,110026,110002,Ariquemes,RO
1100288,110028,110005,Cacoal,RO
1100296,110029,110005,Cacoal,RO
1100304,110030,110006,Vilhena,RO
1100320,110032,110004,Ji-Paraná,RO
1100338,110033,110001,Porto Velho,RO
1100346,110034,110004,Ji-Paraná,RO
1100379,110037,110005,Cacoal,RO
1100403,110040,110002,Ariquemes,RO
1100452,110045,110002,Ariquemes,RO
1100502,110050,110005,Cacoal,RO
1100601,110060,110002,Ariquemes,RO
1100700,110070,110002,Ariquemes,RO
1100809,110080,110001,Porto Velho,RO
1100908,110090,110005,Cacoal,RO
1100924,110092,110006,Vilhena,RO
1100940,110094,110002,Ariquemes,RO
1101005,110100,110003,Jaru,RO
1101104,110110,110001,Porto Velho,RO
1101203,110120,110005,Cacoal,RO
1101302,110130,110004,Ji-Paraná,RO
1101401,110140,110002,Ariquemes,RO
1101435,110143,110004,Ji-Paraná,RO
1101450,110145,110005,Cacoal,RO
1101468,110146,110006,Vilhena,RO
1101476,110147,110005,Cacoal,RO
1101484,110148,110005,Cacoal,RO
1101492,110149,110004,Ji-Paraná,RO
1101500,110150,110004,Ji-Paraná,RO
1101559,110155,110004,Ji-Paraná,RO
1101609,110160,110003,Jaru,RO
1101708,110170,110004,Ji-Paraná,RO
1101757,110175,110003,Jaru,RO
1101807,110180,110004,Ji-Paraná,RO
1200013,120001,120001,Rio Branco,AC
1200054,120005,120002,Brasiléia,AC
1200104,120010,120002,Brasiléia,AC
1200138,120013,120001,Rio Branco,AC
1200179,120017,120001,Rio Branco,AC
1200203,120020,120004,Cruzeiro do Sul,AC
1200252,120025,120002,Brasiléia,AC
1200302,120030,120005,Tarauacá,AC
1200328,120032,120005,Tarauacá,AC
1200336,120033,120004,Cruzeiro do Sul,AC
1200344,120034,120003,Sena Madureira,AC
1200351,120035,120004,Cruzeiro do Sul,AC
1200385,120038,120001,Rio Branco,AC
1200393,120039,120004,Cruzeiro do Sul,AC
1200401,120040,120001,Rio Branco,AC
1200427,120042,120004,Cruzeiro do Sul,AC
1200435,120043,120003,Sena Madureira,AC
1200450,120045,120001,Rio Branco,AC
1200500,120050,120003,Sena Madureira,AC
1200609,120060,120005,Tarauacá,AC
1200708,120070,120002,Brasiléia,AC
1200807,120080,120001,Rio Branco,AC
1300029,130002,130005,Tefé,AM
1300060,130006,130006,Tabatinga,AM
1300086,130008,130004,Manacapuru,AM
1300102,130010,130003,Coari,AM
1300144,130014,130009,Manicoré,AM
1300201,130020,130006,Tabatinga,AM
1300300,130030,130001,Manaus,AM
1300409,130040,130002,São Gabriel da Cachoeira,AM
1300508,130050,130010,Parintins,AM
1300607,130060,130006,Tabatinga,AM
1300631,130063,130003,Coari,AM
1300680,130068,130010,Parintins,AM
1300706,130070,130008,Lábrea,AM
1300805,130080,130001,Manaus,AM
1300839,130083,130004,Manacapuru,AM
1300904,130090,130008,Lábrea,AM
1301001,130100,130005,Tefé,AM
1301100,130110,130001,Manaus,AM
1301159,130115,130001,Manaus,AM
1301209,130120,130003,Coari,AM
1301308,130130,130003,Coari,AM
1301407,130140,130007,Eirunepé,AM
1301506,130150,130007,Eirunepé,AM
1301605,130160,130005,Tefé,AM
1301654,130165,130007,Eirunepé,AM
1301704,130170,130009,Manicoré,AM
1301803,130180,130007,Eirunepé,AM
1301852,130185,130001,Manaus,AM
1301902,130190,130011,Itacoatiara,AM
1301951,130195,130007,Eirunepé,AM
1302009,130200,130011,Itacoatiara,AM
1302108,130210,130005,Tefé,AM
1302207,130220,130005,Tefé,AM
1302306,130230,130005,Tefé,AM
1302405,130240,130008,Lábrea,AM
1302504,130250,130004,Manacapuru,AM
1302553,130255,130001,Manaus,AM
1302603,130260,130001,Manaus,AM
1302702,130270,130009,Manicoré,AM
1302801,130280,130005,Tefé,AM
1302900,130290,130010,Parintins,AM
1303007,130300,130010,Parintins,AM
1303106,130310,130001,Manaus,AM
1303205,130320,130004,Manacapuru,AM
1303304,130330,130009,Manicoré,AM
1303403,130340,130010,Parintins,AM
1303502,130350,130008,Lábrea,AM
1303536,130353,130001,Manaus,AM
1303569,130356,130001,Manaus,AM
1303601,130360,130002,São Gabriel da Cachoeira,AM
1303700,130370,130006,Tabatinga,AM
1303809,130380,130002,São Gabriel da Cachoeira,AM
1303908,130390,130006,Tabatinga,AM
1303957,130395,130011,Itacoatiara,AM
1304005,130400,130011,Itacoatiara,AM
1304062,130406,130006,Tabatinga,AM
1304104,130410,130008,Lábrea,AM
1304203,130420,130005,Tefé,AM
1304237,130423,130006,Tabatinga,AM
1304260,130426,130005,Tefé,AM
1304302,130430,130011,Itacoatiara,AM
1304401,130440,130011,Itacoatiara,AM
1400027,140002,140002,Pacaraima,RR
1400050,140005,140001,Boa Vista,RR
1400100,140010,140001,Boa Vista,RR
1400159,140015,140001,Boa Vista,RR
1400175,140017,140001,Boa Vista,RR
1400209,140020,140004,Caracaraí,RR
1400233,140023,140003,Rorainópolis,RR
1400282,140028,140004,Caracaraí,RR
1400308,140030,140001,Boa Vista,RR
1400407,140040,140002,Pacaraima,RR
1400456,140045,140002,Pacaraima,RR
1400472,140047,140003,Rorainópolis,RR
1400506,140050,140003,Rorainópolis,RR
1400605,140060,140003,Rorainópolis,RR
1400704,140070,140002,Pacaraima,RR
1500107,150010,150003,Abaetetuba,PA
1500131,150013,150009,Marabá,PA
1500206,150020,150001,Belém,PA
1500305,150030,150020,Breves,PA
1500347,150034,150014,Xinguara,PA
1500404,150040,150015,Santarém,PA
1500503,150050,150019,Almeirim - Porto de Moz,PA
1500602,150060,150018,Altamira,PA
1500701,150070,150020,Breves,PA
1500800,150080,150001,Belém,PA
1500859,150085,150018,Altamira,PA
1500909,150090,150005,Bragança,PA
1500958,150095,150007,Paragominas,PA
1501006,150100,150016,Itaituba,PA
1501105,150110,150020,Breves,PA
1501204,150120,150011,Tucuruí,PA
1501253,150125,150012,Redenção,PA
1501303,150130,150001,Belém,PA
1501402,150140,150001,Belém,PA
1501451,150145,150015,Santarém,PA
1501501,150150,150001,Belém,PA
1501576,150157,150009,Marabá,PA
1501600,150160,150006,Capanema,PA
1501709,150170,150005,Bragança,PA
1501725,150172,150018,Altamira,PA
1501758,150175,150009,Marabá,PA
1501782,150178,150011,Tucuruí,PA
1501808,150180,150020,Breves,PA
1501907,150190,150001,Belém,PA
1501956,150195,150005,Bragança,PA
1502004,150200,150021,Soure-Salvaterra,PA
1502103,150210,150002,Cametá,PA
1502152,150215,150010,Parauapebas,PA
1502202,150220,150006,Capanema,PA
1502301,150230,150008,Capitão Poço,PA
1502400,150240,150004,Castanhal,PA
1502509,150250,150020,Breves,PA
1502608,150260,150001,Belém,PA
1502707,150270,150012,Redenção,PA
1502756,150275,150001,Belém,PA
1502764,150276,150012,Redenção,PA
1502772,150277,150010,Parauapebas,PA
1502806,150280,150020,Breves,PA
1502855,150285,150017,Oriximiná,PA
1502905,150290,150004,Castanhal,PA
1502939,150293,150007,Paragominas,PA
1502954,150295,150010,Parauapebas,PA
1503002,150300,150017,Oriximiná,PA
1503044,150304,150012,Redenção,PA
1503077,150307,150008,Capitão Poço,PA
1503093,150309,150011,Tucuruí,PA
1503101,150310,150020,Breves,PA
1503200,150320,150004,Castanhal,PA
1503309,150330,150003,Abaetetuba,PA
1503408,150340,150004,Castanhal,PA
1503457,150345,150007,Paragominas,PA
1503507,150350,150004,Castanhal,PA
1503606,150360,150016,Itaituba,PA
1503705,150370,150009,Marabá,PA
1503754,150375,150016,Itaituba,PA
1503804,150380,150009,Marabá,PA
1503903,150390,150017,Oriximiná,PA
1504000,150400,150002,Cametá,PA
1504059,150405,150007,Paragominas,PA
1504109,150410,150004,Castanhal,PA
1504208,150420,150009,Marabá,PA
1504307,150430,150004,Castanhal,PA
1504406,150440,150004,Castanhal,PA
1504422,150442,150001,Belém,PA
1504455,150445,150018,Altamira,PA
1504505,150450,150020,Breves,PA
1504604,150460,150002,Cametá,PA
1504703,150470,150003,Abaetetuba,PA
1504752,150475,150015,Santarém,PA
1504802,150480,150015,Santarém,PA
1504901,150490,150021,Soure-Salvaterra,PA
1504950,150495,150008,Capitão Poço,PA
1504976,150497,150009,Marabá,PA
1505007,150500,150006,Capanema,PA
1505031,150503,150016,Itaituba,PA
1505064,150506,150011,Tucuruí,PA
1505106,150510,150017,Oriximiná,PA
1505205,150520,150002,Cametá,PA
1505304,150530,150017,Oriximiná,PA
1505403,150540,150008,Capitão Poço,PA
1505437,150543,150013,Tucumã - São Félix do Xingu,PA
1505486,150548,150011,Tucuruí,PA
1505494,150549,150009,Marabá,PA
1505502,150550,150007,Paragominas,PA
1505536,150553,150010,Parauapebas,PA
1505551,150555,150012,Redenção,PA
1505601,150560,150006,Capanema,PA
1505635,150563,150009,Marabá,PA
1505650,150565,150016,Itaituba,PA
1505700,150570,150021,Soure-Salvaterra,PA
1505809,150580,150020,Breves,PA
1505908,150590,150019,Almeirim - Porto de Moz,PA
1506005,150600,150015,Santarém,PA
1506104,150610,150006,Capanema,PA
1506112,150611,150006,Capanema,PA
1506138,150613,150012,Redenção,PA
1506161,150616,150014,Xinguara,PA
1506187,150618,150009,Marabá,PA
1506195,150619,150016,Itaituba,PA
1506203,150620,150006,Capanema,PA
1506302,150630,150021,Soure-Salvaterra,PA
1506351,150635,150001,Belém,PA
1506401,150640,150021,Soure-Salvaterra,PA
1506500,150650,150001,Belém,PA
1506559,150655,150005,Bragança,PA
1506583,150658,150012,Redenção,PA
1506609,150660,150004,Castanhal,PA
1506708,150670,150012,Redenção,PA
1506807,150680,150015,Santarém,PA
1506906,150690,150006,Capanema,PA
1507003,150700,150001,Belém,PA
1507102,150710,150001,Belém,PA
1507151,150715,150009,Marabá,PA
1507201,150720,150004,Castanhal,PA
1507300,150730,150013,Tucumã - São Félix do Xingu,PA
1507409,150740,150004,Castanhal,PA
1507458,150745,150009,Marabá,PA
1507466,150746,150004,Castanhal,PA
1507474,150747,150006,Capanema,PA
1507508,150750,150009,Marabá,PA
1507607,150760,150004,Castanhal,PA
1507706,150770,150020,Breves,PA
1507755,150775,150014,Xinguara,PA
1507805,150780,150018,Altamira,PA
1507904,150790,150021,Soure-Salvaterra,PA
1507953,150795,150003,Abaetetuba,PA
1507961,150796,150004,Castanhal,PA
1507979,150797,150017,Oriximiná,PA
1508001,150800,150001,Belém,PA
1508035,150803,150005,Bragança,PA
1508050,150805,150016,Itaituba,PA
1508084,150808,150013,Tucumã - São Félix do Xingu,PA
1508100,150810,150011,Tucuruí,PA
1508126,150812,150007,Paragominas,PA
1508159,150815,150018,Altamira,PA
1508209,150820,150001,Belém,PA
1508308,150830,150005,Bragança,PA
1508357,150835,150018,Altamira,PA
1508407,150840,150014,Xinguara,PA
1600055,160005,160004,Porto Grande,AP
1600105,160010,160003,Oiapoque,AP
1600154,160015,160004,Porto Grande,AP
1600204,160020,160003,Oiapoque,AP
1600212,160021,160003,Oiapoque,AP
1600238,160023,160004,Porto Grande,AP
1600253,160025,160001,Macapá,AP
1600279,160027,160002,Laranjal do Jari,AP
1600303,160030,160001,Macapá,AP
1600402,160040,160001,Macapá,AP
1600501,160050,160003,Oiapoque,AP
1600535,160053,160004,Porto Grande,AP
1600550,160055,160003,Oiapoque,AP
1600600,160060,160001,Macapá,AP
1600709,160070,160003,Oiapoque,AP
1600808,160080,160002,Laranjal do Jari,AP
1700251,170025,170003,Paraíso do Tocantins,TO
1700301,170030,170008,Tocantinópolis,TO
1700350,170035,170010,Gurupi,TO
1700400,170040,170011,Dianópolis,TO
1700707,170070,170010,Gurupi,TO
1701002,170100,170005,Araguaína,TO
1701051,170105,170005,Araguaína,TO
1701101,170110,170001,Palmas,TO
1701309,170130,170005,Araguaína,TO
1701903,170190,170003,Paraíso do Tocantins,TO
1702000,170200,170010,Gurupi,TO
1702109,170210,170005,Araguaína,TO
1702158,170215,170005,Araguaína,TO
1702208,170220,170009,Araguatins,TO
1702307,170230,170005,Araguaína,TO
1702406,170240,170011,Dianópolis,TO
1702554,170255,170009,Araguatins,TO
1702703,170270,170011,Dianópolis,TO
1702901,170290,170009,Araguatins,TO
1703008,170300,170005,Araguaína,TO
1703057,170305,170007,Colinas do Tocantins,TO
1703073,170307,170005,Araguaína,TO
1703107,170310,170003,Paraíso do Tocantins,TO
1703206,170320,170007,Colinas do Tocantins,TO
1703305,170330,170006,Guaraí,TO
1703602,170360,170007,Colinas do Tocantins,TO
1703701,170370,170002,Porto Nacional,TO
1703800,170380,170009,Araguatins,TO
1703826,170382,170008,Tocantinópolis,TO
1703842,170384,170005,Araguaína,TO
1703867,170386,170010,Gurupi,TO
1703883,170388,170005,Araguaína,TO
1703891,170389,170009,Araguatins,TO
1703909,170390,170003,Paraíso do Tocantins,TO
1704105,170410,170006,Guaraí,TO
1704600,170460,170003,Paraíso do Tocantins,TO
1705102,170510,170002,Porto Nacional,TO
1705508,170550,170007,Colinas do Tocantins,TO
1705557,170555,170011,Dianópolis,TO
1705607,170560,170011,Dianópolis,TO
1706001,170600,170006,Guaraí,TO
1706100,170610,170003,Paraíso do Tocantins,TO
1706258,170625,170010,Gurupi,TO
1706506,170650,170005,Araguaína,TO
1707009,170700,170011,Dianópolis,TO
1707108,170710,170003,Paraíso do Tocantins,TO
1707207,170720,170004,Miracema do Tocantins,TO
1707306,170730,170010,Gurupi,TO
1707405,170740,170009,Araguatins,TO
1707553,170755,170002,Porto Nacional,TO
1707652,170765,170010,Gurupi,TO
1707702,170770,170005,Araguaína,TO
1708205,170820,170010,Gurupi,TO
1708254,170825,170006,Guaraí,TO
1708304,170830,170006,Guaraí,TO
1709005,170900,170005,Araguaína,TO
1709302,170930,170006,Guaraí,TO
1709500,170950,170010,Gurupi,TO
1709807,170980,170002,Porto Nacional,TO
1710508,171050,170007,Colinas do Tocantins,TO
1710706,171070,170009,Araguatins,TO
1710904,171090,170007,Colinas do Tocantins,TO
1711100,171110,170006,Guaraí,TO
1711506,171150,170010,Gurupi,TO
1711803,171180,170007,Colinas do Tocantins,TO
1711902,171190,170003,Paraíso do Tocantins,TO
1711951,171195,170001,Palmas,TO
1712009,171200,170001,Palmas,TO
1712157,171215,170011,Dianópolis,TO
1712405,171240,170001,Palmas,TO
1712454,171245,170008,Tocantinópolis,TO
1712504,171250,170003,Paraíso do Tocantins,TO
1712702,171270,170001,Palmas,TO
1712801,171280,170008,Tocantinópolis,TO
1713205,171320,170004,Miracema do Tocantins,TO
1713304,171330,170004,Miracema do Tocantins,TO
1713601,171360,170002,Porto Nacional,TO
1713700,171370,170003,Paraíso do Tocantins,TO
1713809,171380,170008,Tocantinópolis,TO
1713957,171395,170005,Araguaína,TO
1714203,171420,170002,Porto Nacional,TO
1714302,171430,170008,Tocantinópolis,TO
1714880,171488,170005,Araguaína,TO
1715002,171500,170003,Paraíso do Tocantins,TO
1715101,171510,170001,Palmas,TO
1715150,171515,170011,Dianópolis,TO
1715259,171525,170011,Dianópolis,TO
1715507,171550,170002,Porto Nacional,TO
1715705,171570,170007,Colinas do Tocantins,TO
1715754,171575,170010,Gurupi,TO
1716109,171610,170003,Paraíso do Tocantins,TO
1716208,171620,170010,Gurupi,TO
1716307,171630,170005,Araguaína,TO
1716505,171650,170006,Guaraí,TO
1716604,171660,170010,Gurupi,TO
1716653,171665,170006,Guaraí,TO
1716703,171670,170006,Guaraí,TO
1717008,171700,170002,Porto Nacional,TO
1717206,171720,170005,Araguaína,TO
1717503,171750,170003,Paraíso do Tocantins,TO
1717800,171780,170011,Dianópolis,TO
1717909,171790,170002,Porto Nacional,TO
1718006,171800,170011,Dianópolis,TO
1718204,171820,170002,Porto Nacional,TO
1718303,171830,170009,Araguatins,TO
1718402,171840,170006,Guaraí,TO
1718451,171845,170003,Paraíso do Tocantins,TO
1718501,171850,170006,Guaraí,TO
1718550,171855,170005,Araguaína,TO
1718659,171865,170011,Dianópolis,TO
1718709,171870,170004,Miracema do Tocantins,TO
1718758,171875,170001,Palmas,TO
1718808,171880,170009,Araguatins,TO
1718840,171884,170010,Gurupi,TO
1718865,171886,170005,Araguaína,TO
1718881,171888,170006,Guaraí,TO
1718899,171889,170002,Porto Nacional,TO
1718907,171890,170002,Porto Nacional,TO
1719004,171900,170001,Palmas,TO
1720002,172000,170008,Tocantinópolis,TO
1720101,172010,170009,Araguatins,TO
1720150,172015,170001,Palmas,TO
1720200,172020,170009,Araguatins,TO
1720259,172025,170010,Gurupi,TO
1720309,172030,170009,Araguatins,TO
1720499,172049,170010,Gurupi,TO
1720655,172065,170002,Porto Nacional,TO
1720804,172080,170009,Araguatins,TO
1720853,172085,170010,Gurupi,TO
1720903,172090,170011,Dianópolis,TO
1720937,172093,170011,Dianópolis,TO
1720978,172097,170010,Gurupi,TO
1721000,172100,170001,Palmas,TO
1721109,172110,170004,Miracema do Tocantins,TO
1721208,172120,170008,Tocantinópolis,TO
1721257,172125,170006,Guaraí,TO
1721307,172130,170007,Colinas do Tocantins,TO
1722081,172208,170005,Araguaína,TO
1722107,172210,170005,Araguaína,TO
2100055,210005,210021,Açailândia,MA
2100105,210010,210013,Caxias,MA
2100154,210015,210007,Tutóia - Araioses,MA
2100204,210020,210001,São Luís,MA
2100303,210030,210013,Caxias,MA
2100402,210040,210010,Bacabal,MA
2100436,210043,210010,Bacabal,MA
2100477,210047,210009,Santa Inês,MA
2100501,210050,210022,Balsas,MA
2100550,210055,210011,Governador Nunes Freire,MA
2100600,210060,210019,Imperatriz,MA
2100709,210070,210004,Itapecuru Mirim,MA
2100808,210080,210003,Chapadinha,MA
2100832,210083,210008,Cururupu,MA
2100873,210087,210009,Santa Inês,MA
2100907,210090,210007,Tutóia - Araioses,MA
2100956,210095,210020,Barra do Corda,MA
2101004,210100,210005,Viana,MA
2101103,210110,210001,São Luís,MA
2101202,210120,210010,Bacabal,MA
2101251,210125,210001,São Luís,MA
2101301,210130,210008,Cururupu,MA
2101350,210135,210002,Pinheiro,MA
2101400,210140,210022,Balsas,MA
2101509,210150,210017,São João dos Patos,MA
2101608,210160,210020,Barra do Corda,MA
2101707,210170,210006,Barreirinhas,MA
2101731,210173,210003,Chapadinha,MA
2101772,210177,210009,Santa Inês,MA
2101806,210180,210017,São João dos Patos,MA
2101905,210190,210002,Pinheiro,MA
2101939,210193,210012,Pedreiras,MA
2101970,210197,210011,Governador Nunes Freire,MA
2102002,210200,210009,Santa Inês,MA
2102036,210203,210021,Açailândia,MA
2102077,210207,210010,Bacabal,MA
2102101,210210,210003,Chapadinha,MA
2102150,210215,210010,Bacabal,MA
2102200,210220,210003,Chapadinha,MA
2102309,210230,210014,Timon,MA
2102325,210232,210021,Açailândia,MA
2102358,210235,210019,Imperatriz,MA
2102374,210237,210001,São Luís,MA
2102408,210240,210005,Viana,MA
2102507,210250,210005,Viana,MA
2102556,210255,210019,Imperatriz,MA
2102606,210260,210011,Governador Nunes Freire,MA
2102705,210270,210004,Itapecuru Mirim,MA
2102754,210275,210012,Pedreiras,MA
2102804,210280,210022,Balsas,MA
2102903,210290,210011,Governador Nunes Freire,MA
2103000,210300,210013,Caxias,MA
2103109,210310,210008,Cururupu,MA
2103125,210312,210008,Cururupu,MA
2103158,210315,210011,Governador Nunes Freire,MA
2103174,210317,210011,Governador Nunes Freire,MA
2103208,210320,210003,Chapadinha,MA
2103257,210325,210019,Imperatriz,MA
2103307,210330,210015,Codó,MA
2103406,210340,210013,Caxias,MA
2103505,210350,210018,Colinas,MA
2103554,210355,210010,Bacabal,MA
2103604,210360,210015,Codó,MA
2103703,210370,210008,Cururupu,MA
2103752,210375,210019,Imperatriz,MA
2103802,210380,210016,Presidente Dutra,MA
2103901,210390,210013,Caxias,MA
2104008,210400,210012,Pedreiras,MA
2104057,210405,210019,Imperatriz,MA
2104073,210407,210022,Balsas,MA
2104081,210408,210020,Barra do Corda,MA
2104099,210409,210020,Barra do Corda,MA
2104107,210410,210022,Balsas,MA
2104206,210420,210016,Presidente Dutra,MA
2104305,210430,210011,Governador Nunes Freire,MA
2104404,210440,210016,Presidente Dutra,MA
2104503,210450,210016,Presidente Dutra,MA
2104552,210455,210019,Imperatriz,MA
2104602,210460,210016,Presidente Dutra,MA
2104628,210462,210016,Presidente Dutra,MA
2104651,210465,210009,Santa Inês,MA
2104677,210467,210011,Governador Nunes Freire,MA
2104701,210470,210016,Presidente Dutra,MA
2104800,210480,210020,Barra do Corda,MA
2104909,210490,210008,Cururupu,MA
2105005,210500,210006,Barreirinhas,MA
2105104,210510,210001,São Luís,MA
2105153,210515,210009,Santa Inês,MA
2105203,210520,210012,Pedreiras,MA
2105302,210530,210019,Imperatriz,MA
2105351,210535,210020,Barra do Corda,MA
2105401,210540,210004,Itapecuru Mirim,MA
2105427,210542,210021,Açailândia,MA
2105450,210545,210018,Colinas,MA
2105476,210547,210020,Barra do Corda,MA
2105500,210550,210019,Imperatriz,MA
2105609,210560,210012,Pedreiras,MA
2105658,210565,210011,Governador Nunes Freire,MA
2105708,210570,210010,Bacabal,MA
2105807,210580,210012,Pedreiras,MA
2105906,210590,210010,Bacabal,MA
2105922,210592,210017,São João dos Patos,MA
2105948,210594,210012,Pedreiras,MA
2105963,210596,210010,Bacabal,MA
2105989,210598,210019,Imperatriz,MA
2106003,210600,210012,Pedreiras,MA
2106102,210610,210022,Balsas,MA
2106201,210620,210011,Governador Nunes Freire,MA
2106300,210630,210007,Tutóia - Araioses,MA
2106326,210632,210011,Governador Nunes Freire,MA
2106359,210635,210010,Bacabal,MA
2106375,210637,210011,Governador Nunes Freire,MA
2106409,210640,210003,Chapadinha,MA
2106508,210650,210005,Viana,MA
2106607,210660,210014,Timon,MA
2106631,210663,210004,Itapecuru Mirim,MA
2106672,210667,210003,Chapadinha,MA
2106706,210670,210018,Colinas,MA
2106755,210675,210004,Itapecuru Mirim,MA
2106805,210680,210008,Cururupu,MA
2106904,210690,210009,Santa Inês,MA
2107001,210700,210019,Imperatriz,MA
2107100,210710,210001,São Luís,MA
2107209,210720,210004,Itapecuru Mirim,MA
2107258,210725,210022,Balsas,MA
2107308,210730,210017,São João dos Patos,MA
2107357,210735,210009,Santa Inês,MA
2107407,210740,210010,Bacabal,MA
2107456,210745,210005,Viana,MA
2107506,210750,210001,São Luís,MA
2107605,210760,210002,Pinheiro,MA
2107704,210770,210017,São João dos Patos,MA
2107803,210780,210014,Timon,MA
2107902,210790,210017,São João dos Patos,MA
2108009,210800,210017,São João dos Patos,MA
2108058,210805,210007,Tutóia - Araioses,MA
2108108,210810,210010,Bacabal,MA
2108207,210820,210012,Pedreiras,MA
2108256,210825,210002,Pinheiro,MA
2108306,210830,210005,Viana,MA
2108405,210840,210002,Pinheiro,MA
2108454,210845,210015,Codó,MA
2108504,210850,210009,Santa Inês,MA
2108603,210860,210002,Pinheiro,MA
2108702,210870,210009,Santa Inês,MA
2108801,210880,210004,Itapecuru Mirim,MA
2108900,210890,210012,Pedreiras,MA
2109007,210900,210019,Imperatriz,MA
2109056,210905,210008,Cururupu,MA
2109106,210910,210016,Presidente Dutra,MA
2109205,210920,210001,São Luís,MA
2109239,210923,210011,Governador Nunes Freire,MA
2109270,210927,210002,Pinheiro,MA
2109304,210930,210004,Itapecuru Mirim,MA
2109403,210940,210006,Barreirinhas,MA
2109452,210945,210001,São Luís,MA
2109502,210950,210022,Balsas,MA
2109551,210955,210019,Imperatriz,MA
2109601,210960,210001,São Luís,MA
2109700,210970,210022,Balsas,MA
2109759,210975,210016,Presidente Dutra,MA
2109809,210980,210002,Pinheiro,MA
2109908,210990,210009,Santa Inês,MA
2110005,211000,210009,Santa Inês,MA
2110039,211003,210011,Governador Nunes Freire,MA
2110104,211010,210003,Chapadinha,MA
2110203,211020,210001,São Luís,MA
2110237,211023,210007,Tutóia - Araioses,MA
2110278,211027,210006,Barreirinhas,MA
2110302,211030,210012,Pedreiras,MA
2110401,211040,210003,Chapadinha,MA
2110500,211050,210002,Pinheiro,MA
2110609,211060,210007,Tutóia - Araioses,MA
2110658,211065,210017,São João dos Patos,MA
2110708,211070,210016,Presidente Dutra,MA
2110807,211080,210022,Balsas,MA
2110856,211085,210021,Açailândia,MA
2110906,211090,210017,São João dos Patos,MA
2111003,211100,210005,Viana,MA
2111029,211102,210009,Santa Inês,MA
2111052,211105,210019,Imperatriz,MA
2111078,211107,210013,Caxias,MA
2111102,211110,210017,São João dos Patos,MA
2111201,211120,210001,São Luís,MA
2111250,211125,210016,Presidente Dutra,MA
2111300,211130,210001,São Luís,MA
2111409,211140,210010,Bacabal,MA
2111508,211150,210010,Bacabal,MA
2111532,211153,210019,Imperatriz,MA
2111573,211157,210020,Barra do Corda,MA
2111607,211160,210022,Balsas,MA
2111631,211163,210012,Pedreiras,MA
2111672,211167,210012,Pedreiras,MA
2111706,211170,210005,Viana,MA
2111722,211172,210010,Bacabal,MA
2111748,211174,210016,Presidente Dutra,MA
2111763,211176,210019,Imperatriz,MA
2111789,211178,210008,Cururupu,MA
2111805,211180,210020,Barra do Corda,MA
2111904,211190,210018,Colinas,MA
2111953,211195,210017,São João dos Patos,MA
2112001,211200,210022,Balsas,MA
2112100,211210,210015,Codó,MA
2112209,211220,210014,Timon,MA
2112233,211223,210012,Pedreiras,MA
2112274,211227,210009,Santa Inês,MA
2112308,211230,210016,Presidente Dutra,MA
2112407,211240,210002,Pinheiro,MA
2112456,211245,210002,Pinheiro,MA
2112506,211250,210007,Tutóia - Araioses,MA
2112605,211260,210003,Chapadinha,MA
2112704,211270,210004,Itapecuru Mirim,MA
2112803,211280,210005,Viana,MA
2112852,211285,210019,Imperatriz,MA
2112902,211290,210005,Viana,MA
2113009,211300,210010,Bacabal,MA
2114007,211400,210009,Santa Inês,MA
2200053,220005,220010,Paulistana,PI
2200103,220010,220002,Amarante - Água Branca - Regeneração,PI
2200202,220020,220002,Amarante - Água Branca - Regeneração,PI
2200251,220025,220009,Picos,PI
2200277,220027,220009,Picos,PI
2200301,220030,220001,Teresina,PI
2200400,220040,220001,Teresina,PI
2200459,220045,220016,Bom Jesus,PI
2200509,220050,220002,Amarante - Água Branca - Regeneração,PI
2200608,220060,220002,Amarante - Água Branca - Regeneração,PI
2200707,220070,220013,São Raimundo Nonato,PI
2200806,220080,220018,Uruçuí,PI
2200905,220090,220004,Valença do Piauí,PI
2200954,220095,220009,Picos,PI
2201002,220100,220017,Floriano,PI
2201051,220105,220003,Campo Maior,PI
2201101,220110,220015,Corrente,PI
2201150,220115,220018,Uruçuí,PI
2201176,220117,220004,Valença do Piauí,PI
2201200,220120,220005,Barras,PI
2201309,220130,220015,Corrente,PI
2201408,220140,220002,Amarante - Água Branca - Regeneração,PI
2201507,220150,220008,Esperantina,PI
2201556,220155,220012,Simplício Mendes,PI
2201572,220157,220009,Picos,PI
2201606,220160,220001,Teresina,PI
2201705,220170,220018,Uruçuí,PI
2201739,220173,220010,Paulistana,PI
2201770,220177,220005,Barras,PI
2201804,220180,220009,Picos,PI
2201903,220190,220016,Bom Jesus,PI
2201919,220191,220006,Parnaíba,PI
2201929,220192,220013,São Raimundo Nonato,PI
2201945,220194,220003,Campo Maior,PI
2201960,220196,220007,Piripiri,PI
2201988,220198,220019,Canto do Buriti,PI
2202000,220200,220006,Parnaíba,PI
2202026,220202,220003,Campo Maior,PI
2202059,220205,220005,Barras,PI
2202075,220207,220011,Oeiras,PI
2202083,220208,220006,Parnaíba,PI
2202091,220209,220009,Picos,PI
2202109,220210,220012,Simplício Mendes,PI
2202117,220211,220014,São João do Piauí,PI
2202133,220213,220009,Picos,PI
2202174,220217,220005,Barras,PI
2202208,220220,220003,Campo Maior,PI
2202251,220225,220017,Floriano,PI
2202307,220230,220019,Canto do Buriti,PI
2202406,220240,220007,Piripiri,PI
2202455,220245,220014,São João do Piauí,PI
2202505,220250,220013,São Raimundo Nonato,PI
2202539,220253,220006,Parnaíba,PI
2202554,220255,220010,Paulistana,PI
2202604,220260,220003,Campo Maior,PI
2202653,220265,220006,Parnaíba,PI
2202703,220270,220006,Parnaíba,PI
2202711,220271,220003,Campo Maior,PI
2202729,220272,220006,Parnaíba,PI
2202737,220273,220001,Teresina,PI
2202752,220275,220016,Bom Jesus,PI
2202778,220277,220011,Oeiras,PI
2202802,220280,220012,Simplício Mendes,PI
2202851,220285,220013,São Raimundo Nonato,PI
2202901,220290,220015,Corrente,PI
2203008,220300,220015,Corrente,PI
2203107,220310,220016,Bom Jesus,PI
2203206,220320,220015,Corrente,PI
2203230,220323,220016,Bom Jesus,PI
2203255,220325,220001,Teresina,PI
2203271,220327,220010,Paulistana,PI
2203305,220330,220001,Teresina,PI
2203354,220335,220013,São Raimundo Nonato,PI
2203404,220340,220009,Picos,PI
2203420,220342,220007,Piripiri,PI
2203453,220345,220013,São Raimundo Nonato,PI
2203503,220350,220002,Amarante - Água Branca - Regeneração,PI
2203602,220360,220019,Canto do Buriti,PI
2203701,220370,220008,Esperantina,PI
2203750,220375,220013,São Raimundo Nonato,PI
2203800,220380,220019,Canto do Buriti,PI
2203859,220385,220011,Oeiras,PI
2203909,220390,220017,Floriano,PI
2204006,220400,220002,Amarante - Água Branca - Regeneração,PI
2204105,220410,220017,Floriano,PI
2204154,220415,220009,Picos,PI
2204204,220420,220009,Picos,PI
2204303,220430,220009,Picos,PI
2204352,220435,220009,Picos,PI
2204402,220440,220015,Corrente,PI
2204501,220450,220017,Floriano,PI
2204550,220455,220013,São Raimundo Nonato,PI
2204600,220460,220002,Amarante - Água Branca - Regeneração,PI
2204659,220465,220006,Parnaíba,PI
2204709,220470,220004,Valença do Piauí,PI
2204808,220480,220004,Valença do Piauí,PI
2204907,220490,220009,Picos,PI
2205003,220500,220009,Picos,PI
2205102,220510,220017,Floriano,PI
2205151,220515,220010,Paulistana,PI
2205201,220520,220009,Picos,PI
2205250,220525,220002,Amarante - Água Branca - Regeneração,PI
2205276,220527,220003,Campo Maior,PI
2205300,220530,220017,Floriano,PI
2205359,220535,220014,São João do Piauí,PI
2205409,220540,220008,Esperantina,PI
2205458,220545,220008,Esperantina,PI
2205508,220550,220001,Teresina,PI
2205516,220551,220003,Campo Maior,PI
2205524,220552,220015,Corrente,PI
2205532,220553,220013,São Raimundo Nonato,PI
2205540,220554,220002,Amarante - Água Branca - Regeneração,PI
2205557,220555,220001,Teresina,PI
2205565,220556,220014,São João do Piauí,PI
2205573,220557,220007,Piripiri,PI
2205581,220558,220001,Teresina,PI
2205599,220559,220004,Valença do Piauí,PI
2205607,220560,220017,Floriano,PI
2205706,220570,220006,Parnaíba,PI
2205805,220580,220008,Esperantina,PI
2205854,220585,220008,Esperantina,PI
2205904,220590,220018,Uruçuí,PI
2205953,220595,220009,Picos,PI
2206001,220600,220017,Floriano,PI
2206050,220605,220009,Picos,PI
2206100,220610,220008,Esperantina,PI
2206209,220620,220001,Teresina,PI
2206308,220630,220002,Amarante - Água Branca - Regeneração,PI
2206357,220635,220007,Piripiri,PI
2206407,220640,220001,Teresina,PI
2206506,220650,220009,Picos,PI
2206605,220660,220015,Corrente,PI
2206654,220665,220015,Corrente,PI
2206670,220667,220008,Esperantina,PI
2206696,220669,220006,Parnaíba,PI
2206704,220670,220017,Floriano,PI
2206720,220672,220001,Teresina,PI
2206753,220675,220003,Campo Maior,PI
2206803,220680,220005,Barras,PI
2206902,220690,220004,Valença do Piauí,PI
2206951,220695,220001,Teresina,PI
2207009,220700,220011,Oeiras,PI
2207108,220710,220002,Amarante - Água Branca - Regeneração,PI
2207207,220720,220009,Picos,PI
2207306,220730,220012,Simplício Mendes,PI
2207355,220735,220019,Canto do Buriti,PI
2207405,220740,220016,Bom Jesus,PI
2207504,220750,220002,Amarante - Água Branca - Regeneração,PI
2207553,220755,220009,Picos,PI
2207603,220760,220015,Corrente,PI
2207702,220770,220006,Parnaíba,PI
2207751,220775,220002,Amarante - Água Branca - Regeneração,PI
2207777,220777,220010,Paulistana,PI
2207793,220779,220001,Teresina,PI
2207801,220780,220010,Paulistana,PI
2207850,220785,220019,Canto do Buriti,PI
2207900,220790,220007,Piripiri,PI
2207934,220793,220014,São João do Piauí,PI
2207959,220795,220014,São João do Piauí,PI
2208007,220800,220009,Picos,PI
2208106,220810,220004,Valença do Piauí,PI
2208205,220820,220009,Picos,PI
2208304,220830,220007,Piripiri,PI
2208403,220840,220007,Piripiri,PI
2208502,220850,220005,Barras,PI
2208551,220855,220017,Floriano,PI
2208601,220860,220002,Amarante - Água Branca - Regeneração,PI
2208650,220865,220010,Paulistana,PI
2208700,220870,220016,Bom Jesus,PI
2208809,220880,220002,Amarante - Água Branca - Regeneração,PI
2208858,220885,220015,Corrente,PI
2208874,220887,220014,São João do Piauí,PI
2208908,220890,220018,Uruçuí,PI
2209005,220900,220019,Canto do Buriti,PI
2209104,220910,220009,Picos,PI
2209153,220915,220004,Valença do Piauí,PI
2209203,220920,220015,Corrente,PI
2209302,220930,220016,Bom Jesus,PI
2209351,220935,220009,Picos,PI
2209377,220937,220011,Oeiras,PI
2209401,220940,220009,Picos,PI
2209450,220945,220002,Amarante - Água Branca - Regeneração,PI
2209500,220950,220011,Oeiras,PI
2209559,220955,220013,São Raimundo Nonato,PI
2209609,220960,220002,Amarante - Água Branca - Regeneração,PI
2209658,220965,220012,Simplício Mendes,PI
2209708,220970,220017,Floriano,PI
2209757,220975,220015,Corrente,PI
2209807,220980,220002,Amarante - Água Branca - Regeneração,PI
2209856,220985,220009,Picos,PI
2209872,220987,220007,Piripiri,PI
2209906,220990,220003,Campo Maior,PI
2209955,220995,220011,Oeiras,PI
2209971,220997,220008,Esperantina,PI
2210003,221000,220014,São João do Piauí,PI
2210052,221005,220007,Piripiri,PI
2210102,221010,220017,Floriano,PI
2210201,221020,220009,Picos,PI
2210300,221030,220009,Picos,PI
2210359,221035,220013,São Raimundo Nonato,PI
2210375,221037,220009,Picos,PI
2210383,221038,220002,Amarante - Água Branca - Regeneração,PI
2210391,221039,220011,Oeiras,PI
2210409,221040,220003,Campo Maior,PI
2210508,221050,220002,Amarante - Água Branca - Regeneração,PI
2210607,221060,220013,São Raimundo Nonato,PI
2210623,221062,220015,Corrente,PI
2210631,221063,220018,Uruçuí,PI
2210656,221065,220003,Campo Maior,PI
2210706,221070,220010,Paulistana,PI
2210805,221080,220012,Simplício Mendes,PI
2210904,221090,220012,Simplício Mendes,PI
2210938,221093,220009,Picos,PI
2210953,221095,220019,Canto do Buriti,PI
2210979,221097,220011,Oeiras,PI
2211001,221100,220001,Teresina,PI
2211100,221110,220001,Teresina,PI
2211209,221120,220018,Uruçuí,PI
2211308,221130,220004,Valença do Piauí,PI
2211357,221135,220013,São Raimundo Nonato,PI
2211407,221140,220002,Amarante - Água Branca - Regeneração,PI
2211506,221150,220009,Picos,PI
2211605,221160,220009,Picos,PI
2211704,221170,220009,Picos,PI
2300101,230010,230012,Brejo Santo,CE
2300150,230015,230003,Redenção-Acarape,CE
2300200,230020,230017,Acaraú,CE
2300309,230030,230009,Iguatu,CE
2300408,230040,230011,Juazeiro do Norte,CE
2300507,230050,230015,Sobral,CE
2300606,230060,230011,Juazeiro do Norte,CE
2300705,230070,230007,Russas - Limoeiro do Norte,CE
2300754,230075,230002,Itapipoca,CE
2300804,230080,230011,Juazeiro do Norte,CE
2300903,230090,230005,Itapagé,CE
2301000,230100,230001,Fortaleza,CE
2301109,230110,230008,Aracati,CE
2301208,230120,230003,Redenção-Acarape,CE
2301257,230125,230013,Crateús,CE
2301307,230130,230011,Juazeiro do Norte,CE
2301406,230140,230003,Redenção-Acarape,CE
2301505,230150,230014,Tauá,CE
2301604,230160,230011,Juazeiro do Norte,CE
2301703,230170,230011,Juazeiro do Norte,CE
2301802,230180,230010,Icó,CE
2301851,230185,230006,Quixadá,CE
2301901,230190,230011,Juazeiro do Norte,CE
2301950,230195,230003,Redenção-Acarape,CE
2302008,230200,230012,Brejo Santo,CE
2302057,230205,230018,Camocim,CE
2302107,230210,230003,Redenção-Acarape,CE
2302206,230220,230001,Fortaleza,CE
2302305,230230,230017,Acaraú,CE
2302404,230240,230004,Canindé,CE
2302503,230250,230012,Brejo Santo,CE
2302602,230260,230018,Camocim,CE
2302701,230270,230011,Juazeiro do Norte,CE
2302800,230280,230004,Canindé,CE
2302909,230290,230003,Redenção-Acarape,CE
2303006,230300,230004,Canindé,CE
2303105,230310,230015,Sobral,CE
2303204,230320,230011,Juazeiro do Norte,CE
2303303,230330,230009,Iguatu,CE
2303402,230340,230016,São Benedito - Ipu - Guaraciaba do Norte - Tianguá,CE
2303501,230350,230001,Fortaleza,CE
2303600,230360,230009,Iguatu,CE
2303659,230365,230015,Sobral,CE
2303709,230370,230001,Fortaleza,CE
2303808,230380,230009,Iguatu,CE
2303907,230390,230018,Camocim,CE
2303931,230393,230006,Quixadá,CE
2303956,230395,230001,Fortaleza,CE
2304004,230400,230015,Sobral,CE
2304103,230410,230013,Crateús,CE
2304202,230420,230011,Juazeiro do Norte,CE
2304236,230423,230016,São Benedito - Ipu - Guaraciaba do Norte - Tianguá,CE
2304251,230425,230017,Acaraú,CE
2304269,230426,230006,Quixadá,CE
2304277,230427,230007,Russas - Limoeiro do Norte,CE
2304285,230428,230001,Fortaleza,CE
2304301,230430,230011,Juazeiro do Norte,CE
2304350,230435,230015,Sobral,CE
2304400,230440,230001,Fortaleza,CE
2304459,230445,230008,Aracati,CE
2304509,230450,230015,Sobral,CE
2304608,230460,230005,Itapagé,CE
2304657,230465,230015,Sobral,CE
2304707,230470,230018,Camocim,CE
2304806,230480,230011,Juazeiro do Norte,CE
2304905,230490,230015,Sobral,CE
2304954,230495,230001,Fortaleza,CE
2305001,230500,230016,São Benedito - Ipu - Guaraciaba do Norte - Tianguá,CE
2305100,230510,230003,Redenção-Acarape,CE
2305209,230520,230015,Sobral,CE
2305233,230523,230001,Fortaleza,CE
2305266,230526,230006,Quixadá,CE
2305308,230530,230016,São Benedito - Ipu - Guaraciaba do Norte - Tianguá,CE
2305332,230533,230006,Quixadá,CE
2305357,230535,230008,Aracati,CE
2305407,230540,230010,Icó,CE
2305506,230550,230009,Iguatu,CE
2305605,230560,230013,Crateús,CE
2305654,230565,230013,Crateús,CE
2305704,230570,230010,Icó,CE
2305803,230580,230016,São Benedito - Ipu - Guaraciaba do Norte - Tianguá,CE
2305902,230590,230016,São Benedito - Ipu - Guaraciaba do Norte - Tianguá,CE
2306009,230600,230007,Russas - Limoeiro do Norte,CE
2306108,230610,230005,Itapagé,CE
2306207,230620,230008,Aracati,CE
2306256,230625,230001,Fortaleza,CE
2306306,230630,230005,Itapagé,CE
2306405,230640,230002,Itapipoca,CE
2306504,230650,230003,Redenção-Acarape,CE
2306553,230655,230017,Acaraú,CE
2306603,230660,230004,Canindé,CE
2306702,230670,230007,Russas - Limoeiro do Norte,CE
2306801,230680,230007,Russas - Limoeiro do Norte,CE
2306900,230690,230007,Russas - Limoeiro do Norte,CE
2307007,230700,230008,Aracati,CE
2307106,230710,230011,Juazeiro do Norte,CE
2307205,230720,230012,Brejo Santo,CE
2307254,230725,230017,Acaraú,CE
2307304,230730,230011,Juazeiro do Norte,CE
2307403,230740,230009,Iguatu,CE
2307502,230750,230011,Juazeiro do Norte,CE
2307601,230760,230007,Russas - Limoeiro do Norte,CE
2307635,230763,230004,Canindé,CE
2307650,230765,230001,Fortaleza,CE
2307700,230770,230001,Fortaleza,CE
2307809,230780,230017,Acaraú,CE
2307908,230790,230015,Sobral,CE
2308005,230800,230015,Sobral,CE
2308104,230810,230012,Brejo Santo,CE
2308203,230820,230015,Sobral,CE
2308302,230830,230012,Brejo Santo,CE
2308351,230835,230006,Quixadá,CE
2308377,230837,230002,Itapipoca,CE
2308401,230840,230011,Juazeiro do Norte,CE
2308500,230850,230009,Iguatu,CE
2308609,230860,230013,Crateús,CE
2308708,230870,230007,Russas - Limoeiro do Norte,CE
2308807,230880,230015,Sobral,CE
2308906,230890,230015,Sobral,CE
2309003,230900,230015,Sobral,CE
2309102,230910,230003,Redenção-Acarape,CE
2309201,230920,230011,Juazeiro do Norte,CE
2309300,230930,230013,Crateús,CE
2309409,230940,230013,Crateús,CE
2309458,230945,230003,Redenção-Acarape,CE
2309508,230950,230010,Icó,CE
2309607,230960,230001,Fortaleza,CE
2309706,230970,230001,Fortaleza,CE
2309805,230980,230003,Redenção-Acarape,CE
2309904,230990,230015,Sobral,CE
2310001,231000,230007,Russas - Limoeiro do Norte,CE
2310100,231010,230001,Fortaleza,CE
2310209,231020,230001,Fortaleza,CE
2310258,231025,230001,Fortaleza,CE
2310308,231030,230014,Tauá,CE
2310407,231040,230004,Canindé,CE
2310506,231050,230006,Quixadá,CE
2310605,231060,230012,Brejo Santo,CE
2310704,231070,230005,Itapagé,CE
2310803,231080,230007,Russas - Limoeiro do Norte,CE
2310852,231085,230001,Fortaleza,CE
2310902,231090,230009,Iguatu,CE
2310951,231095,230016,São Benedito - Ipu - Guaraciaba do Norte - Tianguá,CE
2311009,231100,230013,Crateús,CE
2311108,231110,230012,Brejo Santo,CE
2311207,231120,230011,Juazeiro do Norte,CE
2311231,231123,230007,Russas - Limoeiro do Norte,CE
2311264,231126,230013,Crateús,CE
2311306,231130,230006,Quixadá,CE
2311355,231135,230009,Iguatu,CE
2311405,231140,230006,Quixadá,CE
2311504,231150,230007,Russas - Limoeiro do Norte,CE
2311603,231160,230003,Redenção-Acarape,CE
2311702,231170,230015,Sobral,CE
2311801,231180,230007,Russas - Limoeiro do Norte,CE
2311900,231190,230009,Iguatu,CE
2311959,231195,230011,Juazeiro do Norte,CE
2312007,231200,230015,Sobral,CE
2312106,231210,230011,Juazeiro do Norte,CE
2312205,231220,230015,Sobral,CE
2312304,231230,230016,São Benedito - Ipu - Guaraciaba do Norte - Tianguá,CE
2312403,231240,230001,Fortaleza,CE
2312502,231250,230007,Russas - Limoeiro do Norte,CE
2312601,231260,230001,Fortaleza,CE
2312700,231270,230006,Quixadá,CE
2312809,231280,230015,Sobral,CE
2312908,231290,230015,Sobral,CE
2313005,231300,230006,Quixadá,CE
2313104,231310,230007,Russas - Limoeiro do Norte,CE
2313203,231320,230013,Crateús,CE
2313252,231325,230011,Juazeiro do Norte,CE
2313302,231330,230014,Tauá,CE
2313351,231335,230005,Itapagé,CE
2313401,231340,230016,São Benedito - Ipu - Guaraciaba do Norte - Tianguá,CE
2313500,231350,230002,Itapipoca,CE
2313559,231355,230002,Itapipoca,CE
2313609,231360,230016,São Benedito - Ipu - Guaraciaba do Norte - Tianguá,CE
2313708,231370,230010,Icó,CE
2313757,231375,230002,Itapipoca,CE
2313807,231380,230002,Itapipoca,CE
2313906,231390,230015,Sobral,CE
2313955,231395,230015,Sobral,CE
2314003,231400,230011,Juazeiro do Norte,CE
2314102,231410,230016,São Benedito - Ipu - Guaraciaba do Norte - Tianguá,CE
2400109,240010,240008,Currais Novos,RN
2400208,240020,240011,Açu,RN
2400307,240030,240011,Açu,RN
2400406,240040,240010,Pau dos Ferros,RN
2400505,240050,240010,Pau dos Ferros,RN
2400604,240060,240010,Pau dos Ferros,RN
2400703,240070,240011,Açu,RN
2400802,240080,240011,Açu,RN
2400901,240090,240010,Pau dos Ferros,RN
2401008,240100,240009,Mossoró,RN
2401107,240110,240009,Mossoró,RN
2401206,240120,240003,Canguaretama,RN
2401305,240130,240009,Mossoró,RN
2401404,240140,240003,Canguaretama,RN
2401453,240145,240009,Mossoró,RN
2401503,240150,240006,São Paulo do Potengi,RN
2401602,240160,240001,Natal,RN
2401651,240165,240008,Currais Novos,RN
2401701,240170,240001,Natal,RN
2401800,240180,240001,Natal,RN
2401859,240185,240005,João Câmara,RN
2401909,240190,240006,São Paulo do Potengi,RN
2402006,240200,240007,Caicó,RN
2402105,240210,240004,Santa Cruz,RN
2402204,240220,240003,Canguaretama,RN
2402303,240230,240009,Mossoró,RN
2402402,240240,240008,Currais Novos,RN
2402501,240250,240011,Açu,RN
2402600,240260,240001,Natal,RN
2402709,240270,240008,Currais Novos,RN
2402808,240280,240004,Santa Cruz,RN
2402907,240290,240010,Pau dos Ferros,RN
2403004,240300,240007,Caicó,RN
2403103,240310,240008,Currais Novos,RN
2403202,240320,240010,Pau dos Ferros,RN
2403251,240325,240001,Natal,RN
2403301,240330,240010,Pau dos Ferros,RN
2403400,240340,240007,Caicó,RN
2403509,240350,240003,Canguaretama,RN
2403608,240360,240001,Natal,RN
2403707,240370,240009,Mossoró,RN
2403756,240375,240011,Açu,RN
2403806,240380,240008,Currais Novos,RN
2403905,240390,240010,Pau dos Ferros,RN
2404002,240400,240010,Pau dos Ferros,RN
2404101,240410,240005,João Câmara,RN
2404200,240420,240003,Canguaretama,RN
2404309,240430,240009,Mossoró,RN
2404408,240440,240009,Mossoró,RN
2404507,240450,240011,Açu,RN
2404606,240460,240001,Natal,RN
2404705,240470,240011,Açu,RN
2404804,240480,240007,Caicó,RN
2404853,240485,240011,Açu,RN
2404903,240490,240009,Mossoró,RN
2405009,240500,240004,Santa Cruz,RN
2405108,240510,240005,João Câmara,RN
2405207,240520,240009,Mossoró,RN
2405306,240530,240002,Santo Antônio - Passa e Fica - Nova Cruz,RN
2405405,240540,240004,Santa Cruz,RN
2405504,240550,240005,João Câmara,RN
2405603,240560,240007,Caicó,RN
2405702,240570,240007,Caicó,RN
2405801,240580,240005,João Câmara,RN
2405900,240590,240010,Pau dos Ferros,RN
2406007,240600,240010,Pau dos Ferros,RN
2406106,240610,240007,Caicó,RN
2406155,240615,240001,Natal,RN
2406205,240620,240002,Santo Antônio - Passa e Fica - Nova Cruz,RN
2406304,240630,240002,Santo Antônio - Passa e Fica - Nova Cruz,RN
2406403,240640,240006,São Paulo do Potengi,RN
2406502,240650,240008,Currais Novos,RN
2406601,240660,240001,Natal,RN
2406700,240670,240011,Açu,RN
2406809,240680,240004,Santa Cruz,RN
2406908,240690,240010,Pau dos Ferros,RN
2407005,240700,240010,Pau dos Ferros,RN
2407104,240710,240001,Natal,RN
2407203,240720,240011,Açu,RN
2407252,240725,240010,Pau dos Ferros,RN
2407302,240730,240010,Pau dos Ferros,RN
2407401,240740,240010,Pau dos Ferros,RN
2407500,240750,240001,Natal,RN
2407609,240760,240009,Mossoró,RN
2407708,240770,240003,Canguaretama,RN
2407807,240780,240001,Natal,RN
2407906,240790,240002,Santo Antônio - Passa e Fica - Nova Cruz,RN
2408003,240800,240009,Mossoró,RN
2408102,240810,240001,Natal,RN
2408201,240820,240001,Natal,RN
2408300,240830,240002,Santo Antônio - Passa e Fica - Nova Cruz,RN
2408409,240840,240010,Pau dos Ferros,RN
2408508,240850,240007,Caicó,RN
2408607,240860,240010,Pau dos Ferros,RN
2408706,240870,240011,Açu,RN
2408805,240880,240005,João Câmara,RN
2408904,240890,240007,Caicó,RN
2408953,240895,240001,Natal,RN
2409100,240910,240002,Santo Antônio - Passa e Fica - Nova Cruz,RN
2409209,240920,240002,Santo Antônio - Passa e Fica - Nova Cruz,RN
2409308,240930,240010,Pau dos Ferros,RN
2409332,240933,240006,São Paulo do Potengi,RN
2409407,240940,240010,Pau dos Ferros,RN
2409506,240950,240005,João Câmara,RN
2409605,240960,240005,João Câmara,RN
2409704,240970,240005,João Câmara,RN
2409803,240980,240003,Canguaretama,RN
2409902,240990,240011,Açu,RN
2410009,241000,240010,Pau dos Ferros,RN
2410108,241010,240001,Natal,RN
2410207,241020,240010,Pau dos Ferros,RN
2410256,241025,240011,Açu,RN
2410306,241030,240002,Santo Antônio - Passa e Fica - Nova Cruz,RN
2410405,241040,240001,Natal,RN
2410504,241050,240010,Pau dos Ferros,RN
2410603,241060,240010,Pau dos Ferros,RN
2410702,241070,240010,Pau dos Ferros,RN
2410801,241080,240010,Pau dos Ferros,RN
2410900,241090,240006,São Paulo do Potengi,RN
2411007,241100,240009,Mossoró,RN
2411056,241105,240009,Mossoró,RN
2411106,241110,240006,São Paulo do Potengi,RN
2411205,241120,240004,Santa Cruz,RN
2411403,241140,240011,Açu,RN
2411429,241142,240007,Caicó,RN
2411502,241150,240002,Santo Antônio - Passa e Fica - Nova Cruz,RN
2411601,241160,240005,João Câmara,RN
2411700,241170,240004,Santa Cruz,RN
2411809,241180,240007,Caicó,RN
2411908,241190,240010,Pau dos Ferros,RN
2412005,241200,240001,Natal,RN
2412104,241210,240007,Caicó,RN
2412203,241220,240001,Natal,RN
2412302,241230,240002,Santo Antônio - Passa e Fica - Nova Cruz,RN
2412401,241240,240007,Caicó,RN
2412500,241250,240010,Pau dos Ferros,RN
2412559,241255,240001,Natal,RN
2412609,241260,240006,São Paulo do Potengi,RN
2412708,241270,240006,São Paulo do Potengi,RN
2412807,241280,240011,Açu,RN
2412906,241290,240006,São Paulo do Potengi,RN
2413003,241300,240008,Currais Novos,RN
2413102,241310,240006,São Paulo do Potengi,RN
2413201,241320,240001,Natal,RN
2413300,241330,240002,Santo Antônio - Passa e Fica - Nova Cruz,RN
2413359,241335,240009,Mossoró,RN
2413409,241340,240007,Caicó,RN
2413508,241350,240002,Santo Antônio - Passa e Fica - Nova Cruz,RN
2413557,241355,240010,Pau dos Ferros,RN
2413607,241360,240009,Mossoró,RN
2413706,241370,240004,Santa Cruz,RN
2413805,241380,240010,Pau dos Ferros,RN
2413904,241390,240001,Natal,RN
2414001,241400,240004,Santa Cruz,RN
2414100,241410,240010,Pau dos Ferros,RN
2414159,241415,240008,Currais Novos,RN
2414209,241420,240003,Canguaretama,RN
2414308,241430,240007,Caicó,RN
2414407,241440,240001,Natal,RN
2414456,241445,240011,Açu,RN
2414506,241450,240010,Pau dos Ferros,RN
2414605,241460,240009,Mossoró,RN
2414704,241470,240002,Santo Antônio - Passa e Fica - Nova Cruz,RN
2414753,241475,240010,Pau dos Ferros,RN
2414803,241480,240001,Natal,RN
2414902,241490,240010,Pau dos Ferros,RN
2415008,241500,240003,Canguaretama,RN
2500106,250010,250009,Patos,PB
2500205,250020,250010,Itaporanga,PB
2500304,250030,250005,Campina Grande,PB
2500403,250040,250005,Campina Grande,PB
2500502,250050,250002,Guarabira,PB
2500536,250053,250005,Campina Grande,PB
2500577,250057,250005,Campina Grande,PB
2500601,250060,250001,João Pessoa,PB
2500700,250070,250015,Cajazeiras,PB
2500734,250073,250008,Sumé,PB
2500775,250077,250014,Sousa,PB
2500809,250080,250002,Guarabira,PB
2500908,250090,250002,Guarabira,PB
2501005,250100,250002,Guarabira,PB
2501104,250110,250005,Campina Grande,PB
2501153,250115,250009,Patos,PB
2501203,250120,250005,Campina Grande,PB
2501302,250130,250005,Campina Grande,PB
2501351,250135,250005,Campina Grande,PB
2501401,250140,250003,Mamanguape - Rio Tinto,PB
2501500,250150,250002,Guarabira,PB
2501534,250153,250006,Cuité - Nova Floresta,PB
2501575,250157,250005,Campina Grande,PB
2501609,250160,250006,Cuité - Nova Floresta,PB
2501708,250170,250005,Campina Grande,PB
2501807,250180,250001,João Pessoa,PB
2501906,250190,250002,Guarabira,PB
2502003,250200,250011,Catolé do Rocha - São Bento,PB
2502052,250205,250014,Sousa,PB
2502102,250210,250010,Itaporanga,PB
2502151,250215,250005,Campina Grande,PB
2502201,250220,250015,Cajazeiras,PB
2502300,250230,250011,Catolé do Rocha - São Bento,PB
2502409,250240,250015,Cajazeiras,PB
2502508,250250,250005,Campina Grande,PB
2502607,250260,250010,Itaporanga,PB
2502706,250270,250002,Guarabira,PB
2502805,250280,250011,Catolé do Rocha - São Bento,PB
2502904,250290,250011,Catolé do Rocha - São Bento,PB
2503001,250300,250001,João Pessoa,PB
2503100,250310,250005,Campina Grande,PB
2503209,250320,250001,João Pessoa,PB
2503308,250330,250015,Cajazeiras,PB
2503407,250340,250009,Patos,PB
2503506,250350,250002,Guarabira,PB
2503555,250355,250009,Patos,PB
2503605,250360,250002,Guarabira,PB
2503704,250370,250015,Cajazeiras,PB
2503753,250375,250012,Pombal,PB
2503803,250380,250001,João Pessoa,PB
2503902,250390,250007,Monteiro,PB
2504009,250400,250005,Campina Grande,PB
2504033,250403,250003,Mamanguape - Rio Tinto,PB
2504074,250407,250005,Campina Grande,PB
2504108,250410,250015,Cajazeiras,PB
2504157,250415,250002,Guarabira,PB
2504207,250420,250009,Patos,PB
2504306,250430,250011,Catolé do Rocha - São Bento,PB
2504355,250435,250005,Campina Grande,PB
2504405,250440,250010,Itaporanga,PB
2504504,250450,250012,Pombal,PB
2504603,250460,250001,João Pessoa,PB
2504702,250470,250008,Sumé,PB
2504801,250480,250009,Patos,PB
2504850,250485,250008,Sumé,PB
2504900,250490,250001,João Pessoa,PB
2505006,250500,250005,Campina Grande,PB
2505105,250510,250006,Cuité - Nova Floresta,PB
2505204,250520,250002,Guarabira,PB
2505238,250523,250001,João Pessoa,PB
2505279,250527,250003,Mamanguape - Rio Tinto,PB
2505303,250530,250010,Itaporanga,PB
2505352,250535,250006,Cuité - Nova Floresta,PB
2505402,250540,250009,Patos,PB
2505501,250550,250009,Patos,PB
2505600,250560,250010,Itaporanga,PB
2505709,250570,250002,Guarabira,PB
2505808,250580,250002,Guarabira,PB
2505907,250590,250009,Patos,PB
2506004,250600,250005,Campina Grande,PB
2506103,250610,250005,Campina Grande,PB
2506202,250620,250006,Cuité - Nova Floresta,PB
2506251,250625,250005,Campina Grande,PB
2506301,250630,250002,Guarabira,PB
2506400,250640,250001,João Pessoa,PB
2506509,250650,250005,Campina Grande,PB
2506608,250660,250010,Itaporanga,PB
2506707,250670,250009,Patos,PB
2506806,250680,250005,Campina Grande,PB
2506905,250690,250004,Itabaiana,PB
2507002,250700,250010,Itaporanga,PB
2507101,250710,250003,Mamanguape - Rio Tinto,PB
2507200,250720,250005,Campina Grande,PB
2507309,250730,250003,Mamanguape - Rio Tinto,PB
2507408,250740,250011,Catolé do Rocha - São Bento,PB
2507507,250750,250001,João Pessoa,PB
2507606,250760,250001,João Pessoa,PB
2507705,250770,250005,Campina Grande,PB
2507804,250780,250005,Campina Grande,PB
2507903,250790,250001,João Pessoa,PB
2508000,250800,250013,Princesa Isabel,PB
2508109,250810,250012,Pombal,PB
2508208,250820,250002,Guarabira,PB
2508307,250830,250005,Campina Grande,PB
2508406,250840,250014,Sousa,PB
2508505,250850,250008,Sumé,PB
2508554,250855,250002,Guarabira,PB
2508604,250860,250001,João Pessoa,PB
2508703,250870,250009,Patos,PB
2508802,250880,250009,Patos,PB
2508901,250890,250003,Mamanguape - Rio Tinto,PB
2509008,250900,250013,Princesa Isabel,PB
2509057,250905,250003,Mamanguape - Rio Tinto,PB
2509107,250910,250001,João Pessoa,PB
2509156,250915,250014,Sousa,PB
2509206,250920,250005,Campina Grande,PB
2509305,250930,250003,Mamanguape - Rio Tinto,PB
2509339,250933,250005,Campina Grande,PB
2509370,250937,250011,Catolé do Rocha - São Bento,PB
2509396,250939,250009,Patos,PB
2509404,250940,250004,Itabaiana,PB
2509503,250950,250005,Campina Grande,PB
2509602,250960,250015,Cajazeiras,PB
2509701,250970,250007,Monteiro,PB
2509800,250980,250002,Guarabira,PB
2509909,250990,250004,Itabaiana,PB
2510006,251000,250014,Sousa,PB
2510105,251010,250006,Cuité - Nova Floresta,PB
2510204,251020,250010,Itaporanga,PB
2510303,251030,250006,Cuité - Nova Floresta,PB
2510402,251040,250009,Patos,PB
2510501,251050,250005,Campina Grande,PB
2510600,251060,250007,Monteiro,PB
2510659,251065,250008,Sumé,PB
2510709,251070,250009,Patos,PB
2510808,251080,250009,Patos,PB
2510907,251090,250012,Pombal,PB
2511004,251100,250010,Itaporanga,PB
2511103,251110,250006,Cuité - Nova Floresta,PB
2511202,251120,250001,João Pessoa,PB
2511301,251130,250010,Itaporanga,PB
2511400,251140,250006,Cuité - Nova Floresta,PB
2511509,251150,250001,João Pessoa,PB
2511608,251160,250002,Guarabira,PB
2511707,251170,250002,Guarabira,PB
2511806,251180,250002,Guarabira,PB
2511905,251190,250001,João Pessoa,PB
2512002,251200,250005,Campina Grande,PB
2512036,251203,250014,Sousa,PB
2512077,251207,250015,Cajazeiras,PB
2512101,251210,250012,Pombal,PB
2512200,251220,250007,Monteiro,PB
2512309,251230,250013,Princesa Isabel,PB
2512408,251240,250005,Campina Grande,PB
2512507,251250,250005,Campina Grande,PB
2512606,251260,250009,Patos,PB
2512705,251270,250005,Campina Grande,PB
2512721,251272,250003,Mamanguape - Rio Tinto,PB
2512747,251274,250002,Guarabira,PB
2512754,251275,250005,Campina Grande,PB
2512762,251276,250001,João Pessoa,PB
2512788,251278,250005,Campina Grande,PB
2512804,251280,250011,Catolé do Rocha - São Bento,PB
2512903,251290,250003,Mamanguape - Rio Tinto,PB
2513000,251300,250009,Patos,PB
2513109,251310,250004,Itabaiana,PB
2513158,251315,250005,Campina Grande,PB
2513208,251320,250014,Sousa,PB
2513307,251330,250015,Cajazeiras,PB
2513356,251335,250010,Itaporanga,PB
2513406,251340,250009,Patos,PB
2513505,251350,250010,Itaporanga,PB
2513604,251360,250010,Itaporanga,PB
2513653,251365,250014,Sousa,PB
2513703,251370,250001,João Pessoa,PB
2513802,251380,250009,Patos,PB
2513851,251385,250005,Campina Grande,PB
2513901,251390,250011,Catolé do Rocha - São Bento,PB
2513927,251392,250012,Pombal,PB
2513943,251394,250005,Campina Grande,PB
2513968,251396,250012,Pombal,PB
2513984,251398,250014,Sousa,PB
2514008,251400,250005,Campina Grande,PB
2514107,251410,250007,Monteiro,PB
2514206,251420,250014,Sousa,PB
2514305,251430,250010,Itaporanga,PB
2514404,251440,250009,Patos,PB
2514453,251445,250004,Itabaiana,PB
2514503,251450,250015,Cajazeiras,PB
2514552,251455,250013,Princesa Isabel,PB
2514602,251460,250009,Patos,PB
2514651,251465,250011,Catolé do Rocha - São Bento,PB
2514701,251470,250009,Patos,PB
2514800,251480,250008,Sumé,PB
2514909,251490,250009,Patos,PB
2515005,251500,250001,João Pessoa,PB
2515104,251510,250005,Campina Grande,PB
2515203,251520,250007,Monteiro,PB
2515302,251530,250001,João Pessoa,PB
2515401,251540,250005,Campina Grande,PB
2515500,251550,250008,Sumé,PB
2515609,251560,250002,Guarabira,PB
2515708,251570,250015,Cajazeiras,PB
2515807,251580,250005,Campina Grande,PB
2515906,251590,250002,Guarabira,PB
2515930,251593,250002,Guarabira,PB
2515971,251597,250001,João Pessoa,PB
2516003,251600,250002,Guarabira,PB
2516102,251610,250005,Campina Grande,PB
2516151,251615,250006,Cuité - Nova Floresta,PB
2516201,251620,250014,Sousa,PB
2516300,251630,250008,Sumé,PB
2516409,251640,250002,Guarabira,PB
2516508,251650,250005,Campina Grande,PB
2516607,251660,250013,Princesa Isabel,PB
2516706,251670,250009,Patos,PB
2516755,251675,250005,Campina Grande,PB
2516805,251680,250015,Cajazeiras,PB
2516904,251690,250014,Sousa,PB
2517001,251700,250005,Campina Grande,PB
2517100,251710,250009,Patos,PB
2517209,251720,250014,Sousa,PB
2517407,251740,250007,Monteiro,PB
2600054,260005,260001,Recife,PE
2600104,260010,260014,Afogados da Ingazeira,PE
2600203,260020,260015,Petrolina,PE
2600302,260030,260009,Caruaru,PE
2600401,260040,260003,Palmares,PE
2600500,260050,260010,Garanhuns,PE
2600609,260060,260012,Belo Jardim ¿ Pesqueira,PE
2600708,260070,260002,Goiana ¿ Timbaúba,PE
2600807,260080,260009,Caruaru,PE
2600906,260090,260018,Escada - Ribeirão,PE
2601003,260100,260010,Garanhuns,PE
2601052,260105,260001,Recife,PE
2601102,260110,260016,Araripina,PE
2601201,260120,260011,Arcoverde,PE
2601300,260130,260009,Caruaru,PE
2601409,260140,260007,Barreiros - Sirinhaém,PE
2601508,260150,260003,Palmares,PE
2601607,260160,260017,Salgueiro,PE
2601706,260170,260012,Belo Jardim ¿ Pesqueira,PE
2601805,260180,260013,Serra Talhada,PE
2601904,260190,260009,Caruaru,PE
2602001,260200,260016,Araripina,PE
2602100,260210,260010,Garanhuns,PE
2602209,260220,260004,Limoeiro,PE
2602308,260230,260009,Caruaru,PE
2602407,260240,260010,Garanhuns,PE
2602506,260250,260014,Afogados da Ingazeira,PE
2602605,260260,260009,Caruaru,PE
2602704,260270,260006,Carpina,PE
2602803,260280,260011,Arcoverde,PE
2602902,260290,260001,Recife,PE
2603009,260300,260017,Salgueiro,PE
2603108,260310,260009,Caruaru,PE
2603207,260320,260010,Garanhuns,PE
2603306,260330,260010,Garanhuns,PE
2603405,260340,260013,Serra Talhada,PE
2603454,260345,260001,Recife,PE
2603504,260350,260009,Caruaru,PE
2603603,260360,260002,Goiana ¿ Timbaúba,PE
2603702,260370,260010,Garanhuns,PE
2603801,260380,260010,Garanhuns,PE
2603900,260390,260014,Afogados da Ingazeira,PE
2603926,260392,260013,Serra Talhada,PE
2604007,260400,260006,Carpina,PE
2604106,260410,260009,Caruaru,PE
2604155,260415,260008,Surubim,PE
2604205,260420,260003,Palmares,PE
2604304,260430,260017,Salgueiro,PE
2604403,260440,260005,Vitória de Santo Antão,PE
2604502,260450,260009,Caruaru,PE
2604601,260460,260002,Goiana ¿ Timbaúba,PE
2604700,260470,260010,Garanhuns,PE
2604809,260480,260018,Escada - Ribeirão,PE
2604908,260490,260009,Caruaru,PE
2605004,260500,260009,Caruaru,PE
2605103,260510,260011,Arcoverde,PE
2605152,260515,260015,Petrolina,PE
2605202,260520,260018,Escada - Ribeirão,PE
2605301,260530,260016,Araripina,PE
2605400,260540,260004,Limoeiro,PE
2605459,260545,260001,Recife,PE
2605509,260550,260002,Goiana ¿ Timbaúba,PE
2605608,260560,260013,Serra Talhada,PE
2605707,260570,260013,Serra Talhada,PE
2605806,260580,260008,Surubim,PE
2605905,260590,260003,Palmares,PE
2606002,260600,260010,Garanhuns,PE
2606101,260610,260005,Vitória de Santo Antão,PE
2606200,260620,260002,Goiana ¿ Timbaúba,PE
2606309,260630,260016,Araripina,PE
2606408,260640,260009,Caruaru,PE
2606507,260650,260010,Garanhuns,PE
2606606,260660,260011,Arcoverde,PE
2606705,260670,260009,Caruaru,PE
2606804,260680,260001,Recife,PE
2606903,260690,260014,Afogados da Ingazeira,PE
2607000,260700,260011,Arcoverde,PE
2607109,260710,260014,Afogados da Ingazeira,PE
2607208,260720,260001,Recife,PE
2607307,260730,260016,Araripina,PE
2607406,260740,260017,Salgueiro,PE
2607505,260750,260011,Arcoverde,PE
2607604,260760,260001,Recife,PE
2607653,260765,260002,Goiana ¿ Timbaúba,PE
2607703,260770,260014,Afogados da Ingazeira,PE
2607752,260775,260001,Recife,PE
2607802,260780,260002,Goiana ¿ Timbaúba,PE
2607901,260790,260001,Recife,PE
2607950,260795,260003,Palmares,PE
2608008,260800,260009,Caruaru,PE
2608057,260805,260013,Serra Talhada,PE
2608107,260810,260004,Limoeiro,PE
2608206,260820,260003,Palmares,PE
2608255,260825,260010,Garanhuns,PE
2608305,260830,260010,Garanhuns,PE
2608404,260840,260010,Garanhuns,PE
2608453,260845,260006,Carpina,PE
2608503,260850,260006,Carpina,PE
2608602,260860,260010,Garanhuns,PE
2608701,260870,260009,Caruaru,PE
2608750,260875,260015,Petrolina,PE
2608800,260880,260010,Garanhuns,PE
2608909,260890,260004,Limoeiro,PE
2609006,260900,260002,Goiana ¿ Timbaúba,PE
2609105,260910,260004,Limoeiro,PE
2609154,260915,260011,Arcoverde,PE
2609204,260920,260003,Palmares,PE
2609303,260930,260013,Serra Talhada,PE
2609402,260940,260001,Recife,PE
2609501,260950,260006,Carpina,PE
2609600,260960,260001,Recife,PE
2609709,260970,260004,Limoeiro,PE
2609808,260980,260015,Petrolina,PE
2609907,260990,260016,Araripina,PE
2610004,261000,260003,Palmares,PE
2610103,261010,260010,Garanhuns,PE
2610202,261020,260009,Caruaru,PE
2610301,261030,260010,Garanhuns,PE
2610400,261040,260017,Salgueiro,PE
2610509,261050,260004,Limoeiro,PE
2610608,261060,260001,Recife,PE
2610707,261070,260001,Recife,PE
2610806,261080,260011,Arcoverde,PE
2610905,261090,260012,Belo Jardim ¿ Pesqueira,PE
2611002,261100,260013,Serra Talhada,PE
2611101,261110,260015,Petrolina,PE
2611200,261120,260012,Belo Jardim ¿ Pesqueira,PE
2611309,261130,260005,Vitória de Santo Antão,PE
2611408,261140,260018,Escada - Ribeirão,PE
2611507,261150,260010,Garanhuns,PE
2611533,261153,260014,Afogados da Ingazeira,PE
2611606,261160,260001,Recife,PE
2611705,261170,260009,Caruaru,PE
2611804,261180,260018,Escada - Ribeirão,PE
2611903,261190,260007,Barreiros - Sirinhaém,PE
2612000,261200,260009,Caruaru,PE
2612109,261210,260004,Limoeiro,PE
2612208,261220,260017,Salgueiro,PE
2612307,261230,260010,Garanhuns,PE
2612406,261240,260012,Belo Jardim ¿ Pesqueira,PE
2612455,261245,260016,Araripina,PE
2612471,261247,260013,Serra Talhada,PE
2612505,261250,260009,Caruaru,PE
2612554,261255,260016,Araripina,PE
2612604,261260,260015,Petrolina,PE
2612703,261270,260008,Surubim,PE
2612802,261280,260014,Afogados da Ingazeira,PE
2612901,261290,260003,Palmares,PE
2613008,261300,260012,Belo Jardim ¿ Pesqueira,PE
2613107,261310,260009,Caruaru,PE
2613206,261320,260010,Garanhuns,PE
2613305,261330,260009,Caruaru,PE
2613404,261340,260007,Barreiros - Sirinhaém,PE
2613503,261350,260013,Serra Talhada,PE
2613602,261360,260014,Afogados da Ingazeira,PE
2613701,261370,260001,Recife,PE
2613800,261380,260002,Goiana ¿ Timbaúba,PE
2613909,261390,260013,Serra Talhada,PE
2614006,261400,260017,Salgueiro,PE
2614105,261410,260011,Arcoverde,PE
2614204,261420,260007,Barreiros - Sirinhaém,PE
2614303,261430,260016,Araripina,PE
2614402,261440,260014,Afogados da Ingazeira,PE
2614501,261450,260008,Surubim,PE
2614600,261460,260014,Afogados da Ingazeira,PE
2614709,261470,260012,Belo Jardim ¿ Pesqueira,PE
2614808,261480,260013,Serra Talhada,PE
2614857,261485,260007,Barreiros - Sirinhaém,PE
2615003,261500,260009,Caruaru,PE
2615102,261510,260010,Garanhuns,PE
2615201,261520,260017,Salgueiro,PE
2615300,261530,260002,Goiana ¿ Timbaúba,PE
2615409,261540,260009,Caruaru,PE
2615508,261550,260006,Carpina,PE
2615607,261560,260016,Araripina,PE
2615706,261570,260013,Serra Talhada,PE
2615805,261580,260011,Arcoverde,PE
2615904,261590,260014,Afogados da Ingazeira,PE
2616001,261600,260011,Arcoverde,PE
2616100,261610,260017,Salgueiro,PE
2616183,261618,260008,Surubim,PE
2616209,261620,260008,Surubim,PE
2616308,261630,260002,Goiana ¿ Timbaúba,PE
2616407,261640,260005,Vitória de Santo Antão,PE
2616506,261650,260003,Palmares,PE
2700102,270010,270009,Delmiro Gouveia,AL
2700201,270020,270004,São Miguel dos Campos,AL
2700300,270030,270007,Arapiraca,AL
2700409,270040,270006,Atalaia,AL
2700508,270050,270001,Maceió,AL
2700607,270060,270001,Maceió,AL
2700706,270070,270011,Pão de Açúcar - Olho d'Água das Flores ¿ Batalha,AL
2700805,270080,270008,Palmeira dos Índios,AL
2700904,270090,270011,Pão de Açúcar - Olho d'Água das Flores ¿ Batalha,AL
2701001,270100,270004,São Miguel dos Campos,AL
2701100,270110,270005,União dos Palmares,AL
2701209,270120,270008,Palmeira dos Índios,AL
2701308,270130,270006,Atalaia,AL
2701357,270135,270002,Porto Calvo - São Luís do Quitunde,AL
2701407,270140,270004,São Miguel dos Campos,AL
2701506,270150,270007,Arapiraca,AL
2701605,270160,270010,Santana do Ipanema,AL
2701704,270170,270006,Atalaia,AL
2701803,270180,270010,Santana do Ipanema,AL
2701902,270190,270006,Atalaia,AL
2702009,270200,270007,Arapiraca,AL
2702108,270210,270002,Porto Calvo - São Luís do Quitunde,AL
2702207,270220,270001,Maceió,AL
2702306,270230,270003,Penedo,AL
2702355,270235,270007,Arapiraca,AL
2702405,270240,270009,Delmiro Gouveia,AL
2702504,270250,270010,Santana do Ipanema,AL
2702553,270255,270008,Palmeira dos Índios,AL
2702603,270260,270007,Arapiraca,AL
2702702,270270,270003,Penedo,AL
2702801,270280,270001,Maceió,AL
2702900,270290,270007,Arapiraca,AL
2703007,270300,270005,União dos Palmares,AL
2703106,270310,270008,Palmeira dos Índios,AL
2703205,270320,270003,Penedo,AL
2703304,270330,270009,Delmiro Gouveia,AL
2703403,270340,270011,Pão de Açúcar - Olho d'Água das Flores ¿ Batalha,AL
2703502,270350,270002,Porto Calvo - São Luís do Quitunde,AL
2703601,270360,270002,Porto Calvo - São Luís do Quitunde,AL
2703700,270370,270007,Arapiraca,AL
2703759,270375,270004,São Miguel dos Campos,AL
2703809,270380,270001,Maceió,AL
2703908,270390,270002,Porto Calvo - São Luís do Quitunde,AL
2704005,270400,270007,Arapiraca,AL
2704104,270410,270007,Arapiraca,AL
2704203,270420,270007,Arapiraca,AL
2704302,270430,270001,Maceió,AL
2704401,270440,270008,Palmeira dos Índios,AL
2704500,270450,270002,Porto Calvo - São Luís do Quitunde,AL
2704609,270460,270010,Santana do Ipanema,AL
2704708,270470,270001,Maceió,AL
2704807,270480,270007,Arapiraca,AL
2704906,270490,270006,Atalaia,AL
2705002,270500,270009,Delmiro Gouveia,AL
2705101,270510,270002,Porto Calvo - São Luís do Quitunde,AL
2705200,270520,270001,Maceió,AL
2705309,270530,270008,Palmeira dos Índios,AL
2705408,270540,270011,Pão de Açúcar - Olho d'Água das Flores ¿ Batalha,AL
2705507,270550,270005,União dos Palmares,AL
2705606,270560,270002,Porto Calvo - São Luís do Quitunde,AL
2705705,270570,270011,Pão de Açúcar - Olho d'Água das Flores ¿ Batalha,AL
2705804,270580,270009,Delmiro Gouveia,AL
2705903,270590,270007,Arapiraca,AL
2706000,270600,270010,Santana do Ipanema,AL
2706109,270610,270010,Santana do Ipanema,AL
2706208,270620,270011,Pão de Açúcar - Olho d'Água das Flores ¿ Batalha,AL
2706307,270630,270008,Palmeira dos Índios,AL
2706406,270640,270011,Pão de Açúcar - Olho d'Água das Flores ¿ Batalha,AL
2706422,270642,270009,Delmiro Gouveia,AL
2706448,270644,270001,Maceió,AL
2706505,270650,270002,Porto Calvo - São Luís do Quitunde,AL
2706604,270660,270008,Palmeira dos Índios,AL
2706703,270670,270003,Penedo,AL
2706802,270680,270003,Penedo,AL
2706901,270690,270001,Maceió,AL
2707008,270700,270006,Atalaia,AL
2707107,270710,270009,Delmiro Gouveia,AL
2707206,270720,270010,Santana do Ipanema,AL
2707305,270730,270002,Porto Calvo - São Luís do Quitunde,AL
2707404,270740,270002,Porto Calvo - São Luís do Quitunde,AL
2707503,270750,270003,Penedo,AL
2707602,270760,270008,Palmeira dos Índios,AL
2707701,270770,270001,Maceió,AL
2707800,270780,270004,São Miguel dos Campos,AL
2707909,270790,270001,Maceió,AL
2708006,270800,270010,Santana do Ipanema,AL
2708105,270810,270005,União dos Palmares,AL
2708204,270820,270003,Penedo,AL
2708303,270830,270005,União dos Palmares,AL
2708402,270840,270011,Pão de Açúcar - Olho d'Água das Flores ¿ Batalha,AL
2708501,270850,270002,Porto Calvo - São Luís do Quitunde,AL
2708600,270860,270004,São Miguel dos Campos,AL
2708709,270870,270002,Porto Calvo - São Luís do Quitunde,AL
2708808,270880,270007,Arapiraca,AL
2708907,270890,270001,Maceió,AL
2708956,270895,270010,Santana do Ipanema,AL
2709004,270900,270007,Arapiraca,AL
2709103,270910,270007,Arapiraca,AL
2709152,270915,270007,Arapiraca,AL
2709202,270920,270007,Arapiraca,AL
2709301,270930,270005,União dos Palmares,AL
2709400,270940,270006,Atalaia,AL
2800100,280010,280003,Propriá,SE
2800209,280020,280003,Propriá,SE
2800308,280030,280001,Aracaju,SE
2800407,280040,280002,Estância,SE
2800506,280050,280004,Itabaiana,SE
2800605,280060,280001,Aracaju,SE
2800670,280067,280002,Estância,SE
2800704,280070,280003,Propriá,SE
2801009,280100,280004,Itabaiana,SE
2801108,280110,280003,Propriá,SE
2801207,280120,280006,Nossa Senhora da Glória,SE
2801306,280130,280001,Aracaju,SE
2801405,280140,280004,Itabaiana,SE
2801504,280150,280001,Aracaju,SE
2801603,280160,280003,Propriá,SE
2801702,280170,280002,Estância,SE
2801900,280190,280001,Aracaju,SE
2802007,280200,280001,Aracaju,SE
2802106,280210,280002,Estância,SE
2802205,280220,280006,Nossa Senhora da Glória,SE
2802304,280230,280004,Itabaiana,SE
2802403,280240,280006,Nossa Senhora da Glória,SE
2802502,280250,280001,Aracaju,SE
2802601,280260,280006,Nossa Senhora da Glória,SE
2802700,280270,280003,Propriá,SE
2802809,280280,280002,Estância,SE
2802908,280290,280004,Itabaiana,SE
2803005,280300,280002,Estância,SE
2803104,280310,280006,Nossa Senhora da Glória,SE
2803203,280320,280001,Aracaju,SE
2803302,280330,280001,Aracaju,SE
2803401,280340,280003,Propriá,SE
2803500,280350,280005,Lagarto,SE
2803609,280360,280001,Aracaju,SE
2803708,280370,280004,Itabaiana,SE
2803807,280380,280003,Propriá,SE
2803906,280390,280004,Itabaiana,SE
2804003,280400,280001,Aracaju,SE
2804102,280410,280004,Itabaiana,SE
2804201,280420,280006,Nossa Senhora da Glória,SE
2804300,280430,280003,Propriá,SE
2804409,280440,280003,Propriá,SE
2804458,280445,280004,Itabaiana,SE
2804508,280450,280006,Nossa Senhora da Glória,SE
2804607,280460,280001,Aracaju,SE
2804706,280470,280003,Propriá,SE
2804805,280480,280001,Aracaju,SE
2804904,280490,280003,Propriá,SE
2805000,280500,280004,Itabaiana,SE
2805109,280510,280002,Estância,SE
2805208,280520,280004,Itabaiana,SE
2805307,280530,280001,Aracaju,SE
2805406,280540,280006,Nossa Senhora da Glória,SE
2805505,280550,280005,Lagarto,SE
2805604,280560,280006,Nossa Senhora da Glória,SE
2805703,280570,280003,Propriá,SE
2805802,280580,280005,Lagarto,SE
2805901,280590,280001,Aracaju,SE
2806008,280600,280004,Itabaiana,SE
2806107,280610,280001,Aracaju,SE
2806206,280620,280005,Lagarto,SE
2806305,280630,280002,Estância,SE
2806404,280640,280003,Propriá,SE
2806503,280650,280001,Aracaju,SE
2806602,280660,280001,Aracaju,SE
2806701,280670,280001,Aracaju,SE
2806800,280680,280004,Itabaiana,SE
2806909,280690,280003,Propriá,SE
2807006,280700,280004,Itabaiana,SE
2807105,280710,280005,Lagarto,SE
2807204,280720,280001,Aracaju,SE
2807303,280730,280003,Propriá,SE
2807402,280740,280005,Lagarto,SE
2807501,280750,280002,Estância,SE
2807600,280760,280002,Estância,SE
2900108,290010,290013,Brumado,BA
2900207,290020,290024,Paulo Afonso,BA
2900306,290030,290002,Alagoinhas,BA
2900355,290035,290027,Cícero Dantas,BA
2900405,290040,290029,Feira de Santana,BA
2900504,290050,290013,Brumado,BA
2900603,290060,290012,Jequié,BA
2900702,290070,290002,Alagoinhas,BA
2900801,290080,290008,Teixeira de Freitas,BA
2900900,290090,290007,Ilhéus ¿ Itabuna,BA
2901007,290100,290003,Santo Antônio de Jesus,BA
2901106,290110,290029,Feira de Santana,BA
2901155,290115,290020,Irecê,BA
2901205,290120,290011,Vitória da Conquista,BA
2901304,290130,290031,Itaberaba,BA
2901353,290135,290023,Senhor do Bonfim,BA
2901403,290140,290018,Barreiras,BA
2901502,290150,290029,Feira de Santana,BA
2901601,290160,290027,Cícero Dantas,BA
2901700,290170,290029,Feira de Santana,BA
2901809,290180,290023,Senhor do Bonfim,BA
2901908,290190,290002,Alagoinhas,BA
2901957,290195,290012,Jequié,BA
2902005,290200,290013,Brumado,BA
2902054,290205,290002,Alagoinhas,BA
2902104,290210,290033,Serrinha,BA
2902203,290220,290002,Alagoinhas,BA
2902252,290225,290010,Camacan,BA
2902302,290230,290006,Nazaré ¿ Maragogipe,BA
2902401,290240,290007,Ilhéus ¿ Itabuna,BA
2902500,290250,290018,Barreiras,BA
2902609,290260,290029,Feira de Santana,BA
2902658,290265,290025,Ribeira do Pombal,BA
2902708,290270,290021,Xique-Xique ¿ Barra,BA
2902807,290280,290011,Vitória da Conquista,BA
2902906,290290,290011,Vitória da Conquista,BA
2903003,290300,290020,Irecê,BA
2903102,290310,290014,Ipiaú,BA
2903201,290320,290018,Barreiras,BA
2903235,290323,290020,Irecê,BA
2903276,290327,290033,Serrinha,BA
2903300,290330,290007,Ilhéus ¿ Itabuna,BA
2903409,290340,290009,Eunápolis - Porto Seguro,BA
2903508,290350,290011,Vitória da Conquista,BA
2903607,290360,290033,Serrinha,BA
2903706,290370,290011,Vitória da Conquista,BA
2903805,290380,290031,Itaberaba,BA
2903904,290390,290017,Bom Jesus da Lapa,BA
2903953,290395,290011,Vitória da Conquista,BA
2904001,290400,290034,Seabra,BA
2904050,290405,290020,Irecê,BA
2904100,290410,290017,Bom Jesus da Lapa,BA
2904209,290420,290016,Guanambi,BA
2904308,290430,290003,Santo Antônio de Jesus,BA
2904407,290440,290018,Barreiras,BA
2904506,290450,290021,Xique-Xique ¿ Barra,BA
2904605,290460,290013,Brumado,BA
2904704,290470,290007,Ilhéus ¿ Itabuna,BA
2904753,290475,290021,Xique-Xique ¿ Barra,BA
2904803,290480,290011,Vitória da Conquista,BA
2904852,290485,290004,Cruz das Almas,BA
2904902,290490,290004,Cruz das Almas,BA
2905008,290500,290016,Guanambi,BA
2905107,290510,290030,Jacobina,BA
2905156,290515,290011,Vitória da Conquista,BA
2905206,290520,290016,Guanambi,BA
2905305,290530,290020,Irecê,BA
2905404,290540,290005,Valença,BA
2905503,290550,290030,Jacobina,BA
2905602,290560,290010,Camacan,BA
2905701,290570,290001,Salvador,BA
2905800,290580,290005,Valença,BA
2905909,290590,290022,Juazeiro,BA
2906006,290600,290023,Senhor do Bonfim,BA
2906105,290610,290019,Santa Maria da Vitoria,BA
2906204,290620,290020,Irecê,BA
2906303,290630,290010,Camacan,BA
2906402,290640,290029,Feira de Santana,BA
2906501,290650,290001,Salvador,BA
2906600,290660,290016,Guanambi,BA
2906709,290670,290011,Vitória da Conquista,BA
2906808,290680,290026,Euclides da Cunha,BA
2906824,290682,290026,Euclides da Cunha,BA
2906857,290685,290029,Feira de Santana,BA
2906873,290687,290030,Jacobina,BA
2906899,290689,290011,Vitória da Conquista,BA
2906907,290690,290008,Teixeira de Freitas,BA
2907004,290700,290002,Alagoinhas,BA
2907103,290710,290016,Guanambi,BA
2907202,290720,290022,Juazeiro,BA
2907301,290730,290004,Cruz das Almas,BA
2907400,290740,290018,Barreiras,BA
2907509,290750,290001,Salvador,BA
2907558,290755,290013,Brumado,BA
2907608,290760,290020,Irecê,BA
2907707,290770,290024,Paulo Afonso,BA
2907806,290780,290027,Cícero Dantas,BA
2907905,290790,290025,Ribeira do Pombal,BA
2908002,290800,290007,Ilhéus ¿ Itabuna,BA
2908101,290810,290019,Santa Maria da Vitoria,BA
2908200,290820,290029,Feira de Santana,BA
2908309,290830,290004,Cruz das Almas,BA
2908408,290840,290032,Conceição do Coité,BA
2908507,290850,290029,Feira de Santana,BA
2908606,290860,290002,Alagoinhas,BA
2908705,290870,290011,Vitória da Conquista,BA
2908804,290880,290011,Vitória da Conquista,BA
2908903,290890,290029,Feira de Santana,BA
2909000,290900,290011,Vitória da Conquista,BA
2909109,290910,290019,Santa Maria da Vitoria,BA
2909208,290920,290028,Jeremoabo,BA
2909307,290930,290019,Santa Maria da Vitoria,BA
2909406,290940,290018,Barreiras,BA
2909505,290950,290012,Jequié,BA
2909604,290960,290002,Alagoinhas,BA
2909703,290970,290018,Barreiras,BA
2909802,290980,290004,Cruz das Almas,BA
2909901,290990,290022,Juazeiro,BA
2910008,291000,290014,Ipiaú,BA
2910057,291005,290001,Salvador,BA
2910107,291010,290013,Brumado,BA
2910206,291020,290003,Santo Antônio de Jesus,BA
2910305,291030,290003,Santo Antônio de Jesus,BA
2910404,291040,290011,Vitória da Conquista,BA
2910503,291050,290002,Alagoinhas,BA
2910602,291060,290002,Alagoinhas,BA
2910701,291070,290026,Euclides da Cunha,BA
2910727,291072,290009,Eunápolis - Porto Seguro,BA
2910750,291075,290027,Cícero Dantas,BA
2910776,291077,290016,Guanambi,BA
2910800,291080,290029,Feira de Santana,BA
2910859,291085,290023,Senhor do Bonfim,BA
2910909,291090,290007,Ilhéus ¿ Itabuna,BA
2911006,291100,290007,Ilhéus ¿ Itabuna,BA
2911105,291110,290018,Barreiras,BA
2911204,291120,290014,Ipiaú,BA
2911253,291125,290029,Feira de Santana,BA
2911303,291130,290021,Xique-Xique ¿ Barra,BA
2911402,291140,290024,Paulo Afonso,BA
2911501,291150,290014,Ipiaú,BA
2911600,291160,290004,Cruz das Almas,BA
2911659,291165,290016,Guanambi,BA
2911709,291170,290016,Guanambi,BA
2911808,291180,290009,Eunápolis - Porto Seguro,BA
2911857,291185,290027,Cícero Dantas,BA
2911907,291190,290031,Itaberaba,BA
2912004,291200,290016,Guanambi,BA
2912103,291210,290007,Ilhéus ¿ Itabuna,BA
2912202,291220,290011,Vitória da Conquista,BA
2912301,291230,290007,Ilhéus ¿ Itabuna,BA
2912400,291240,290020,Irecê,BA
2912509,291250,290017,Bom Jesus da Lapa,BA
2912608,291260,290031,Itaberaba,BA
2912707,291270,290007,Ilhéus ¿ Itabuna,BA
2912806,291280,290008,Teixeira de Freitas,BA
2912905,291290,290014,Ipiaú,BA
2913002,291300,290034,Seabra,BA
2913101,291310,290020,Irecê,BA
2913200,291320,290021,Xique-Xique ¿ Barra,BA
2913309,291330,290029,Feira de Santana,BA
2913408,291340,290016,Guanambi,BA
2913457,291345,290005,Valença,BA
2913507,291350,290011,Vitória da Conquista,BA
2913606,291360,290007,Ilhéus ¿ Itabuna,BA
2913705,291370,290002,Alagoinhas,BA
2913804,291380,290029,Feira de Santana,BA
2913903,291390,290014,Ipiaú,BA
2914000,291400,290029,Feira de Santana,BA
2914109,291410,290021,Xique-Xique ¿ Barra,BA
2914208,291420,290012,Jequié,BA
2914307,291430,290011,Vitória da Conquista,BA
2914406,291440,290034,Seabra,BA
2914505,291450,290029,Feira de Santana,BA
2914604,291460,290020,Irecê,BA
2914653,291465,290009,Eunápolis - Porto Seguro,BA
2914703,291470,290031,Itaberaba,BA
2914802,291480,290007,Ilhéus ¿ Itabuna,BA
2914901,291490,290007,Ilhéus ¿ Itabuna,BA
2915007,291500,290031,Itaberaba,BA
2915106,291510,290012,Jequié,BA
2915205,291520,290014,Ipiaú,BA
2915304,291530,290009,Eunápolis - Porto Seguro,BA
2915353,291535,290020,Irecê,BA
2915403,291540,290007,Ilhéus ¿ Itabuna,BA
2915502,291550,290007,Ilhéus ¿ Itabuna,BA
2915601,291560,290008,Teixeira de Freitas,BA
2915700,291570,290014,Ipiaú,BA
2915809,291580,290011,Vitória da Conquista,BA
2915908,291590,290001,Salvador,BA
2916005,291600,290008,Teixeira de Freitas,BA
2916104,291610,290006,Nazaré ¿ Maragogipe,BA
2916203,291620,290007,Ilhéus ¿ Itabuna,BA
2916302,291630,290009,Eunápolis - Porto Seguro,BA
2916401,291640,290015,Itapetinga,BA
2916500,291650,290002,Alagoinhas,BA
2916609,291660,290007,Ilhéus ¿ Itabuna,BA
2916708,291670,290012,Jequié,BA
2916807,291680,290015,Itapetinga,BA
2916856,291685,290004,Cruz das Almas,BA
2916906,291690,290012,Jequié,BA
2917003,291700,290023,Senhor do Bonfim,BA
2917102,291710,290015,Itapetinga,BA
2917201,291720,290011,Vitória da Conquista,BA
2917300,291730,290005,Valença,BA
2917334,291733,290016,Guanambi,BA
2917359,291735,290019,Santa Maria da Vitoria,BA
2917409,291740,290016,Guanambi,BA
2917508,291750,290030,Jacobina,BA
2917607,291760,290012,Jequié,BA
2917706,291770,290023,Senhor do Bonfim,BA
2917805,291780,290006,Nazaré ¿ Maragogipe,BA
2917904,291790,290002,Alagoinhas,BA
2918001,291800,290012,Jequié,BA
2918100,291810,290028,Jeremoabo,BA
2918209,291820,290003,Santo Antônio de Jesus,BA
2918308,291830,290012,Jequié,BA
2918357,291835,290020,Irecê,BA
2918407,291840,290022,Juazeiro,BA
2918456,291845,290008,Teixeira de Freitas,BA
2918506,291850,290020,Irecê,BA
2918555,291855,290010,Camacan,BA
2918605,291860,290013,Brumado,BA
2918704,291870,290012,Jequié,BA
2918753,291875,290016,Guanambi,BA
2918803,291880,290003,Santo Antônio de Jesus,BA
2918902,291890,290008,Teixeira de Freitas,BA
2919009,291900,290031,Itaberaba,BA
2919058,291905,290012,Jequié,BA
2919108,291910,290029,Feira de Santana,BA
2919157,291915,290020,Irecê,BA
2919207,291920,290001,Salvador,BA
2919306,291930,290034,Seabra,BA
2919405,291940,290016,Guanambi,BA
2919504,291950,290013,Brumado,BA
2919553,291955,290018,Barreiras,BA
2919603,291960,290029,Feira de Santana,BA
2919702,291970,290015,Itapetinga,BA
2919801,291980,290017,Bom Jesus da Lapa,BA
2919900,291990,290024,Paulo Afonso,BA
2919926,291992,290001,Salvador,BA
2919959,291995,290011,Vitória da Conquista,BA
2920007,292000,290015,Itapetinga,BA
2920106,292010,290029,Feira de Santana,BA
2920205,292020,290016,Guanambi,BA
2920304,292030,290013,Brumado,BA
2920403,292040,290012,Jequié,BA
2920452,292045,290018,Barreiras,BA
2920502,292050,290012,Jequié,BA
2920601,292060,290006,Nazaré ¿ Maragogipe,BA
2920700,292070,290007,Ilhéus ¿ Itabuna,BA
2920809,292080,290031,Itaberaba,BA
2920908,292090,290010,Camacan,BA
2921005,292100,290001,Salvador,BA
2921054,292105,290016,Guanambi,BA
2921104,292110,290008,Teixeira de Freitas,BA
2921203,292120,290030,Jacobina,BA
2921302,292130,290003,Santo Antônio de Jesus,BA
2921401,292140,290030,Jacobina,BA
2921450,292145,290011,Vitória da Conquista,BA
2921500,292150,290026,Euclides da Cunha,BA
2921609,292160,290021,Xique-Xique ¿ Barra,BA
2921708,292170,290020,Irecê,BA
2921807,292180,290016,Guanambi,BA
2921906,292190,290034,Seabra,BA
2922003,292200,290008,Teixeira de Freitas,BA
2922052,292205,290020,Irecê,BA
2922102,292210,290029,Feira de Santana,BA
2922201,292220,290003,Santo Antônio de Jesus,BA
2922250,292225,290021,Xique-Xique ¿ Barra,BA
2922300,292230,290004,Cruz das Almas,BA
2922409,292240,290003,Santo Antônio de Jesus,BA
2922508,292250,290006,Nazaré ¿ Maragogipe,BA
2922607,292260,290005,Valença,BA
2922656,292265,290032,Conceição do Coité,BA
2922706,292270,290011,Vitória da Conquista,BA
2922730,292273,290029,Feira de Santana,BA
2922755,292275,290014,Ipiaú,BA
2922805,292280,290003,Santo Antônio de Jesus,BA
2922854,292285,290031,Itaberaba,BA
2922904,292290,290025,Ribeira do Pombal,BA
2923001,292300,290008,Teixeira de Freitas,BA
2923035,292303,290034,Seabra,BA
2923050,292305,290028,Jeremoabo,BA
2923100,292310,290025,Ribeira do Pombal,BA
2923209,292320,290021,Xique-Xique ¿ Barra,BA
2923308,292330,290029,Feira de Santana,BA
2923357,292335,290030,Jacobina,BA
2923407,292340,290016,Guanambi,BA
2923506,292350,290034,Seabra,BA
2923605,292360,290013,Brumado,BA
2923704,292370,290017,Bom Jesus da Lapa,BA
2923803,292380,290027,Cícero Dantas,BA
2923902,292390,290010,Camacan,BA
2924009,292400,290024,Paulo Afonso,BA
2924058,292405,290029,Feira de Santana,BA
2924108,292410,290002,Alagoinhas,BA
2924207,292420,290028,Jeremoabo,BA
2924306,292430,290034,Seabra,BA
2924405,292440,290022,Juazeiro,BA
2924504,292450,290016,Guanambi,BA
2924603,292460,290023,Senhor do Bonfim,BA
2924652,292465,290029,Feira de Santana,BA
2924678,292467,290014,Ipiaú,BA
2924702,292470,290011,Vitória da Conquista,BA
2924801,292480,290030,Jacobina,BA
2924900,292490,290012,Jequié,BA
2925006,292500,290011,Vitória da Conquista,BA
2925105,292510,290011,Vitória da Conquista,BA
2925204,292520,290001,Salvador,BA
2925253,292525,290023,Senhor do Bonfim,BA
2925303,292530,290009,Eunápolis - Porto Seguro,BA
2925402,292540,290015,Itapetinga,BA
2925501,292550,290008,Teixeira de Freitas,BA
2925600,292560,290020,Irecê,BA
2925709,292570,290011,Vitória da Conquista,BA
2925758,292575,290005,Valença,BA
2925808,292580,290032,Conceição do Coité,BA
2925907,292590,290026,Euclides da Cunha,BA
2925931,292593,290030,Jacobina,BA
2925956,292595,290029,Feira de Santana,BA
2926004,292600,290022,Juazeiro,BA
2926103,292610,290032,Conceição do Coité,BA
2926202,292620,290018,Barreiras,BA
2926301,292630,290029,Feira de Santana,BA
2926400,292640,290016,Guanambi,BA
2926509,292650,290025,Ribeira do Pombal,BA
2926608,292660,290025,Ribeira do Pombal,BA
2926657,292665,290011,Vitória da Conquista,BA
2926707,292670,290013,Brumado,BA
2926806,292680,290016,Guanambi,BA
2926905,292690,290013,Brumado,BA
2927002,292700,290002,Alagoinhas,BA
2927101,292710,290024,Paulo Afonso,BA
2927200,292720,290031,Itaberaba,BA
2927309,292730,290006,Nazaré ¿ Maragogipe,BA
2927408,292740,290001,Salvador,BA
2927507,292750,290029,Feira de Santana,BA
2927606,292760,290024,Paulo Afonso,BA
2927705,292770,290009,Eunápolis - Porto Seguro,BA
2927804,292780,290007,Ilhéus ¿ Itabuna,BA
2927903,292790,290012,Jequié,BA
2928000,292800,290032,Conceição do Coité,BA
2928059,292805,290010,Camacan,BA
2928109,292810,290019,Santa Maria da Vitoria,BA
2928208,292820,290018,Barreiras,BA
2928307,292830,290029,Feira de Santana,BA
2928406,292840,290018,Barreiras,BA
2928505,292850,290004,Cruz das Almas,BA
2928604,292860,290001,Salvador,BA
2928703,292870,290003,Santo Antônio de Jesus,BA
2928802,292880,290029,Feira de Santana,BA
2928901,292890,290018,Barreiras,BA
2928950,292895,290032,Conceição do Coité,BA
2929008,292900,290004,Cruz das Almas,BA
2929057,292905,290019,Santa Maria da Vitoria,BA
2929107,292910,290004,Cruz das Almas,BA
2929206,292920,290001,Salvador,BA
2929255,292925,290020,Irecê,BA
2929305,292930,290029,Feira de Santana,BA
2929354,292935,290007,Ilhéus ¿ Itabuna,BA
2929370,292937,290030,Jacobina,BA
2929404,292940,290003,Santo Antônio de Jesus,BA
2929503,292950,290001,Salvador,BA
2929602,292960,290004,Cruz das Almas,BA
2929701,292970,290002,Alagoinhas,BA
2929750,292975,290001,Salvador,BA
2929800,292980,290030,Jacobina,BA
2929909,292990,290034,Seabra,BA
2930006,293000,290016,Guanambi,BA
2930105,293010,290023,Senhor do Bonfim,BA
2930154,293015,290017,Bom Jesus da Lapa,BA
2930204,293020,290022,Juazeiro,BA
2930303,293030,290018,Barreiras,BA
2930402,293040,290029,Feira de Santana,BA
2930501,293050,290033,Serrinha,BA
2930600,293060,290030,Jacobina,BA
2930709,293070,290001,Salvador,BA
2930758,293075,290017,Bom Jesus da Lapa,BA
2930766,293076,290028,Jeremoabo,BA
2930774,293077,290022,Juazeiro,BA
2930808,293080,290034,Seabra,BA
2930907,293090,290018,Barreiras,BA
2931004,293100,290011,Vitória da Conquista,BA
2931053,293105,290016,Guanambi,BA
2931103,293110,290029,Feira de Santana,BA
2931202,293120,290005,Valença,BA
2931301,293130,290030,Jacobina,BA
2931350,293135,290008,Teixeira de Freitas,BA
2931400,293140,290002,Alagoinhas,BA
2931509,293150,290033,Serrinha,BA
2931608,293160,290014,Ipiaú,BA
2931707,293170,290001,Salvador,BA
2931806,293180,290011,Vitória da Conquista,BA
2931905,293190,290025,Ribeira do Pombal,BA
2932002,293200,290022,Juazeiro,BA
2932101,293210,290003,Santo Antônio de Jesus,BA
2932200,293220,290007,Ilhéus ¿ Itabuna,BA
2932309,293230,290014,Ipiaú,BA
2932408,293240,290020,Irecê,BA
2932457,293245,290030,Jacobina,BA
2932507,293250,290010,Camacan,BA
2932606,293260,290016,Guanambi,BA
2932705,293270,290007,Ilhéus ¿ Itabuna,BA
2932804,293280,290031,Itaberaba,BA
2932903,293290,290005,Valença,BA
2933000,293300,290032,Conceição do Coité,BA
2933059,293305,290029,Feira de Santana,BA
2933109,293310,290030,Jacobina,BA
2933158,293315,290030,Jacobina,BA
2933174,293317,290003,Santo Antônio de Jesus,BA
2933208,293320,290006,Nazaré ¿ Maragogipe,BA
2933257,293325,290008,Teixeira de Freitas,BA
2933307,293330,290011,Vitória da Conquista,BA
2933406,293340,290031,Itaberaba,BA
2933455,293345,290018,Barreiras,BA
2933505,293350,290014,Ipiaú,BA
2933604,293360,290021,Xique-Xique ¿ Barra,BA
3100104,310010,310061,Monte Carmelo,MG
3100203,310020,310070,Abaeté,MG
3100302,310030,310028,Manhuaçu,MG
3100401,310040,310030,Ponte Nova,MG
3100500,310050,310024,Ipatinga,MG
3100609,310060,310014,Capelinha,MG
3100708,310070,310055,Uberaba,MG
3100807,310080,310048,Campo Belo,MG
3100906,310090,310019,Águas Formosas,MG
3101003,310100,310018,Pedra Azul,MG
3101102,310110,310023,Aimorés - Resplendor,MG
3101201,310120,310054,Caxambu - Baependi,MG
3101300,310130,310053,São Lourenço,MG
3101409,310140,310050,Pouso Alegre,MG
3101508,310150,310036,Além Paraíba,MG
3101607,310160,310042,Alfenas,MG
3101631,310163,310037,Barbacena,MG
3101706,310170,310015,Almenara,MG
3101805,310180,310020,Governador Valadares,MG
3101904,310190,310041,Passos,MG
3102001,310200,310042,Alfenas,MG
3102050,310205,310028,Manhuaçu,MG
3102100,310210,310037,Barbacena,MG
3102209,310220,310025,Caratinga,MG
3102308,310230,310030,Ponte Nova,MG
3102407,310240,310016,Diamantina,MG
3102506,310250,310030,Ponte Nova,MG
3102605,310260,310051,Poços de Caldas,MG
3102704,310270,310018,Pedra Azul,MG
3102803,310280,310027,Juiz de Fora,MG
3102852,310285,310014,Capelinha,MG
3102902,310290,310037,Barbacena,MG
3103009,310300,310024,Ipatinga,MG
3103108,310310,310031,Muriaé,MG
3103207,310320,310002,Sete Lagoas,MG
3103306,310330,310027,Juiz de Fora,MG
3103405,310340,310017,Araçuaí,MG
3103504,310350,310059,Uberlândia,MG
3103603,310360,310027,Juiz de Fora,MG
3103702,310370,310033,Viçosa,MG
3103751,310375,310059,Uberlândia,MG
3103801,310380,310062,Patos de Minas,MG
3103900,310390,310065,Divinópolis,MG
3104007,310400,310056,Araxá,MG
3104106,310410,310044,Guaxupé,MG
3104205,310420,310066,Formiga,MG
3104304,310430,310042,Alfenas,MG
3104403,310440,310032,Cataguases,MG
3104452,310445,310014,Capelinha,MG
3104502,310450,310063,Unaí,MG
3104601,310460,310032,Cataguases,MG
3104700,310470,310013,Teófilo Otoni,MG
3104809,310480,310004,Curvelo,MG
3104908,310490,310054,Caxambu - Baependi,MG
3105004,310500,310002,Sete Lagoas,MG
3105103,310510,310066,Formiga,MG
3105202,310520,310015,Almenara,MG
3105301,310530,310051,Poços de Caldas,MG
3105400,310540,310003,Santa Bárbara - Ouro Preto,MG
3105509,310550,310031,Muriaé,MG
3105608,310560,310037,Barbacena,MG
3105707,310570,310030,Ponte Nova,MG
3105905,310590,310037,Barbacena,MG
3106002,310600,310026,João Monlevade,MG
3106101,310610,310027,Juiz de Fora,MG
3106200,310620,310001,Belo Horizonte,MG
3106309,310630,310024,Ipatinga,MG
3106408,310640,310038,Conselheiro Lafaiete,MG
3106507,310650,310017,Araçuaí,MG
3106606,310660,310019,Águas Formosas,MG
3106655,310665,310008,Salinas,MG
3106705,310670,310001,Belo Horizonte,MG
3106804,310680,310027,Juiz de Fora,MG
3106903,310690,310035,São João Nepomuceno - Bicas,MG
3107000,310700,310070,Abaeté,MG
3107109,310710,310046,Três Pontas - Boa Esperança,MG
3107208,310720,310027,Juiz de Fora,MG
3107307,310730,310006,Montes Claros,MG
3107406,310740,310067,Dores do Indaiá,MG
3107505,310750,310027,Juiz de Fora,MG
3107604,310760,310041,Passos,MG
3107703,310770,310005,Itabira,MG
3107802,310780,310025,Caratinga,MG
3107901,310790,310050,Pouso Alegre,MG
3108008,310800,310043,Lavras,MG
3108107,310810,310069,Oliveira,MG
3108206,310820,310063,Unaí,MG
3108255,310825,310009,Januária,MG
3108305,310830,310050,Pouso Alegre,MG
3108404,310840,310051,Poços de Caldas,MG
3108503,310850,310006,Montes Claros,MG
3108552,310855,310062,Patos de Minas,MG
3108602,310860,310006,Montes Claros,MG
3108701,310870,310029,Ubá,MG
3108800,310880,310024,Ipatinga,MG
3108909,310890,310052,Itajubá,MG
3109006,310900,310001,Belo Horizonte,MG
3109105,310910,310050,Pouso Alegre,MG
3109204,310920,310004,Curvelo,MG
3109253,310925,310024,Ipatinga,MG
3109303,310930,310063,Unaí,MG
3109402,310940,310010,Pirapora,MG
3109451,310945,310063,Unaí,MG
3109501,310950,310044,Guaxupé,MG
3109600,310960,310002,Sete Lagoas,MG
3109709,310970,310050,Pouso Alegre,MG
3109808,310980,310060,Ituiutaba,MG
3109907,310990,310002,Sete Lagoas,MG
3110004,311000,310001,Belo Horizonte,MG
3110103,311010,310034,Carangola,MG
3110202,311020,310033,Viçosa,MG
3110301,311030,310051,Poços de Caldas,MG
3110400,311040,310065,Divinópolis,MG
3110509,311050,310050,Pouso Alegre,MG
3110608,311060,310050,Pouso Alegre,MG
3110707,311070,310045,Três Corações,MG
3110806,311080,310013,Teófilo Otoni,MG
3110905,311090,310045,Três Corações,MG
3111002,311100,310051,Poços de Caldas,MG
3111101,311110,310059,Uberlândia,MG
3111150,311115,310006,Montes Claros,MG
3111200,311120,310048,Campo Belo,MG
3111309,311130,310042,Alfenas,MG
3111408,311140,310055,Uberaba,MG
3111507,311150,310056,Araxá,MG
3111606,311160,310042,Alfenas,MG
3111705,311170,310033,Viçosa,MG
3111804,311180,310059,Uberlândia,MG
3111903,311190,310043,Lavras,MG
3112000,311200,310048,Campo Belo,MG
3112059,311205,310021,Guanhães,MG
3112109,311210,310028,Manhuaçu,MG
3112208,311220,310038,Conselheiro Lafaiete,MG
3112307,311230,310014,Capelinha,MG
3112406,311240,310041,Passos,MG
3112505,311250,310002,Sete Lagoas,MG
3112604,311260,310060,Ituiutaba,MG
3112653,311265,310020,Governador Valadares,MG
3112703,311270,310006,Montes Claros,MG
3112802,311280,310049,Piumhi,MG
3112901,311290,310028,Manhuaçu,MG
3113008,311300,310013,Teófilo Otoni,MG
3113107,311310,310038,Conselheiro Lafaiete,MG
3113206,311320,310038,Conselheiro Lafaiete,MG
3113305,311330,310034,Carangola,MG
3113404,311340,310025,Caratinga,MG
3113503,311350,310016,Diamantina,MG
3113602,311360,310050,Pouso Alegre,MG
3113701,311370,310013,Teófilo Otoni,MG
3113800,311380,310005,Itabira,MG
3113909,311390,310045,Três Corações,MG
3114006,311400,310065,Divinópolis,MG
3114105,311410,310053,São Lourenço,MG
3114204,311420,310065,Divinópolis,MG
3114303,311430,310062,Patos de Minas,MG
3114402,311440,310041,Passos,MG
3114501,311450,310069,Oliveira,MG
3114550,311455,310058,Iturama,MG
3114600,311460,310043,Lavras,MG
3114709,311470,310042,Alfenas,MG
3114808,311480,310054,Caxambu - Baependi,MG
3114907,311490,310038,Conselheiro Lafaiete,MG
3115003,311500,310059,Uberlândia,MG
3115102,311510,310041,Passos,MG
3115201,311520,310039,São João del Rei,MG
3115300,311530,310032,Cataguases,MG
3115359,311535,310003,Santa Bárbara - Ouro Preto,MG
3115409,311540,310038,Conselheiro Lafaiete,MG
3115458,311545,310013,Teófilo Otoni,MG
3115474,311547,310012,Espinosa,MG
3115508,311550,310054,Caxambu - Baependi,MG
3115607,311560,310070,Abaeté,MG
3115706,311570,310022,Mantena,MG
3115805,311580,310059,Uberlândia,MG
3115904,311590,310027,Juiz de Fora,MG
3116001,311600,310028,Manhuaçu,MG
3116100,311610,310014,Capelinha,MG
3116159,311615,310011,São Francisco,MG
3116209,311620,310027,Juiz de Fora,MG
3116308,311630,310037,Barbacena,MG
3116407,311640,310041,Passos,MG
3116506,311650,310006,Montes Claros,MG
3116605,311660,310065,Divinópolis,MG
3116704,311670,310033,Viçosa,MG
3116803,311680,310021,Guanhães,MG
3116902,311690,310057,Frutal,MG
3117009,311700,310018,Pedra Azul,MG
3117108,311710,310042,Alfenas,MG
3117207,311720,310052,Itajubá,MG
3117306,311730,310055,Uberaba,MG
3117405,311740,310028,Manhuaçu,MG
3117504,311750,310002,Sete Lagoas,MG
3117603,311760,310065,Divinópolis,MG
3117702,311770,310053,São Lourenço,MG
3117801,311780,310050,Pouso Alegre,MG
3117836,311783,310009,Januária,MG
3117876,311787,310001,Belo Horizonte,MG
3117900,311790,310050,Pouso Alegre,MG
3118007,311800,310038,Conselheiro Lafaiete,MG
3118106,311810,310002,Sete Lagoas,MG
3118205,311820,310055,Uberaba,MG
3118304,311830,310038,Conselheiro Lafaiete,MG
3118403,311840,310020,Governador Valadares,MG
3118502,311850,310050,Pouso Alegre,MG
3118601,311860,310001,Belo Horizonte,MG
3118700,311870,310046,Três Pontas - Boa Esperança,MG
3118809,311880,310006,Montes Claros,MG
3118908,311890,310002,Sete Lagoas,MG
3119005,311900,310040,Varginha,MG
3119104,311910,310004,Curvelo,MG
3119203,311920,310020,Governador Valadares,MG
3119302,311930,310064,Patrocínio,MG
3119401,311940,310024,Ipatinga,MG
3119500,311950,310017,Araçuaí,MG
3119609,311960,310027,Juiz de Fora,MG
3119708,311970,310039,São João del Rei,MG
3119807,311980,310066,Formiga,MG
3119906,311990,310050,Pouso Alegre,MG
3119955,311995,310066,Formiga,MG
3120003,312000,310025,Caratinga,MG
3120102,312010,310016,Diamantina,MG
3120151,312015,310019,Águas Formosas,MG
3120201,312020,310048,Campo Belo,MG
3120300,312030,310006,Montes Claros,MG
3120409,312040,310038,Conselheiro Lafaiete,MG
3120508,312050,310053,São Lourenço,MG
3120607,312060,310069,Oliveira,MG
3120706,312070,310064,Patrocínio,MG
3120805,312080,310054,Caxambu - Baependi,MG
3120839,312083,310023,Aimorés - Resplendor,MG
3120870,312087,310008,Salinas,MG
3120904,312090,310004,Curvelo,MG
3121001,312100,310016,Diamantina,MG
3121100,312110,310052,Itajubá,MG
3121209,312120,310041,Passos,MG
3121258,312125,310055,Uberaba,MG
3121308,312130,310035,São João Nepomuceno - Bicas,MG
3121407,312140,310038,Conselheiro Lafaiete,MG
3121506,312150,310037,Barbacena,MG
3121605,312160,310016,Diamantina,MG
3121704,312170,310030,Ponte Nova,MG
3121803,312180,310024,Ipatinga,MG
3121902,312190,310029,Ubá,MG
3122009,312200,310034,Carangola,MG
3122108,312210,310020,Governador Valadares,MG
3122207,312220,310021,Guanhães,MG
3122306,312230,310065,Divinópolis,MG
3122355,312235,310018,Pedra Azul,MG
3122405,312240,310042,Alfenas,MG
3122454,312245,310018,Pedra Azul,MG
3122470,312247,310063,Unaí,MG
3122504,312250,310024,Ipatinga,MG
3122603,312260,310021,Guanhães,MG
3122702,312270,310030,Ponte Nova,MG
3122801,312280,310053,São Lourenço,MG
3122900,312290,310032,Cataguases,MG
3123007,312300,310037,Barbacena,MG
3123106,312310,310021,Guanhães,MG
3123205,312320,310067,Dores do Indaiá,MG
3123304,312330,310029,Ubá,MG
3123403,312340,310049,Piumhi,MG
3123502,312350,310061,Monte Carmelo,MG
3123528,312352,310028,Manhuaçu,MG
3123601,312360,310040,Varginha,MG
3123700,312370,310020,Governador Valadares,MG
3123809,312380,310006,Montes Claros,MG
3123858,312385,310025,Caratinga,MG
3123908,312390,310038,Conselheiro Lafaiete,MG
3124005,312400,310033,Viçosa,MG
3124104,312410,310001,Belo Horizonte,MG
3124203,312420,310034,Carangola,MG
3124302,312430,310012,Espinosa,MG
3124401,312440,310050,Pouso Alegre,MG
3124500,312450,310050,Pouso Alegre,MG
3124609,312460,310036,Além Paraíba,MG
3124708,312470,310067,Dores do Indaiá,MG
3124807,312480,310061,Monte Carmelo,MG
3124906,312490,310031,Muriaé,MG
3125002,312500,310027,Juiz de Fora,MG
3125101,312510,310050,Pouso Alegre,MG
3125200,312520,310042,Alfenas,MG
3125309,312530,310034,Carangola,MG
3125408,312540,310016,Diamantina,MG
3125507,312550,310016,Diamantina,MG
3125606,312560,310015,Almenara,MG
3125705,312570,310004,Curvelo,MG
3125804,312580,310020,Governador Valadares,MG
3125903,312590,310005,Itabira,MG
3125952,312595,310031,Muriaé,MG
3126000,312600,310001,Belo Horizonte,MG
3126109,312610,310066,Formiga,MG
3126208,312620,310063,Unaí,MG
3126307,312630,310041,Passos,MG
3126406,312640,310002,Sete Lagoas,MG
3126505,312650,310017,Araçuaí,MG
3126604,312660,310006,Montes Claros,MG
3126703,312670,310006,Montes Claros,MG
3126752,312675,310013,Teófilo Otoni,MG
3126802,312680,310013,Teófilo Otoni,MG
3126901,312690,310020,Governador Valadares,MG
3126950,312695,310021,Guanhães,MG
3127008,312700,310057,Frutal,MG
3127057,312705,310019,Águas Formosas,MG
3127073,312707,310008,Salinas,MG
3127107,312710,310057,Frutal,MG
3127206,312720,310002,Sete Lagoas,MG
3127305,312730,310020,Governador Valadares,MG
3127339,312733,310012,Espinosa,MG
3127354,312735,310006,Montes Claros,MG
3127370,312737,310020,Governador Valadares,MG
3127388,312738,310027,Juiz de Fora,MG
3127404,312740,310052,Itajubá,MG
3127503,312750,310020,Governador Valadares,MG
3127602,312760,310016,Diamantina,MG
3127701,312770,310020,Governador Valadares,MG
3127800,312780,310006,Montes Claros,MG
3127909,312790,310061,Monte Carmelo,MG
3128006,312800,310021,Guanhães,MG
3128105,312810,310041,Passos,MG
3128204,312820,310030,Ponte Nova,MG
3128253,312825,310006,Montes Claros,MG
3128303,312830,310044,Guaxupé,MG
3128402,312840,310029,Ubá,MG
3128501,312850,310035,São João Nepomuceno - Bicas,MG
3128600,312860,310062,Patos de Minas,MG
3128709,312870,310044,Guaxupé,MG
3128808,312880,310029,Ubá,MG
3128907,312890,310064,Patrocínio,MG
3129004,312900,310029,Ubá,MG
3129103,312910,310060,Ituiutaba,MG
3129202,312920,310050,Pouso Alegre,MG
3129301,312930,310024,Ipatinga,MG
3129400,312940,310037,Barbacena,MG
3129509,312950,310056,Araxá,MG
3129608,312960,310010,Pirapora,MG
3129657,312965,310006,Montes Claros,MG
3129707,312970,310041,Passos,MG
3129806,312980,310001,Belo Horizonte,MG
3129905,312990,310051,Poços de Caldas,MG
3130002,313000,310043,Lavras,MG
3130051,313005,310011,São Francisco,MG
3130101,313010,310001,Belo Horizonte,MG
3130200,313020,310068,Pará de Minas,MG
3130309,313030,310066,Formiga,MG
3130408,313040,310043,Lavras,MG
3130507,313050,310046,Três Pontas - Boa Esperança,MG
3130556,313055,310025,Caratinga,MG
3130606,313060,310050,Pouso Alegre,MG
3130655,313065,310008,Salinas,MG
3130705,313070,310059,Uberlândia,MG
3130804,313080,310043,Lavras,MG
3130903,313090,310025,Caratinga,MG
3131000,313100,310002,Sete Lagoas,MG
3131109,313110,310004,Curvelo,MG
3131158,313115,310024,Ipatinga,MG
3131208,313120,310028,Manhuaçu,MG
3131307,313130,310024,Ipatinga,MG
3131406,313140,310060,Ituiutaba,MG
3131505,313150,310050,Pouso Alegre,MG
3131604,313160,310061,Monte Carmelo,MG
3131703,313170,310005,Itabira,MG
3131802,313180,310022,Mantena,MG
3131901,313190,310003,Santa Bárbara - Ouro Preto,MG
3132008,313200,310006,Montes Claros,MG
3132107,313210,310009,Januária,MG
3132206,313220,310069,Oliveira,MG
3132305,313230,310013,Teófilo Otoni,MG
3132404,313240,310052,Itajubá,MG
3132503,313250,310014,Capelinha,MG
3132602,313260,310032,Cataguases,MG
3132701,313270,310013,Teófilo Otoni,MG
3132800,313280,310005,Itabira,MG
3132909,313290,310047,São Sebastião do Paraíso,MG
3133006,313300,310053,São Lourenço,MG
3133105,313310,310053,São Lourenço,MG
3133204,313320,310020,Governador Valadares,MG
3133303,313330,310013,Teófilo Otoni,MG
3133402,313340,310057,Frutal,MG
3133501,313350,310065,Divinópolis,MG
3133600,313360,310050,Pouso Alegre,MG
3133709,313370,310065,Divinópolis,MG
3133758,313375,310041,Passos,MG
3133808,313380,310065,Divinópolis,MG
3133907,313390,310038,Conselheiro Lafaiete,MG
3134004,313400,310017,Araçuaí,MG
3134103,313410,310023,Aimorés - Resplendor,MG
3134202,313420,310060,Ituiutaba,MG
3134301,313430,310043,Lavras,MG
3134400,313440,310058,Iturama,MG
3134509,313450,310043,Lavras,MG
3134608,313460,310001,Belo Horizonte,MG
3134707,313470,310015,Almenara,MG
3134806,313480,310047,São Sebastião do Paraíso,MG
3134905,313490,310050,Pouso Alegre,MG
3135001,313500,310024,Ipatinga,MG
3135050,313505,310007,Janaúba,MG
3135076,313507,310020,Governador Valadares,MG
3135100,313510,310007,Janaúba,MG
3135209,313520,310009,Januária,MG
3135308,313530,310065,Divinópolis,MG
3135357,313535,310006,Montes Claros,MG
3135407,313540,310038,Conselheiro Lafaiete,MG
3135456,313545,310017,Araçuaí,MG
3135506,313550,310030,Ponte Nova,MG
3135605,313560,310006,Montes Claros,MG
3135704,313570,310002,Sete Lagoas,MG
3135803,313580,310015,Almenara,MG
3135902,313590,310053,São Lourenço,MG
3136009,313600,310015,Almenara,MG
3136108,313610,310024,Ipatinga,MG
3136207,313620,310026,João Monlevade,MG
3136306,313630,310062,Patos de Minas,MG
3136405,313640,310006,Montes Claros,MG
3136504,313650,310015,Almenara,MG
3136520,313652,310017,Araçuaí,MG
3136553,313655,310021,Guanhães,MG
3136579,313657,310006,Montes Claros,MG
3136603,313660,310001,Belo Horizonte,MG
3136652,313665,310001,Belo Horizonte,MG
3136702,313670,310027,Juiz de Fora,MG
3136801,313680,310006,Montes Claros,MG
3136900,313690,310044,Guaxupé,MG
3136959,313695,310009,Januária,MG
3137007,313700,310013,Teófilo Otoni,MG
3137106,313710,310062,Patos de Minas,MG
3137205,313720,310065,Divinópolis,MG
3137304,313730,310006,Montes Claros,MG
3137403,313740,310039,São João del Rei,MG
3137502,313750,310062,Patos de Minas,MG
3137536,313753,310062,Patos de Minas,MG
3137601,313760,310001,Belo Horizonte,MG
3137700,313770,310028,Manhuaçu,MG
3137809,313780,310053,São Lourenço,MG
3137908,313790,310038,Conselheiro Lafaiete,MG
3138005,313800,310032,Cataguases,MG
3138104,313810,310010,Pirapora,MG
3138203,313820,310043,Lavras,MG
3138302,313830,310065,Divinópolis,MG
3138351,313835,310014,Capelinha,MG
3138401,313840,310032,Cataguases,MG
3138500,313850,310027,Juiz de Fora,MG
3138609,313860,310027,Juiz de Fora,MG
3138625,313862,310058,Iturama,MG
3138658,313865,310006,Montes Claros,MG
3138674,313867,310028,Manhuaçu,MG
3138682,313868,310006,Montes Claros,MG
3138708,313870,310043,Lavras,MG
3138807,313880,310067,Dores do Indaiá,MG
3138906,313890,310019,Águas Formosas,MG
3139003,313900,310042,Alfenas,MG
3139102,313910,310039,São João del Rei,MG
3139201,313920,310013,Teófilo Otoni,MG
3139250,313925,310012,Espinosa,MG
3139300,313930,310007,Janaúba,MG
3139409,313940,310028,Manhuaçu,MG
3139508,313950,310028,Manhuaçu,MG
3139607,313960,310022,Mantena,MG
3139706,313970,310068,Pará de Minas,MG
3139805,313980,310035,São João Nepomuceno - Bicas,MG
3139904,313990,310052,Itajubá,MG
3140001,314000,310003,Santa Bárbara - Ouro Preto,MG
3140100,314010,310020,Governador Valadares,MG
3140159,314015,310001,Belo Horizonte,MG
3140209,314020,310035,São João Nepomuceno - Bicas,MG
3140308,314030,310024,Ipatinga,MG
3140407,314040,310052,Itajubá,MG
3140506,314050,310067,Dores do Indaiá,MG
3140530,314053,310028,Manhuaçu,MG
3140555,314055,310015,Almenara,MG
3140605,314060,310021,Guanhães,MG
3140704,314070,310001,Belo Horizonte,MG
3140803,314080,310027,Juiz de Fora,MG
3140852,314085,310007,Janaúba,MG
3140902,314090,310028,Manhuaçu,MG
3141009,314100,310012,Espinosa,MG
3141108,314110,310002,Sete Lagoas,MG
3141207,314120,310062,Patos de Minas,MG
3141306,314130,310066,Formiga,MG
3141405,314140,310018,Pedra Azul,MG
3141504,314150,310022,Mantena,MG
3141603,314160,310029,Ubá,MG
3141702,314170,310024,Ipatinga,MG
3141801,314180,310014,Capelinha,MG
3141900,314190,310054,Caxambu - Baependi,MG
3142007,314200,310006,Montes Claros,MG
3142106,314210,310031,Muriaé,MG
3142205,314220,310031,Muriaé,MG
3142254,314225,310007,Janaúba,MG
3142304,314230,310001,Belo Horizonte,MG
3142403,314240,310067,Dores do Indaiá,MG
3142502,314250,310004,Curvelo,MG
3142601,314260,310040,Varginha,MG
3142700,314270,310009,Januária,MG
3142809,314280,310059,Uberlândia,MG
3142908,314290,310012,Espinosa,MG
3143005,314300,310044,Guaxupé,MG
3143104,314310,310061,Monte Carmelo,MG
3143153,314315,310013,Teófilo Otoni,MG
3143203,314320,310047,São Sebastião do Paraíso,MG
3143302,314330,310006,Montes Claros,MG
3143401,314340,310050,Pouso Alegre,MG
3143450,314345,310012,Espinosa,MG
3143500,314350,310070,Abaeté,MG
3143609,314360,310004,Curvelo,MG
3143708,314370,310002,Sete Lagoas,MG
3143807,314380,310050,Pouso Alegre,MG
3143906,314390,310031,Muriaé,MG
3144003,314400,310028,Manhuaçu,MG
3144102,314410,310044,Guaxupé,MG
3144201,314420,310020,Governador Valadares,MG
3144300,314430,310013,Teófilo Otoni,MG
3144359,314435,310024,Ipatinga,MG
3144375,314437,310063,Unaí,MG
3144409,314440,310050,Pouso Alegre,MG
3144508,314450,310039,São João del Rei,MG
3144607,314460,310043,Lavras,MG
3144656,314465,310008,Salinas,MG
3144672,314467,310022,Mantena,MG
3144706,314470,310026,João Monlevade,MG
3144805,314480,310001,Belo Horizonte,MG
3144904,314490,310013,Teófilo Otoni,MG
3145000,314500,310055,Uberaba,MG
3145059,314505,310007,Janaúba,MG
3145109,314510,310044,Guaxupé,MG
3145208,314520,310065,Divinópolis,MG
3145307,314530,310013,Teófilo Otoni,MG
3145356,314535,310013,Teófilo Otoni,MG
3145372,314537,310008,Salinas,MG
3145406,314540,310027,Juiz de Fora,MG
3145455,314545,310006,Montes Claros,MG
3145505,314550,310053,São Lourenço,MG
3145604,314560,310069,Oliveira,MG
3145703,314570,310027,Juiz de Fora,MG
3145802,314580,310068,Pará de Minas,MG
3145851,314585,310030,Ponte Nova,MG
3145877,314587,310034,Carangola,MG
3145901,314590,310038,Conselheiro Lafaiete,MG
3146008,314600,310050,Pouso Alegre,MG
3146107,314610,310003,Santa Bárbara - Ouro Preto,MG
3146206,314620,310013,Teófilo Otoni,MG
3146255,314625,310008,Salinas,MG
3146305,314630,310013,Teófilo Otoni,MG
3146404,314640,310070,Abaeté,MG
3146503,314650,310066,Formiga,MG
3146552,314655,310007,Janaúba,MG
3146602,314660,310027,Juiz de Fora,MG
3146701,314670,310032,Cataguases,MG
3146750,314675,310015,Almenara,MG
3146909,314690,310068,Pará de Minas,MG
3147006,314700,310062,Patos de Minas,MG
3147105,314710,310068,Pará de Minas,MG
3147204,314720,310042,Alfenas,MG
3147303,314730,310052,Itajubá,MG
3147402,314740,310002,Sete Lagoas,MG
3147501,314750,310005,Itabira,MG
3147600,314760,310053,São Lourenço,MG
3147709,314770,310069,Oliveira,MG
3147808,314780,310027,Juiz de Fora,MG
3147907,314790,310041,Passos,MG
3147956,314795,310006,Montes Claros,MG
3148004,314800,310062,Patos de Minas,MG
3148103,314810,310064,Patrocínio,MG
3148202,314820,310031,Muriaé,MG
3148301,314830,310033,Viçosa,MG
3148400,314840,310021,Guanhães,MG
3148509,314850,310013,Teófilo Otoni,MG
3148608,314860,310021,Guanhães,MG
3148707,314870,310018,Pedra Azul,MG
3148756,314875,310034,Carangola,MG
3148806,314880,310033,Viçosa,MG
3148905,314890,310065,Divinópolis,MG
3149002,314900,310034,Carangola,MG
3149101,314910,310052,Itajubá,MG
3149150,314915,310009,Januária,MG
3149200,314920,310056,Araxá,MG
3149309,314930,310001,Belo Horizonte,MG
3149408,314940,310027,Juiz de Fora,MG
3149507,314950,310035,São João Nepomuceno - Bicas,MG
3149606,314960,310068,Pará de Minas,MG
3149705,314970,310065,Divinópolis,MG
3149804,314980,310056,Araxá,MG
3149903,314990,310043,Lavras,MG
3149952,314995,310024,Ipatinga,MG
3150000,315000,310013,Teófilo Otoni,MG
3150109,315010,310027,Juiz de Fora,MG
3150158,315015,310025,Caratinga,MG
3150208,315020,310030,Ponte Nova,MG
3150307,315030,310039,São João del Rei,MG
3150406,315040,310069,Oliveira,MG
3150505,315050,310066,Formiga,MG
3150539,315053,310024,Ipatinga,MG
3150570,315057,310011,São Francisco,MG
3150604,315060,310069,Oliveira,MG
3150703,315070,310057,Frutal,MG
3150802,315080,310038,Conselheiro Lafaiete,MG
3150901,315090,310052,Itajubá,MG
3151008,315100,310052,Itajubá,MG
3151107,315110,310036,Além Paraíba,MG
3151206,315120,310010,Pirapora,MG
3151305,315130,310029,Ubá,MG
3151404,315140,310065,Divinópolis,MG
3151503,315150,310049,Piumhi,MG
3151602,315160,310057,Frutal,MG
3151701,315170,310042,Alfenas,MG
3151800,315180,310051,Poços de Caldas,MG
3151909,315190,310028,Manhuaçu,MG
3152006,315200,310067,Dores do Indaiá,MG
3152105,315210,310030,Ponte Nova,MG
3152131,315213,310010,Pirapora,MG
3152170,315217,310013,Teófilo Otoni,MG
3152204,315220,310007,Janaúba,MG
3152303,315230,310033,Viçosa,MG
3152402,315240,310013,Teófilo Otoni,MG
3152501,315250,310050,Pouso Alegre,MG
3152600,315260,310053,São Lourenço,MG
3152709,315270,310039,São João del Rei,MG
3152808,315280,310059,Uberlândia,MG
3152907,315290,310041,Passos,MG
3153004,315300,310056,Araxá,MG
3153103,315310,310033,Viçosa,MG
3153202,315320,310004,Curvelo,MG
3153301,315330,310016,Diamantina,MG
3153400,315340,310062,Patos de Minas,MG
3153509,315350,310028,Manhuaçu,MG
3153608,315360,310002,Sete Lagoas,MG
3153707,315370,310067,Dores do Indaiá,MG
3153806,315380,310038,Conselheiro Lafaiete,MG
3153905,315390,310001,Belo Horizonte,MG
3154002,315400,310025,Caratinga,MG
3154101,315410,310032,Cataguases,MG
3154150,315415,310028,Manhuaçu,MG
3154200,315420,310039,São João del Rei,MG
3154309,315430,310023,Aimorés - Resplendor,MG
3154408,315440,310037,Barbacena,MG
3154457,315445,310063,Unaí,MG
3154507,315450,310007,Janaúba,MG
3154606,315460,310001,Belo Horizonte,MG
3154705,315470,310043,Lavras,MG
3154804,315480,310001,Belo Horizonte,MG
3154903,315490,310030,Ponte Nova,MG
3155009,315500,310030,Ponte Nova,MG
3155108,315510,310015,Almenara,MG
3155207,315520,310038,Conselheiro Lafaiete,MG
3155306,315530,310069,Oliveira,MG
3155405,315540,310027,Juiz de Fora,MG
3155504,315550,310062,Patos de Minas,MG
3155603,315560,310008,Salinas,MG
3155702,315570,310026,João Monlevade,MG
3155801,315580,310029,Ubá,MG
3155900,315590,310027,Juiz de Fora,MG
3156007,315600,310021,Guanhães,MG
3156106,315610,310039,São João del Rei,MG
3156205,315620,310035,São João Nepomuceno - Bicas,MG
3156304,315630,310029,Ubá,MG
3156403,315640,310061,Monte Carmelo,MG
3156452,315645,310031,Muriaé,MG
3156502,315650,310008,Salinas,MG
3156601,315660,310015,Almenara,MG
3156700,315670,310001,Belo Horizonte,MG
3156809,315680,310021,Guanhães,MG
3156908,315690,310055,Uberaba,MG
3157005,315700,310008,Salinas,MG
3157104,315710,310015,Almenara,MG
3157203,315720,310003,Santa Bárbara - Ouro Preto,MG
3157252,315725,310025,Caratinga,MG
3157278,315727,310027,Juiz de Fora,MG
3157302,315730,310037,Barbacena,MG
3157336,315733,310039,São João del Rei,MG
3157377,315737,310008,Salinas,MG
3157401,315740,310030,Ponte Nova,MG
3157500,315750,310020,Governador Valadares,MG
3157609,315760,310010,Pirapora,MG
3157658,315765,310019,Águas Formosas,MG
3157708,315770,310055,Uberaba,MG
3157807,315780,310001,Belo Horizonte,MG
3157906,315790,310028,Manhuaçu,MG
3158003,315800,310005,Itabira,MG
3158102,315810,310015,Almenara,MG
3158201,315820,310021,Guanhães,MG
3158300,315830,310046,Três Pontas - Boa Esperança,MG
3158409,315840,310032,Cataguases,MG
3158508,315850,310002,Sete Lagoas,MG
3158607,315860,310027,Juiz de Fora,MG
3158706,315870,310037,Barbacena,MG
3158805,315880,310048,Campo Belo,MG
3158904,315890,310028,Manhuaçu,MG
3158953,315895,310024,Ipatinga,MG
3159001,315900,310002,Sete Lagoas,MG
3159100,315910,310038,Conselheiro Lafaiete,MG
3159209,315920,310051,Poços de Caldas,MG
3159308,315930,310027,Juiz de Fora,MG
3159357,315935,310025,Caratinga,MG
3159407,315940,310037,Barbacena,MG
3159506,315950,310023,Aimorés - Resplendor,MG
3159605,315960,310050,Pouso Alegre,MG
3159704,315970,310056,Araxá,MG
3159803,315980,310060,Ituiutaba,MG
3159902,315990,310043,Lavras,MG
3160009,316000,310036,Além Paraíba,MG
3160108,316010,310030,Ponte Nova,MG
3160207,316020,310016,Diamantina,MG
3160306,316030,310015,Almenara,MG
3160405,316040,310065,Divinópolis,MG
3160454,316045,310012,Espinosa,MG
3160504,316050,310005,Itabira,MG
3160603,316060,310004,Curvelo,MG
3160702,316070,310027,Juiz de Fora,MG
3160801,316080,310045,Três Corações,MG
3160900,316090,310038,Conselheiro Lafaiete,MG
3160959,316095,310025,Caratinga,MG
3161007,316100,310026,João Monlevade,MG
3161056,316105,310022,Mantena,MG
3161106,316110,310011,São Francisco,MG
3161205,316120,310069,Oliveira,MG
3161304,316130,310058,Iturama,MG
3161403,316140,310031,Muriaé,MG
3161502,316150,310029,Ubá,MG
3161601,316160,310020,Governador Valadares,MG
3161650,316165,310020,Governador Valadares,MG
3161700,316170,310062,Patos de Minas,MG
3161809,316180,310065,Divinópolis,MG
3161908,316190,310026,João Monlevade,MG
3162005,316200,310040,Varginha,MG
3162104,316210,310062,Patos de Minas,MG
3162203,316220,310041,Passos,MG
3162252,316225,310006,Montes Claros,MG
3162302,316230,310050,Pouso Alegre,MG
3162401,316240,310006,Montes Claros,MG
3162450,316245,310009,Januária,MG
3162500,316250,310039,São João del Rei,MG
3162559,316255,310028,Manhuaçu,MG
3162575,316257,310022,Mantena,MG
3162609,316260,310024,Ipatinga,MG
3162658,316265,310006,Montes Claros,MG
3162708,316270,310008,Salinas,MG
3162807,316280,310021,Guanhães,MG
3162906,316290,310035,São João Nepomuceno - Bicas,MG
3162922,316292,310001,Belo Horizonte,MG
3162948,316294,310041,Passos,MG
3162955,316295,310001,Belo Horizonte,MG
3163003,316300,310020,Governador Valadares,MG
3163102,316310,310068,Pará de Minas,MG
3163201,316320,310052,Itajubá,MG
3163300,316330,310013,Teófilo Otoni,MG
3163409,316340,310024,Ipatinga,MG
3163508,316350,310021,Guanhães,MG
3163607,316360,310028,Manhuaçu,MG
3163706,316370,310053,São Lourenço,MG
3163805,316380,310033,Viçosa,MG
3163904,316390,310044,Guaxupé,MG
3164001,316400,310030,Ponte Nova,MG
3164100,316410,310021,Guanhães,MG
3164209,316420,310011,São Francisco,MG
3164308,316430,310049,Piumhi,MG
3164407,316440,310050,Pouso Alegre,MG
3164431,316443,310031,Muriaé,MG
3164472,316447,310025,Caratinga,MG
3164506,316450,310021,Guanhães,MG
3164605,316460,310065,Divinópolis,MG
3164704,316470,310047,São Sebastião do Paraíso,MG
3164803,316480,310005,Itabira,MG
3164902,316490,310053,São Lourenço,MG
3165008,316500,310039,São João del Rei,MG
3165107,316510,310047,São Sebastião do Paraíso,MG
3165206,316520,310045,Três Corações,MG
3165305,316530,310039,São João del Rei,MG
3165404,316540,310052,Itajubá,MG
3165503,316550,310020,Governador Valadares,MG
3165537,316553,310001,Belo Horizonte,MG
3165552,316555,310013,Teófilo Otoni,MG
3165560,316556,310030,Ponte Nova,MG
3165578,316557,310050,Pouso Alegre,MG
3165602,316560,310035,São João Nepomuceno - Bicas,MG
3165701,316570,310029,Ubá,MG
3165800,316580,310050,Pouso Alegre,MG
3165909,316590,310016,Diamantina,MG
3166006,316600,310038,Conselheiro Lafaiete,MG
3166105,316610,310021,Guanhães,MG
3166204,316620,310037,Barbacena,MG
3166303,316630,310030,Ponte Nova,MG
3166402,316640,310054,Caxambu - Baependi,MG
3166501,316650,310016,Diamantina,MG
3166600,316660,310067,Dores do Indaiá,MG
3166709,316670,310013,Teófilo Otoni,MG
3166808,316680,310064,Patrocínio,MG
3166907,316690,310042,Alfenas,MG
3166956,316695,310007,Janaúba,MG
3167004,316700,310054,Caxambu - Baependi,MG
3167103,316710,310016,Diamantina,MG
3167202,316720,310002,Sete Lagoas,MG
3167301,316730,310029,Ubá,MG
3167400,316740,310050,Pouso Alegre,MG
3167509,316750,310027,Juiz de Fora,MG
3167608,316760,310028,Manhuaçu,MG
3167707,316770,310020,Governador Valadares,MG
3167806,316780,310053,São Lourenço,MG
3167905,316790,310029,Ubá,MG
3168002,316800,310008,Salinas,MG
3168051,316805,310028,Manhuaçu,MG
3168101,316810,310056,Araxá,MG
3168200,316820,310066,Formiga,MG
3168309,316830,310001,Belo Horizonte,MG
3168408,316840,310020,Governador Valadares,MG
3168507,316850,310033,Viçosa,MG
3168606,316860,310013,Teófilo Otoni,MG
3168705,316870,310024,Ipatinga,MG
3168804,316880,310039,São João del Rei,MG
3168903,316890,310062,Patos de Minas,MG
3169000,316900,310029,Ubá,MG
3169059,316905,310050,Pouso Alegre,MG
3169109,316910,310050,Pouso Alegre,MG
3169208,316920,310034,Carangola,MG
3169307,316930,310045,Três Corações,MG
3169356,316935,310004,Curvelo,MG
3169406,316940,310046,Três Pontas - Boa Esperança,MG
3169505,316950,310020,Governador Valadares,MG
3169604,316960,310059,Uberlândia,MG
3169703,316970,310014,Capelinha,MG
3169802,316980,310050,Pouso Alegre,MG
3169901,316990,310029,Ubá,MG
3170008,317000,310011,São Francisco,MG
3170057,317005,310025,Caratinga,MG
3170107,317010,310055,Uberaba,MG
3170206,317020,310059,Uberlândia,MG
3170305,317030,310019,Águas Formosas,MG
3170404,317040,310063,Unaí,MG
3170438,317043,310058,Iturama,MG
3170479,317047,310063,Unaí,MG
3170503,317050,310030,Ponte Nova,MG
3170529,317052,310063,Unaí,MG
3170578,317057,310025,Caratinga,MG
3170602,317060,310049,Piumhi,MG
3170651,317065,310008,Salinas,MG
3170701,317070,310040,Varginha,MG
3170750,317075,310062,Patos de Minas,MG
3170800,317080,310010,Pirapora,MG
3170909,317090,310006,Montes Claros,MG
3171006,317100,310062,Patos de Minas,MG
3171030,317103,310007,Janaúba,MG
3171071,317107,310014,Capelinha,MG
3171105,317110,310055,Uberaba,MG
3171154,317115,310025,Caratinga,MG
3171204,317120,310001,Belo Horizonte,MG
3171303,317130,310033,Viçosa,MG
3171402,317140,310031,Muriaé,MG
3171501,317150,310020,Governador Valadares,MG
3171600,317160,310017,Araçuaí,MG
3171709,317170,310053,São Lourenço,MG
3171808,317180,310021,Guanhães,MG
3171907,317190,310020,Governador Valadares,MG
3172004,317200,310029,Ubá,MG
3172103,317210,310036,Além Paraíba,MG
3172202,317220,310052,Itajubá,MG
3200102,320010,320002,Afonso Cláudio - Venda Nova do Imigrante - Santa Maria de Jetibá,ES
3200136,320013,320005,Colatina,ES
3200169,320016,320006,Nova Venécia,ES
3200201,320020,320008,Alegre,ES
3200300,320030,320001,Vitória,ES
3200359,320035,320005,Colatina,ES
3200409,320040,320001,Vitória,ES
3200508,320050,320008,Alegre,ES
3200607,320060,320004,Linhares,ES
3200706,320070,320007,Cachoeiro de Itapemirim,ES
3200805,320080,320005,Colatina,ES
3200904,320090,320006,Nova Venécia,ES
3201001,320100,320003,São Mateus,ES
3201100,320110,320008,Alegre,ES
3201159,320115,320002,Afonso Cláudio - Venda Nova do Imigrante - Santa Maria de Jetibá,ES
3201209,320120,320007,Cachoeiro de Itapemirim,ES
3201308,320130,320001,Vitória,ES
3201407,320140,320007,Cachoeiro de Itapemirim,ES
3201506,320150,320005,Colatina,ES
3201605,320160,320003,São Mateus,ES
3201704,320170,320002,Afonso Cláudio - Venda Nova do Imigrante - Santa Maria de Jetibá,ES
3201803,320180,320008,Alegre,ES
3201902,320190,320002,Afonso Cláudio - Venda Nova do Imigrante - Santa Maria de Jetibá,ES
3202009,320200,320008,Alegre,ES
3202108,320210,320006,Nova Venécia,ES
3202207,320220,320001,Vitória,ES
3202256,320225,320005,Colatina,ES
3202306,320230,320008,Alegre,ES
3202405,320240,320001,Vitória,ES
3202454,320245,320008,Alegre,ES
3202504,320250,320004,Linhares,ES
3202553,320255,320008,Alegre,ES
3202603,320260,320007,Cachoeiro de Itapemirim,ES
3202652,320265,320008,Alegre,ES
3202702,320270,320005,Colatina,ES
3202801,320280,320007,Cachoeiro de Itapemirim,ES
3202900,320290,320002,Afonso Cláudio - Venda Nova do Imigrante - Santa Maria de Jetibá,ES
3203007,320300,320008,Alegre,ES
3203056,320305,320003,São Mateus,ES
3203106,320310,320007,Cachoeiro de Itapemirim,ES
3203130,320313,320004,Linhares,ES
3203163,320316,320002,Afonso Cláudio - Venda Nova do Imigrante - Santa Maria de Jetibá,ES
3203205,320320,320004,Linhares,ES
3203304,320330,320005,Colatina,ES
3203320,320332,320007,Cachoeiro de Itapemirim,ES
3203346,320334,320002,Afonso Cláudio - Venda Nova do Imigrante - Santa Maria de Jetibá,ES
3203353,320335,320005,Colatina,ES
3203403,320340,320007,Cachoeiro de Itapemirim,ES
3203502,320350,320003,São Mateus,ES
3203601,320360,320003,São Mateus,ES
3203700,320370,320008,Alegre,ES
3203809,320380,320007,Cachoeiro de Itapemirim,ES
3203908,320390,320006,Nova Venécia,ES
3204005,320400,320005,Colatina,ES
3204054,320405,320003,São Mateus,ES
3204104,320410,320003,São Mateus,ES
3204203,320420,320001,Vitória,ES
3204252,320425,320003,São Mateus,ES
3204302,320430,320007,Cachoeiro de Itapemirim,ES
3204351,320435,320004,Linhares,ES
3204401,320440,320007,Cachoeiro de Itapemirim,ES
3204500,320450,320002,Afonso Cláudio - Venda Nova do Imigrante - Santa Maria de Jetibá,ES
3204559,320455,320002,Afonso Cláudio - Venda Nova do Imigrante - Santa Maria de Jetibá,ES
3204609,320460,320002,Afonso Cláudio - Venda Nova do Imigrante - Santa Maria de Jetibá,ES
3204658,320465,320005,Colatina,ES
3204708,320470,320005,Colatina,ES
3204807,320480,320008,Alegre,ES
3204906,320490,320003,São Mateus,ES
3204955,320495,320005,Colatina,ES
3205002,320500,320001,Vitória,ES
3205010,320501,320004,Linhares,ES
3205036,320503,320007,Cachoeiro de Itapemirim,ES
3205069,320506,320002,Afonso Cláudio - Venda Nova do Imigrante - Santa Maria de Jetibá,ES
3205101,320510,320001,Vitória,ES
3205150,320515,320006,Nova Venécia,ES
3205176,320517,320005,Colatina,ES
3205200,320520,320001,Vitória,ES
3205309,320530,320001,Vitória,ES
3300100,330010,330002,Angra dos Reis,RJ
3300159,330015,330012,Santo Antônio de Pádua,RJ
3300209,330020,330013,Cabo Frio,RJ
3300225,330022,330007,Petrópolis,RJ
3300233,330023,330013,Cabo Frio,RJ
3300258,330025,330013,Cabo Frio,RJ
3300308,330030,330004,Volta Redonda - Barra Mansa,RJ
3300407,330040,330004,Volta Redonda - Barra Mansa,RJ
3300456,330045,330001,Rio de Janeiro,RJ
3300506,330050,330008,Nova Friburgo,RJ
3300605,330060,330011,Itaperuna,RJ
3300704,330070,330013,Cabo Frio,RJ
3300803,330080,330003,Rio Bonito,RJ
3300902,330090,330012,Santo Antônio de Pádua,RJ
3300936,330093,330014,Macaé - Rio das Ostras,RJ
3300951,330095,330009,Três Rios - Paraíba do Sul,RJ
3301009,330100,330010,Campos dos Goytacazes,RJ
3301108,330110,330008,Nova Friburgo,RJ
3301157,330115,330010,Campos dos Goytacazes,RJ
3301207,330120,330008,Nova Friburgo,RJ
3301306,330130,330014,Macaé - Rio das Ostras,RJ
3301405,330140,330014,Macaé - Rio das Ostras,RJ
3301504,330150,330008,Nova Friburgo,RJ
3301603,330160,330008,Nova Friburgo,RJ
3301702,330170,330001,Rio de Janeiro,RJ
3301801,330180,330004,Volta Redonda - Barra Mansa,RJ
3301850,330185,330001,Rio de Janeiro,RJ
3301876,330187,330013,Cabo Frio,RJ
3301900,330190,330001,Rio de Janeiro,RJ
3302007,330200,330001,Rio de Janeiro,RJ
3302056,330205,330010,Campos dos Goytacazes,RJ
3302106,330210,330012,Santo Antônio de Pádua,RJ
3302205,330220,330011,Itaperuna,RJ
3302254,330225,330005,Resende,RJ
3302270,330227,330001,Rio de Janeiro,RJ
3302304,330230,330011,Itaperuna,RJ
3302403,330240,330014,Macaé - Rio das Ostras,RJ
3302452,330245,330008,Nova Friburgo,RJ
3302502,330250,330001,Rio de Janeiro,RJ
3302601,330260,330001,Rio de Janeiro,RJ
3302700,330270,330001,Rio de Janeiro,RJ
3302809,330280,330004,Volta Redonda - Barra Mansa,RJ
3302858,330285,330001,Rio de Janeiro,RJ
3302908,330290,330006,Valença,RJ
3303005,330300,330012,Santo Antônio de Pádua,RJ
3303104,330310,330011,Itaperuna,RJ
3303203,330320,330001,Rio de Janeiro,RJ
3303302,330330,330001,Rio de Janeiro,RJ
3303401,330340,330008,Nova Friburgo,RJ
3303500,330350,330001,Rio de Janeiro,RJ
3303609,330360,330001,Rio de Janeiro,RJ
3303708,330370,330009,Três Rios - Paraíba do Sul,RJ
3303807,330380,330002,Angra dos Reis,RJ
3303856,330385,330006,Valença,RJ
3303906,330390,330007,Petrópolis,RJ
3303955,330395,330004,Volta Redonda - Barra Mansa,RJ
3304003,330400,330004,Volta Redonda - Barra Mansa,RJ
3304102,330410,330011,Itaperuna,RJ
3304110,330411,330005,Resende,RJ
3304128,330412,330005,Resende,RJ
3304144,330414,330001,Rio de Janeiro,RJ
3304151,330415,330014,Macaé - Rio das Ostras,RJ
3304201,330420,330005,Resende,RJ
3304300,330430,330003,Rio Bonito,RJ
3304409,330440,330004,Volta Redonda - Barra Mansa,RJ
3304508,330450,330006,Valença,RJ
3304524,330452,330014,Macaé - Rio das Ostras,RJ
3304557,330455,330001,Rio de Janeiro,RJ
3304607,330460,330008,Nova Friburgo,RJ
3304706,330470,330012,Santo Antônio de Pádua,RJ
3304755,330475,330010,Campos dos Goytacazes,RJ
3304805,330480,330010,Campos dos Goytacazes,RJ
3304904,330490,330001,Rio de Janeiro,RJ
3305000,330500,330010,Campos dos Goytacazes,RJ
3305109,330510,330001,Rio de Janeiro,RJ
3305133,330513,330011,Itaperuna,RJ
3305158,330515,330007,Petrópolis,RJ
3305208,330520,330013,Cabo Frio,RJ
3305307,330530,330008,Nova Friburgo,RJ
3305406,330540,330009,Três Rios - Paraíba do Sul,RJ
3305505,330550,330001,Rio de Janeiro,RJ
3305554,330555,330001,Rio de Janeiro,RJ
3305604,330560,330003,Rio Bonito,RJ
3305703,330570,330008,Nova Friburgo,RJ
3305752,330575,330001,Rio de Janeiro,RJ
3305802,330580,330007,Petrópolis,RJ
3305901,330590,330008,Nova Friburgo,RJ
3306008,330600,330009,Três Rios - Paraíba do Sul,RJ
3306107,330610,330006,Valença,RJ
3306156,330615,330011,Itaperuna,RJ
3306206,330620,330006,Valença,RJ
3306305,330630,330004,Volta Redonda - Barra Mansa,RJ
3500105,350010,350019,Adamantina - Lucélia,SP
3500204,350020,350025,São José do Rio Preto,SP
3500303,350030,350044,São João da Boa Vista,SP
3500402,350040,350044,São João da Boa Vista,SP
3500501,350050,350048,Amparo,SP
3500550,350055,350007,Avaré,SP
3500600,350060,350040,Piracicaba,SP
3500709,350070,350009,Bauru,SP
3500758,350075,350006,Itapetininga,SP
3500808,350080,350018,Presidente Prudente,SP
3500907,350090,350025,São José do Rio Preto,SP
3501004,350100,350031,Ribeirão Preto,SP
3501103,350110,350023,Birigui - Penápolis,SP
3501152,350115,350003,Sorocaba,SP
3501202,350120,350027,Votuporanga,SP
3501301,350130,350018,Presidente Prudente,SP
3501400,350140,350013,Marília,SP
3501509,350150,350013,Marília,SP
3501608,350160,350038,Campinas,SP
3501707,350170,350036,Araraquara,SP
3501806,350180,350027,Votuporanga,SP
3501905,350190,350048,Amparo,SP
3502002,350200,350046,Rio Claro,SP
3502101,350210,350024,Andradina,SP
3502200,350220,350006,Itapetininga,SP
3502309,350230,350011,Botucatu,SP
3502408,350240,350018,Presidente Prudente,SP
3502507,350250,350052,Guaratinguetá,SP
3502606,350260,350028,Jales,SP
3502705,350270,350004,Itapeva,SP
3502754,350275,350003,Sorocaba,SP
3502804,350280,350022,Araçatuba,SP
3502903,350290,350003,Sorocaba,SP
3503000,350300,350035,Ituverava,SP
3503109,350310,350007,Avaré,SP
3503158,350315,350053,Cruzeiro,SP
3503208,350320,350036,Araraquara,SP
3503307,350330,350045,Araras,SP
3503356,350335,350016,Tupã,SP
3503406,350340,350009,Bauru,SP
3503505,350350,350053,Cruzeiro,SP
3503604,350360,350011,Botucatu,SP
3503703,350370,350026,Catanduva,SP
3503802,350380,350038,Campinas,SP
3503901,350390,350001,São Paulo,SP
3503950,350395,350028,Jales,SP
3504008,350400,350014,Assis,SP
3504107,350410,350041,Bragança Paulista,SP
3504206,350420,350022,Araçatuba,SP
3504305,350430,350009,Bauru,SP
3504404,350440,350023,Birigui - Penápolis,SP
3504503,350450,350007,Avaré,SP
3504602,350460,350025,São José do Rio Preto,SP
3504701,350470,350009,Bauru,SP
3504800,350480,350025,São José do Rio Preto,SP
3504909,350490,350053,Cruzeiro,SP
3505005,350500,350004,Itapeva,SP
3505104,350510,350023,Birigui - Penápolis,SP
3505203,350520,350010,Jaú,SP
3505302,350530,350010,Jaú,SP
3505351,350535,350004,Itapeva,SP
3505401,350540,350005,Registro,SP
3505500,350550,350032,Barretos,SP
3505609,350560,350031,Ribeirão Preto,SP
3505708,350570,350001,São Paulo,SP
3505807,350580,350016,Tupã,SP
3505906,350590,350031,Ribeirão Preto,SP
3506003,350600,350009,Bauru,SP
3506102,350610,350032,Barretos,SP
3506201,350620,350022,Araçatuba,SP
3506300,350630,350015,Ourinhos,SP
3506359,350635,350002,Santos,SP
3506409,350640,350023,Birigui - Penápolis,SP
3506508,350650,350023,Birigui - Penápolis,SP
3506607,350660,350001,São Paulo,SP
3506706,350670,350036,Araraquara,SP
3506805,350680,350010,Jaú,SP
3506904,350690,350011,Botucatu,SP
3507001,350700,350003,Sorocaba,SP
3507100,350710,350041,Bragança Paulista,SP
3507159,350715,350004,Itapeva,SP
3507209,350720,350014,Assis,SP
3507308,350730,350010,Jaú,SP
3507407,350740,350036,Araraquara,SP
3507456,350745,350009,Bauru,SP
3507506,350750,350011,Botucatu,SP
3507605,350760,350041,Bragança Paulista,SP
3507704,350770,350023,Birigui - Penápolis,SP
3507753,350775,350023,Birigui - Penápolis,SP
3507803,350780,350031,Ribeirão Preto,SP
3507902,350790,350010,Jaú,SP
3508009,350800,350004,Itapeva,SP
3508108,350810,350023,Birigui - Penápolis,SP
3508207,350820,350035,Ituverava,SP
3508306,350830,350009,Bauru,SP
3508405,350840,350039,Jundiaí,SP
3508504,350850,350049,São José dos Campos,SP
3508603,350860,350053,Cruzeiro,SP
3508702,350870,350047,São José do Rio Pardo - Mococa,SP
3508801,350880,350012,Lins,SP
3508900,350890,350018,Presidente Prudente,SP
3509007,350900,350001,São Paulo,SP
3509106,350910,350021,Presidente Epitácio-Presidente Venceslau,SP
3509205,350920,350001,São Paulo,SP
3509254,350925,350005,Registro,SP
3509304,350930,350032,Barretos,SP
3509403,350940,350031,Ribeirão Preto,SP
3509452,350945,350006,Itapetininga,SP
3509502,350950,350038,Campinas,SP
3509601,350960,350039,Jundiaí,SP
3509700,350970,350050,Taubaté - Pindamonhangaba,SP
3509809,350980,350013,Marília,SP
3509908,350990,350005,Registro,SP
3509957,350995,350052,Guaratinguetá,SP
3510005,351000,350014,Assis,SP
3510104,351010,350036,Araraquara,SP
3510153,351015,350015,Ourinhos,SP
3510203,351020,350004,Itapeva,SP
3510302,351030,350003,Sorocaba,SP
3510401,351040,350040,Piracicaba,SP
3510500,351050,350051,Caraguatatuba - Ubatuba - São Sebastião,SP
3510609,351060,350001,São Paulo,SP
3510708,351070,350027,Votuporanga,SP
3510807,351080,350044,São João da Boa Vista,SP
3510906,351090,350031,Ribeirão Preto,SP
3511003,351100,350024,Andradina,SP
3511102,351110,350026,Catanduva,SP
3511201,351120,350026,Catanduva,SP
3511300,351130,350025,São José do Rio Preto,SP
3511409,351140,350007,Avaré,SP
3511508,351150,350003,Sorocaba,SP
3511607,351160,350008,Tatuí,SP
3511706,351170,350040,Piracicaba,SP
3511904,351190,350023,Birigui - Penápolis,SP
3512001,351200,350032,Barretos,SP
3512100,351210,350032,Barretos,SP
3512209,351220,350045,Araras,SP
3512308,351230,350011,Botucatu,SP
3512407,351240,350042,Limeira,SP
3512506,351250,350023,Birigui - Penápolis,SP
3512605,351260,350007,Avaré,SP
3512704,351270,350046,Rio Claro,SP
3512803,351280,350038,Campinas,SP
3512902,351290,350027,Votuporanga,SP
3513009,351300,350001,São Paulo,SP
3513108,351310,350031,Ribeirão Preto,SP
3513207,351320,350033,Franca,SP
3513306,351330,350014,Assis,SP
3513405,351340,350053,Cruzeiro,SP
3513504,351350,350002,Santos,SP
3513603,351360,350052,Guaratinguetá,SP
3513702,351370,350037,São Carlos,SP
3513801,351380,350001,São Paulo,SP
3513850,351385,350028,Jales,SP
3513900,351390,350047,São José do Rio Pardo - Mococa,SP
3514007,351400,350036,Araraquara,SP
3514106,351410,350010,Jaú,SP
3514205,351420,350028,Jales,SP
3514304,351430,350037,São Carlos,SP
3514403,351440,350020,Dracena,SP
3514502,351450,350009,Bauru,SP
3514601,351460,350031,Ribeirão Preto,SP
3514700,351470,350013,Marília,SP
3514809,351480,350005,Registro,SP
3514908,351490,350038,Campinas,SP
3514924,351492,350026,Catanduva,SP
3514957,351495,350026,Catanduva,SP
3515004,351500,350001,São Paulo,SP
3515103,351510,350001,São Paulo,SP
3515129,351512,350018,Presidente Prudente,SP
3515152,351515,350042,Limeira,SP
3515186,351518,350044,São João da Boa Vista,SP
3515194,351519,350015,Ourinhos,SP
3515202,351520,350029,Fernandópolis,SP
3515301,351530,350018,Presidente Prudente,SP
3515350,351535,350018,Presidente Prudente,SP
3515400,351540,350017,Piraju,SP
3515509,351550,350029,Fernandópolis,SP
3515608,351560,350026,Catanduva,SP
3515657,351565,350013,Marília,SP
3515707,351570,350001,São Paulo,SP
3515806,351580,350020,Dracena,SP
3515905,351590,350027,Votuporanga,SP
3516002,351600,350019,Adamantina - Lucélia,SP
3516101,351610,350014,Assis,SP
3516200,351620,350033,Franca,SP
3516309,351630,350001,São Paulo,SP
3516408,351640,350001,São Paulo,SP
3516507,351650,350023,Birigui - Penápolis,SP
3516606,351660,350013,Marília,SP
3516705,351670,350013,Marília,SP
3516804,351680,350022,Araçatuba,SP
3516853,351685,350036,Araraquara,SP
3516903,351690,350022,Araçatuba,SP
3517000,351700,350013,Marília,SP
3517109,351710,350023,Birigui - Penápolis,SP
3517208,351720,350012,Lins,SP
3517307,351730,350013,Marília,SP
3517406,351740,350032,Barretos,SP
3517505,351750,350025,São José do Rio Preto,SP
3517604,351760,350004,Itapeva,SP
3517703,351770,350035,Ituverava,SP
3517802,351780,350024,Andradina,SP
3517901,351790,350032,Barretos,SP
3518008,351800,350029,Fernandópolis,SP
3518107,351810,350012,Lins,SP
3518206,351820,350022,Araçatuba,SP
3518305,351830,350001,São Paulo,SP
3518404,351840,350052,Guaratinguetá,SP
3518503,351850,350006,Itapetininga,SP
3518602,351860,350031,Ribeirão Preto,SP
3518701,351870,350002,Santos,SP
3518800,351880,350001,São Paulo,SP
3518859,351885,350031,Ribeirão Preto,SP
3518909,351890,350022,Araçatuba,SP
3519006,351900,350016,Tupã,SP
3519055,351905,350038,Campinas,SP
3519071,351907,350038,Campinas,SP
3519105,351910,350009,Bauru,SP
3519204,351920,350016,Tupã,SP
3519253,351925,350007,Avaré,SP
3519303,351930,350037,São Carlos,SP
3519402,351940,350025,São José do Rio Preto,SP
3519501,351950,350015,Ourinhos,SP
3519600,351960,350036,Araraquara,SP
3519709,351970,350003,Sorocaba,SP
3519808,351980,350025,São José do Rio Preto,SP
3519907,351990,350018,Presidente Prudente,SP
3520004,352000,350010,Jaú,SP
3520103,352010,350035,Ituverava,SP
3520202,352020,350049,São José dos Campos,SP
3520301,352030,350005,Registro,SP
3520400,352040,350051,Caraguatatuba - Ubatuba - São Sebastião,SP
3520426,352042,350005,Registro,SP
3520442,352044,350024,Andradina,SP
3520509,352050,350038,Campinas,SP
3520608,352060,350018,Presidente Prudente,SP
3520707,352070,350029,Fernandópolis,SP
3520806,352080,350019,Adamantina - Lucélia,SP
3520905,352090,350015,Ourinhos,SP
3521002,352100,350003,Sorocaba,SP
3521101,352110,350046,Rio Claro,SP
3521150,352115,350025,São José do Rio Preto,SP
3521200,352120,350005,Registro,SP
3521309,352130,350034,São Joaquim da Barra ¿ Orlândia,SP
3521408,352140,350042,Limeira,SP
3521507,352150,350025,São José do Rio Preto,SP
3521606,352160,350020,Dracena,SP
3521705,352170,350004,Itapeva,SP
3521804,352180,350007,Avaré,SP
3521903,352190,350026,Catanduva,SP
3522000,352200,350010,Jaú,SP
3522109,352210,350002,Santos,SP
3522158,352215,350004,Itapeva,SP
3522208,352220,350001,São Paulo,SP
3522307,352230,350006,Itapetininga,SP
3522406,352240,350004,Itapeva,SP
3522505,352250,350001,São Paulo,SP
3522604,352260,350043,Mogi Guaçu,SP
3522653,352265,350004,Itapeva,SP
3522703,352270,350036,Araraquara,SP
3522802,352280,350004,Itapeva,SP
3522901,352290,350010,Jaú,SP
3523008,352300,350024,Andradina,SP
3523107,352310,350001,São Paulo,SP
3523206,352320,350004,Itapeva,SP
3523305,352330,350002,Santos,SP
3523404,352340,350039,Jundiaí,SP
3523503,352350,350011,Botucatu,SP
3523602,352360,350037,São Carlos,SP
3523701,352370,350033,Franca,SP
3523800,352380,350047,São José do Rio Pardo - Mococa,SP
3523909,352390,350003,Sorocaba,SP
3524006,352400,350039,Jundiaí,SP
3524105,352410,350035,Ituverava,SP
3524204,352420,350032,Barretos,SP
3524303,352430,350031,Ribeirão Preto,SP
3524402,352440,350049,São José dos Campos,SP
3524501,352450,350025,São José do Rio Preto,SP
3524600,352460,350005,Registro,SP
3524709,352470,350038,Campinas,SP
3524808,352480,350028,Jales,SP
3524907,352490,350049,São José dos Campos,SP
3525003,352500,350001,São Paulo,SP
3525102,352510,350031,Ribeirão Preto,SP
3525201,352520,350039,Jundiaí,SP
3525300,352530,350010,Jaú,SP
3525409,352540,350033,Franca,SP
3525508,352550,350041,Bragança Paulista,SP
3525607,352560,350018,Presidente Prudente,SP
3525706,352570,350025,São José do Rio Preto,SP
3525805,352580,350013,Marília,SP
3525854,352585,350003,Sorocaba,SP
3525904,352590,350039,Jundiaí,SP
3526001,352600,350020,Dracena,SP
3526100,352610,350005,Registro,SP
3526209,352620,350001,São Paulo,SP
3526308,352630,350050,Taubaté - Pindamonhangaba,SP
3526407,352640,350040,Piracicaba,SP
3526506,352650,350024,Andradina,SP
3526605,352660,350053,Cruzeiro,SP
3526704,352670,350045,Araras,SP
3526803,352680,350009,Bauru,SP
3526902,352690,350042,Limeira,SP
3527009,352700,350048,Amparo,SP
3527108,352710,350012,Lins,SP
3527207,352720,350052,Guaratinguetá,SP
3527256,352725,350023,Birigui - Penápolis,SP
3527306,352730,350039,Jundiaí,SP
3527405,352740,350019,Adamantina - Lucélia,SP
3527504,352750,350009,Bauru,SP
3527603,352760,350031,Ribeirão Preto,SP
3527702,352770,350023,Birigui - Penápolis,SP
3527801,352780,350013,Marília,SP
3527900,352790,350014,Assis,SP
3528007,352800,350009,Bauru,SP
3528106,352810,350025,São José do Rio Preto,SP
3528205,352820,350029,Fernandópolis,SP
3528304,352830,350022,Araçatuba,SP
3528403,352840,350003,Sorocaba,SP
3528502,352850,350001,São Paulo,SP
3528601,352860,350007,Avaré,SP
3528700,352870,350021,Presidente Epitácio-Presidente Venceslau,SP
3528809,352880,350014,Assis,SP
3528858,352885,350026,Catanduva,SP
3528908,352890,350019,Adamantina - Lucélia,SP
3529005,352900,350013,Marília,SP
3529104,352910,350028,Jales,SP
3529203,352920,350018,Presidente Prudente,SP
3529302,352930,350036,Araraquara,SP
3529401,352940,350001,São Paulo,SP
3529500,352950,350025,São José do Rio Preto,SP
3529609,352960,350029,Fernandópolis,SP
3529658,352965,350028,Jales,SP
3529708,352970,350035,Ituverava,SP
3529807,352980,350010,Jaú,SP
3529906,352990,350005,Registro,SP
3530003,353000,350029,Fernandópolis,SP
3530102,353010,350024,Andradina,SP
3530201,353020,350018,Presidente Prudente,SP
3530300,353030,350025,São José do Rio Preto,SP
3530409,353040,350025,São José do Rio Preto,SP
3530508,353050,350047,São José do Rio Pardo - Mococa,SP
3530607,353060,350001,São Paulo,SP
3530706,353070,350043,Mogi Guaçu,SP
3530805,353080,350043,Mogi Guaçu,SP
3530904,353090,350040,Piracicaba,SP
3531001,353100,350022,Araçatuba,SP
3531100,353110,350002,Santos,SP
3531209,353120,350048,Amparo,SP
3531308,353130,350031,Ribeirão Preto,SP
3531407,353140,350025,São José do Rio Preto,SP
3531506,353150,350032,Barretos,SP
3531605,353160,350020,Dracena,SP
3531704,353170,350049,São José dos Campos,SP
3531803,353180,350038,Campinas,SP
3531902,353190,350034,São Joaquim da Barra ¿ Orlândia,SP
3532009,353200,350039,Jundiaí,SP
3532058,353205,350036,Araraquara,SP
3532108,353210,350024,Andradina,SP
3532157,353215,350018,Presidente Prudente,SP
3532207,353220,350018,Presidente Prudente,SP
3532306,353230,350050,Taubaté - Pindamonhangaba,SP
3532405,353240,350041,Bragança Paulista,SP
3532504,353250,350025,São José do Rio Preto,SP
3532603,353260,350027,Votuporanga,SP
3532702,353270,350025,São José do Rio Preto,SP
3532801,353280,350025,São José do Rio Preto,SP
3532827,353282,350004,Itapeva,SP
3532843,353284,350030,Santa Fé do Sul,SP
3532868,353286,350022,Araçatuba,SP
3532900,353290,350036,Araraquara,SP
3533007,353300,350025,São José do Rio Preto,SP
3533106,353310,350020,Dracena,SP
3533205,353320,350024,Andradina,SP
3533254,353325,350026,Catanduva,SP
3533304,353330,350022,Araçatuba,SP
3533403,353340,350038,Campinas,SP
3533502,353350,350025,São José do Rio Preto,SP
3533601,353360,350034,São Joaquim da Barra ¿ Orlândia,SP
3533700,353370,350013,Marília,SP
3533809,353380,350007,Avaré,SP
3533908,353390,350032,Barretos,SP
3534005,353400,350025,São José do Rio Preto,SP
3534104,353410,350013,Marília,SP
3534203,353420,350025,São José do Rio Preto,SP
3534302,353430,350034,São Joaquim da Barra ¿ Orlândia,SP
3534401,353440,350001,São Paulo,SP
3534500,353450,350013,Marília,SP
3534609,353460,350019,Adamantina - Lucélia,SP
3534708,353470,350015,Ourinhos,SP
3534757,353475,350029,Fernandópolis,SP
3534807,353480,350020,Dracena,SP
3534906,353490,350019,Adamantina - Lucélia,SP
3535002,353500,350025,São José do Rio Preto,SP
3535101,353510,350026,Catanduva,SP
3535200,353520,350028,Jales,SP
3535309,353530,350014,Assis,SP
3535408,353540,350020,Dracena,SP
3535507,353550,350014,Assis,SP
3535606,353560,350049,São José dos Campos,SP
3535705,353570,350026,Catanduva,SP
3535804,353580,350007,Avaré,SP
3535903,353590,350028,Jales,SP
3536000,353600,350016,Tupã,SP
3536109,353610,350011,Botucatu,SP
3536208,353620,350005,Registro,SP
3536257,353625,350027,Votuporanga,SP
3536307,353630,350033,Franca,SP
3536406,353640,350020,Dracena,SP
3536505,353650,350038,Campinas,SP
3536570,353657,350009,Bauru,SP
3536604,353660,350025,São José do Rio Preto,SP
3536703,353670,350009,Bauru,SP
3536802,353680,350041,Bragança Paulista,SP
3536901,353690,350029,Fernandópolis,SP
3537008,353700,350033,Franca,SP
3537107,353710,350038,Campinas,SP
3537156,353715,350014,Assis,SP
3537206,353720,350002,Santos,SP
3537305,353730,350023,Birigui - Penápolis,SP
3537404,353740,350024,Andradina,SP
3537503,353750,350008,Tatuí,SP
3537602,353760,350002,Santos,SP
3537701,353770,350023,Birigui - Penápolis,SP
3537800,353780,350003,Sorocaba,SP
3537909,353790,350003,Sorocaba,SP
3538006,353800,350050,Taubaté - Pindamonhangaba,SP
3538105,353810,350026,Catanduva,SP
3538204,353820,350041,Bragança Paulista,SP
3538303,353830,350021,Presidente Epitácio-Presidente Venceslau,SP
3538501,353850,350052,Guaratinguetá,SP
3538600,353860,350041,Bragança Paulista,SP
3538709,353870,350040,Piracicaba,SP
3538808,353880,350017,Piraju,SP
3538907,353890,350009,Bauru,SP
3539004,353900,350026,Catanduva,SP
3539103,353910,350001,São Paulo,SP
3539202,353920,350018,Presidente Prudente,SP
3539301,353930,350037,São Carlos,SP
3539400,353940,350009,Bauru,SP
3539509,353950,350031,Ribeirão Preto,SP
3539608,353960,350025,São José do Rio Preto,SP
3539707,353970,350014,Assis,SP
3539806,353980,350001,São Paulo,SP
3539905,353990,350025,São José do Rio Preto,SP
3540002,354000,350013,Marília,SP
3540101,354010,350012,Lins,SP
3540200,354020,350031,Ribeirão Preto,SP
3540259,354025,350028,Jales,SP
3540309,354030,350027,Votuporanga,SP
3540408,354040,350028,Jales,SP
3540507,354050,350008,Tatuí,SP
3540606,354060,350003,Sorocaba,SP
3540705,354070,350037,São Carlos,SP
3540754,354075,350052,Guaratinguetá,SP
3540804,354080,350025,São José do Rio Preto,SP
3540853,354085,350019,Adamantina - Lucélia,SP
3540903,354090,350031,Ribeirão Preto,SP
3541000,354100,350002,Santos,SP
3541059,354105,350011,Botucatu,SP
3541109,354110,350009,Bauru,SP
3541208,354120,350018,Presidente Prudente,SP
3541307,354130,350021,Presidente Epitácio-Presidente Venceslau,SP
3541406,354140,350018,Presidente Prudente,SP
3541505,354150,350021,Presidente Epitácio-Presidente Venceslau,SP
3541604,354160,350012,Lins,SP
3541653,354165,350008,Tatuí,SP
3541703,354170,350018,Presidente Prudente,SP
3541802,354180,350016,Tupã,SP
3541901,354190,350053,Cruzeiro,SP
3542008,354200,350013,Marília,SP
3542107,354210,350040,Piracicaba,SP
3542206,354220,350018,Presidente Prudente,SP
3542305,354230,350050,Taubaté - Pindamonhangaba,SP
3542404,354240,350018,Presidente Prudente,SP
3542503,354250,350009,Bauru,SP
3542602,354260,350005,Registro,SP
3542701,354270,350033,Franca,SP
3542800,354280,350004,Itapeva,SP
3542909,354290,350037,São Carlos,SP
3543006,354300,350004,Itapeva,SP
3543105,354310,350033,Franca,SP
3543204,354320,350015,Ourinhos,SP
3543238,354323,350018,Presidente Prudente,SP
3543253,354325,350004,Itapeva,SP
3543303,354330,350001,São Paulo,SP
3543402,354340,350031,Ribeirão Preto,SP
3543501,354350,350004,Itapeva,SP
3543600,354360,350033,Franca,SP
3543709,354370,350036,Araraquara,SP
3543808,354380,350016,Tupã,SP
3543907,354390,350046,Rio Claro,SP
3544004,354400,350040,Piracicaba,SP
3544103,354410,350001,São Paulo,SP
3544202,354420,350027,Votuporanga,SP
3544251,354425,350018,Presidente Prudente,SP
3544301,354430,350052,Guaratinguetá,SP
3544400,354440,350022,Araçatuba,SP
3544509,354450,350030,Santa Fé do Sul,SP
3544608,354460,350012,Lins,SP
3544707,354470,350019,Adamantina - Lucélia,SP
3544806,354480,350025,São José do Rio Preto,SP
3544905,354490,350034,São Joaquim da Barra ¿ Orlândia,SP
3545001,354500,350001,São Paulo,SP
3545100,354510,350019,Adamantina - Lucélia,SP
3545159,354515,350040,Piracicaba,SP
3545209,354520,350003,Sorocaba,SP
3545308,354530,350003,Sorocaba,SP
3545407,354540,350015,Ourinhos,SP
3545506,354550,350018,Presidente Prudente,SP
3545605,354560,350026,Catanduva,SP
3545704,354570,350028,Jales,SP
3545803,354580,350038,Campinas,SP
3546009,354600,350049,São José dos Campos,SP
3546108,354610,350030,Santa Fé do Sul,SP
3546207,354620,350045,Araras,SP
3546256,354625,350031,Ribeirão Preto,SP
3546306,354630,350044,São João da Boa Vista,SP
3546405,354640,350015,Ourinhos,SP
3546504,354650,350031,Ribeirão Preto,SP
3546603,354660,350030,Santa Fé do Sul,SP
3546702,354670,350046,Rio Claro,SP
3546801,354680,350001,São Paulo,SP
3546900,354690,350036,Araraquara,SP
3547007,354700,350040,Piracicaba,SP
3547106,354710,350020,Dracena,SP
3547205,354720,350030,Santa Fé do Sul,SP
3547304,354730,350001,São Paulo,SP
3547403,354740,350030,Santa Fé do Sul,SP
3547502,354750,350037,São Carlos,SP
3547601,354760,350031,Ribeirão Preto,SP
3547650,354765,350028,Jales,SP
3547700,354770,350018,Presidente Prudente,SP
3547809,354780,350001,São Paulo,SP
3547908,354790,350031,Ribeirão Preto,SP
3548005,354800,350038,Campinas,SP
3548054,354805,350022,Araçatuba,SP
3548104,354810,350044,São João da Boa Vista,SP
3548203,354820,350050,Taubaté - Pindamonhangaba,SP
3548302,354830,350018,Presidente Prudente,SP
3548401,354840,350023,Birigui - Penápolis,SP
3548500,354850,350002,Santos,SP
3548609,354860,350050,Taubaté - Pindamonhangaba,SP
3548708,354870,350001,São Paulo,SP
3548807,354880,350001,São Paulo,SP
3548906,354890,350037,São Carlos,SP
3549003,354900,350028,Jales,SP
3549102,354910,350044,São João da Boa Vista,SP
3549201,354920,350029,Fernandópolis,SP
3549250,354925,350029,Fernandópolis,SP
3549300,354930,350020,Dracena,SP
3549409,354940,350034,São Joaquim da Barra ¿ Orlândia,SP
3549508,354950,350033,Franca,SP
3549607,354960,350053,Cruzeiro,SP
3549706,354970,350047,São José do Rio Pardo - Mococa,SP
3549805,354980,350025,São José do Rio Preto,SP
3549904,354990,350049,São José dos Campos,SP
3549953,354995,350001,São Paulo,SP
3550001,355000,350050,Taubaté - Pindamonhangaba,SP
3550100,355010,350011,Botucatu,SP
3550209,355020,350006,Itapetininga,SP
3550308,355030,350001,São Paulo,SP
3550407,355040,350040,Piracicaba,SP
3550506,355050,350015,Ourinhos,SP
3550605,355060,350003,Sorocaba,SP
3550704,355070,350051,Caraguatatuba - Ubatuba - São Sebastião,SP
3550803,355080,350047,São José do Rio Pardo - Mococa,SP
3550902,355090,350031,Ribeirão Preto,SP
3551009,355100,350002,Santos,SP
3551108,355110,350003,Sorocaba,SP
3551207,355120,350017,Piraju,SP
3551306,355130,350027,Votuporanga,SP
3551405,355140,350031,Ribeirão Preto,SP
3551504,355150,350031,Ribeirão Preto,SP
3551603,355160,350048,Amparo,SP
3551702,355170,350031,Ribeirão Preto,SP
3551801,355180,350005,Registro,SP
3551900,355190,350032,Barretos,SP
3552007,355200,350053,Cruzeiro,SP
3552106,355210,350041,Bragança Paulista,SP
3552205,355220,350003,Sorocaba,SP
3552304,355230,350024,Andradina,SP
3552403,355240,350038,Campinas,SP
3552502,355250,350001,São Paulo,SP
3552551,355255,350028,Jales,SP
3552601,355260,350026,Catanduva,SP
3552700,355270,350036,Araraquara,SP
3552809,355280,350001,São Paulo,SP
3552908,355290,350018,Presidente Prudente,SP
3553005,355300,350007,Avaré,SP
3553104,355310,350032,Barretos,SP
3553203,355320,350032,Barretos,SP
3553302,355330,350044,São João da Boa Vista,SP
3553401,355340,350025,São José do Rio Preto,SP
3553500,355350,350003,Sorocaba,SP
3553609,355360,350047,São José do Rio Pardo - Mococa,SP
3553658,355365,350032,Barretos,SP
3553708,355370,350036,Araraquara,SP
3553807,355380,350007,Avaré,SP
3553856,355385,350004,Itapeva,SP
3553906,355390,350018,Presidente Prudente,SP
3553955,355395,350014,Assis,SP
3554003,355400,350008,Tatuí,SP
3554102,355410,350050,Taubaté - Pindamonhangaba,SP
3554201,355420,350017,Piraju,SP
3554300,355430,350018,Presidente Prudente,SP
3554409,355440,350032,Barretos,SP
3554508,355450,350003,Sorocaba,SP
3554607,355460,350017,Piraju,SP
3554656,355465,350008,Tatuí,SP
3554706,355470,350010,Jaú,SP
3554755,355475,350036,Araraquara,SP
3554805,355480,350050,Taubaté - Pindamonhangaba,SP
3554904,355490,350030,Santa Fé do Sul,SP
3554953,355495,350041,Bragança Paulista,SP
3555000,355500,350016,Tupã,SP
3555109,355510,350020,Dracena,SP
3555208,355520,350023,Birigui - Penápolis,SP
3555307,355530,350028,Jales,SP
3555356,355535,350025,São José do Rio Preto,SP
3555406,355540,350051,Caraguatatuba - Ubatuba - São Sebastião,SP
3555505,355550,350009,Bauru,SP
3555604,355560,350025,São José do Rio Preto,SP
3555703,355570,350025,São José do Rio Preto,SP
3555802,355580,350028,Jales,SP
3555901,355590,350012,Lins,SP
3556008,355600,350025,São José do Rio Preto,SP
3556107,355610,350027,Votuporanga,SP
3556206,355620,350038,Campinas,SP
3556305,355630,350022,Araçatuba,SP
3556354,355635,350041,Bragança Paulista,SP
3556404,355640,350044,São João da Boa Vista,SP
3556453,355645,350001,São Paulo,SP
3556503,355650,350039,Jundiaí,SP
3556602,355660,350013,Marília,SP
3556701,355670,350038,Campinas,SP
3556800,355680,350032,Barretos,SP
3556909,355690,350026,Catanduva,SP
3556958,355695,350028,Jales,SP
3557006,355700,350003,Sorocaba,SP
3557105,355710,350027,Votuporanga,SP
3557154,355715,350023,Birigui - Penápolis,SP
3557204,355720,350015,Ourinhos,SP
3557303,355730,350043,Mogi Guaçu,SP
4100103,410010,410022,Santo Antônio da Platina,PR
4100202,410020,410001,Curitiba,PR
4100301,410030,410001,Curitiba,PR
4100400,410040,410001,Curitiba,PR
4100459,410045,410015,Campo Mourão,PR
4100509,410050,410016,Umuarama,PR
4100608,410060,410017,Paranavaí,PR
4100707,410070,410016,Umuarama,PR
4100806,410080,410021,Londrina,PR
4100905,410090,410017,Paranavaí,PR
4101002,410100,410009,Francisco Beltrão,PR
4101051,410105,410006,Cascavel,PR
4101101,410110,410022,Santo Antônio da Platina,PR
4101150,410115,410014,Maringá,PR
4101200,410120,410002,Paranaguá,PR
4101309,410130,410003,União da Vitória,PR
4101408,410140,410023,Apucarana,PR
4101507,410150,410021,Londrina,PR
4101606,410160,410027,Ponta Grossa,PR
4101655,410165,410025,Ivaiporã,PR
4101705,410170,410015,Campo Mourão,PR
4101804,410180,410001,Curitiba,PR
4101853,410185,410025,Ivaiporã,PR
4101903,410190,410021,Londrina,PR
4102000,410200,410008,Toledo,PR
4102109,410210,410014,Maringá,PR
4102208,410220,410014,Maringá,PR
4102307,410230,410001,Curitiba,PR
4102406,410240,410024,Cornélio Procópio ¿ Bandeirantes,PR
4102505,410250,410015,Campo Mourão,PR
4102604,410260,410009,Francisco Beltrão,PR
4102703,410270,410022,Santo Antônio da Platina,PR
4102752,410275,410009,Francisco Beltrão,PR
4102802,410280,410021,Londrina,PR
4102901,410290,410003,União da Vitória,PR
4103008,410300,410015,Campo Mourão,PR
4103024,410302,410012,Dois Vizinhos,PR
4103040,410304,410005,Pitanga,PR
4103057,410305,410006,Cascavel,PR
4103107,410310,410001,Curitiba,PR
4103156,410315,410009,Francisco Beltrão,PR
4103206,410320,410023,Apucarana,PR
4103222,410322,410010,Pato Branco,PR
4103305,410330,410023,Apucarana,PR
4103354,410335,410006,Cascavel,PR
4103370,410337,410016,Umuarama,PR
4103404,410340,410021,Londrina,PR
4103453,410345,410006,Cascavel,PR
4103479,410347,410016,Umuarama,PR
4103503,410350,410023,Apucarana,PR
4103602,410360,410022,Santo Antônio da Platina,PR
4103701,410370,410021,Londrina,PR
4103800,410380,410023,Apucarana,PR
4103909,410390,410015,Campo Mourão,PR
4103958,410395,410004,Guarapuava,PR
4104006,410400,410001,Curitiba,PR
4104055,410405,410006,Cascavel,PR
4104105,410410,410001,Curitiba,PR
4104204,410420,410001,Curitiba,PR
4104253,410425,410001,Curitiba,PR
4104303,410430,410015,Campo Mourão,PR
4104402,410440,410025,Ivaiporã,PR
4104428,410442,410004,Guarapuava,PR
4104451,410445,410004,Guarapuava,PR
4104501,410450,410009,Francisco Beltrão,PR
4104600,410460,410006,Cascavel,PR
4104659,410465,410027,Ponta Grossa,PR
4104709,410470,410022,Santo Antônio da Platina,PR
4104808,410480,410006,Cascavel,PR
4104907,410490,410027,Ponta Grossa,PR
4105003,410500,410006,Cascavel,PR
4105102,410510,410021,Londrina,PR
4105201,410520,410001,Curitiba,PR
4105300,410530,410006,Cascavel,PR
4105409,410540,410010,Pato Branco,PR
4105508,410550,410018,Cianorte,PR
4105607,410560,410016,Umuarama,PR
4105706,410570,410010,Pato Branco,PR
4105805,410580,410001,Curitiba,PR
4105904,410590,410019,Paranacity - Colorado,PR
4106001,410600,410024,Cornélio Procópio ¿ Bandeirantes,PR
4106100,410610,410026,Ibaiti,PR
4106209,410620,410001,Curitiba,PR
4106308,410630,410006,Cascavel,PR
4106407,410640,410024,Cornélio Procópio ¿ Bandeirantes,PR
4106456,410645,410010,Pato Branco,PR
4106506,410650,410010,Pato Branco,PR
4106555,410655,410015,Campo Mourão,PR
4106571,410657,410012,Dois Vizinhos,PR
4106605,410660,410016,Umuarama,PR
4106704,410670,410019,Paranacity - Colorado,PR
4106803,410680,410003,União da Vitória,PR
4106852,410685,410025,Ivaiporã,PR
4106902,410690,410001,Curitiba,PR
4107009,410700,410028,Telêmaco Borba,PR
4107108,410710,410017,Paranavaí,PR
4107124,410712,410006,Cascavel,PR
4107157,410715,410006,Cascavel,PR
4107207,410720,410012,Dois Vizinhos,PR
4107256,410725,410016,Umuarama,PR
4107306,410730,410014,Maringá,PR
4107405,410740,410009,Francisco Beltrão,PR
4107504,410750,410015,Campo Mourão,PR
4107520,410752,410016,Umuarama,PR
4107538,410753,410013,Marechal Cândido Rondon,PR
4107546,410754,410011,Laranjeiras do Sul - Quedas do Iguaçu,PR
4107553,410755,410015,Campo Mourão,PR
4107603,410760,410025,Ivaiporã,PR
4107652,410765,410001,Curitiba,PR
4107702,410770,410015,Campo Mourão,PR
4107736,410773,410029,Irati,PR
4107751,410775,410026,Ibaiti,PR
4107801,410780,410014,Maringá,PR
4107850,410785,410009,Francisco Beltrão,PR
4107900,410790,410014,Maringá,PR
4108007,410800,410021,Londrina,PR
4108106,410810,410014,Maringá,PR
4108205,410820,410008,Toledo,PR
4108304,410830,410007,Foz do Iguaçu,PR
4108320,410832,410016,Umuarama,PR
4108403,410840,410009,Francisco Beltrão,PR
4108452,410845,410004,Guarapuava,PR
4108502,410850,410003,União da Vitória,PR
4108551,410855,410025,Ivaiporã,PR
4108601,410860,410015,Campo Mourão,PR
4108650,410865,410004,Guarapuava,PR
4108700,410870,410025,Ivaiporã,PR
4108809,410880,410008,Toledo,PR
4108908,410890,410017,Paranavaí,PR
4108957,410895,410004,Guarapuava,PR
4109005,410900,410022,Santo Antônio da Platina,PR
4109104,410910,410018,Cianorte,PR
4109203,410920,410021,Londrina,PR
4109302,410930,410006,Cascavel,PR
4109401,410940,410004,Guarapuava,PR
4109500,410950,410002,Paranaguá,PR
4109609,410960,410002,Paranaguá,PR
4109658,410965,410010,Pato Branco,PR
4109708,410970,410026,Ibaiti,PR
4109757,410975,410006,Cascavel,PR
4109807,410980,410021,Londrina,PR
4109906,410990,410016,Umuarama,PR
4110003,411000,410014,Maringá,PR
4110052,411005,410006,Cascavel,PR
4110078,411007,410028,Telêmaco Borba,PR
4110102,411010,410029,Irati,PR
4110201,411020,410004,Guarapuava,PR
4110300,411030,410019,Paranacity - Colorado,PR
4110409,411040,410018,Cianorte,PR
4110508,411050,410027,Ponta Grossa,PR
4110607,411060,410016,Umuarama,PR
4110656,411065,410008,Toledo,PR
4110706,411070,410029,Irati,PR
4110805,411080,410015,Campo Mourão,PR
4110904,411090,410019,Paranacity - Colorado,PR
4110953,411095,410007,Foz do Iguaçu,PR
4111001,411100,410024,Cornélio Procópio ¿ Bandeirantes,PR
4111100,411110,410014,Maringá,PR
4111209,411120,410010,Pato Branco,PR
4111258,411125,410001,Curitiba,PR
4111308,411130,410017,Paranavaí,PR
4111407,411140,410027,Ponta Grossa,PR
4111506,411150,410025,Ivaiporã,PR
4111555,411155,410016,Umuarama,PR
4111605,411160,410014,Maringá,PR
4111704,411170,410026,Ibaiti,PR
4111803,411180,410022,Santo Antônio da Platina,PR
4111902,411190,410021,Londrina,PR
4112009,411200,410027,Ponta Grossa,PR
4112108,411210,410023,Apucarana,PR
4112207,411220,410015,Campo Mourão,PR
4112306,411230,410026,Ibaiti,PR
4112405,411240,410018,Cianorte,PR
4112504,411250,410025,Ivaiporã,PR
4112603,411260,410019,Paranacity - Colorado,PR
4112702,411270,410021,Londrina,PR
4112751,411275,410008,Toledo,PR
4112801,411280,410022,Santo Antônio da Platina,PR
4112900,411290,410022,Santo Antônio da Platina,PR
4112959,411295,410015,Campo Mourão,PR
4113007,411300,410018,Cianorte,PR
4113106,411310,410023,Apucarana,PR
4113205,411320,410001,Curitiba,PR
4113254,411325,410005,Pitanga,PR
4113304,411330,410011,Laranjeiras do Sul - Quedas do Iguaçu,PR
4113403,411340,410024,Cornélio Procópio ¿ Bandeirantes,PR
4113429,411342,410025,Ivaiporã,PR
4113452,411345,410006,Cascavel,PR
4113502,411350,410020,Loanda,PR
4113601,411360,410019,Paranacity - Colorado,PR
4113700,411370,410021,Londrina,PR
4113734,411373,410015,Campo Mourão,PR
4113759,411375,410025,Ivaiporã,PR
4113809,411380,410021,Londrina,PR
4113908,411390,410029,Irati,PR
4114005,411400,410015,Campo Mourão,PR
4114104,411410,410014,Maringá,PR
4114203,411420,410014,Maringá,PR
4114302,411430,410001,Curitiba,PR
4114351,411435,410009,Francisco Beltrão,PR
4114401,411440,410010,Pato Branco,PR
4114500,411450,410025,Ivaiporã,PR
4114609,411460,410013,Marechal Cândido Rondon,PR
4114708,411470,410016,Umuarama,PR
4114807,411480,410014,Maringá,PR
4114906,411490,410023,Apucarana,PR
4115002,411500,410017,Paranavaí,PR
4115101,411510,410016,Umuarama,PR
4115200,411520,410014,Maringá,PR
4115309,411530,410010,Pato Branco,PR
4115358,411535,410008,Toledo,PR
4115408,411540,410009,Francisco Beltrão,PR
4115457,411545,410011,Laranjeiras do Sul - Quedas do Iguaçu,PR
4115507,411550,410023,Apucarana,PR
4115606,411560,410006,Cascavel,PR
4115705,411570,410002,Paranaguá,PR
4115739,411573,410005,Pitanga,PR
4115754,411575,410023,Apucarana,PR
4115804,411580,410007,Foz do Iguaçu,PR
4115853,411585,410013,Marechal Cândido Rondon,PR
4115903,411590,410017,Paranavaí,PR
4116000,411600,410021,Londrina,PR
4116059,411605,410007,Foz do Iguaçu,PR
4116109,411610,410015,Campo Mourão,PR
4116208,411620,410002,Paranaguá,PR
4116307,411630,410014,Maringá,PR
4116406,411640,410019,Paranacity - Colorado,PR
4116505,411650,410017,Paranavaí,PR
4116604,411660,410024,Cornélio Procópio ¿ Bandeirantes,PR
4116703,411670,410006,Cascavel,PR
4116802,411680,410015,Campo Mourão,PR
4116901,411690,410014,Maringá,PR
4116950,411695,410009,Francisco Beltrão,PR
4117008,411700,410024,Cornélio Procópio ¿ Bandeirantes,PR
4117057,411705,410011,Laranjeiras do Sul - Quedas do Iguaçu,PR
4117107,411710,410017,Paranavaí,PR
4117206,411720,410016,Umuarama,PR
4117214,411721,410024,Cornélio Procópio ¿ Bandeirantes,PR
4117222,411722,410013,Marechal Cândido Rondon,PR
4117255,411725,410012,Dois Vizinhos,PR
4117271,411727,410005,Pitanga,PR
4117297,411729,410023,Apucarana,PR
4117305,411730,410028,Telêmaco Borba,PR
4117404,411740,410014,Maringá,PR
4117453,411745,410008,Toledo,PR
4117503,411750,410014,Maringá,PR
4117602,411760,410010,Pato Branco,PR
4117701,411770,410027,Ponta Grossa,PR
4117800,411780,410005,Pitanga,PR
4117909,411790,410008,Toledo,PR
4118006,411800,410017,Paranavaí,PR
4118105,411810,410019,Paranacity - Colorado,PR
4118204,411820,410002,Paranaguá,PR
4118303,411830,410019,Paranacity - Colorado,PR
4118402,411840,410017,Paranavaí,PR
4118451,411845,410013,Marechal Cândido Rondon,PR
4118501,411850,410010,Pato Branco,PR
4118600,411860,410003,União da Vitória,PR
4118709,411870,410003,União da Vitória,PR
4118808,411880,410015,Campo Mourão,PR
4118857,411885,410016,Umuarama,PR
4118907,411890,410016,Umuarama,PR
4119004,411900,410009,Francisco Beltrão,PR
4119103,411910,410001,Curitiba,PR
4119152,411915,410001,Curitiba,PR
4119202,411920,410026,Ibaiti,PR
4119251,411925,410009,Francisco Beltrão,PR
4119301,411930,410004,Guarapuava,PR
4119400,411940,410027,Ponta Grossa,PR
4119509,411950,410001,Curitiba,PR
4119608,411960,410005,Pitanga,PR
4119657,411965,410021,Londrina,PR
4119707,411970,410017,Paranavaí,PR
4119806,411980,410009,Francisco Beltrão,PR
4119905,411990,410027,Ponta Grossa,PR
4119954,411995,410002,Paranaguá,PR
4120002,412000,410021,Londrina,PR
4120101,412010,410027,Ponta Grossa,PR
4120150,412015,410011,Laranjeiras do Sul - Quedas do Iguaçu,PR
4120200,412020,410020,Loanda,PR
4120309,412030,410003,União da Vitória,PR
4120333,412033,410021,Londrina,PR
4120358,412035,410009,Francisco Beltrão,PR
4120408,412040,410014,Maringá,PR
4120507,412050,410021,Londrina,PR
4120606,412060,410004,Guarapuava,PR
4120655,412065,410015,Campo Mourão,PR
4120705,412070,410022,Santo Antônio da Platina,PR
4120804,412080,410001,Curitiba,PR
4120853,412085,410013,Marechal Cândido Rondon,PR
4120903,412090,410011,Laranjeiras do Sul - Quedas do Iguaçu,PR
4121000,412100,410020,Loanda,PR
4121109,412110,410015,Campo Mourão,PR
4121208,412120,410001,Curitiba,PR
4121257,412125,410006,Cascavel,PR
4121307,412130,410024,Cornélio Procópio ¿ Bandeirantes,PR
4121356,412135,410015,Campo Mourão,PR
4121406,412140,410009,Francisco Beltrão,PR
4121505,412150,410029,Irati,PR
4121604,412160,410009,Francisco Beltrão,PR
4121703,412170,410028,Telêmaco Borba,PR
4121752,412175,410004,Guarapuava,PR
4121802,412180,410022,Santo Antônio da Platina,PR
4121901,412190,410022,Santo Antônio da Platina,PR
4122008,412200,410029,Irati,PR
4122107,412210,410023,Apucarana,PR
4122156,412215,410011,Laranjeiras do Sul - Quedas do Iguaçu,PR
4122172,412217,410025,Ivaiporã,PR
4122206,412220,410001,Curitiba,PR
4122305,412230,410001,Curitiba,PR
4122404,412240,410021,Londrina,PR
4122503,412250,410015,Campo Mourão,PR
4122602,412260,410018,Cianorte,PR
4122651,412265,410025,Ivaiporã,PR
4122701,412270,410021,Londrina,PR
4122800,412280,410009,Francisco Beltrão,PR
4122909,412290,410022,Santo Antônio da Platina,PR
4123006,412300,410012,Dois Vizinhos,PR
4123105,412310,410024,Cornélio Procópio ¿ Bandeirantes,PR
4123204,412320,410024,Cornélio Procópio ¿ Bandeirantes,PR
4123303,412330,410020,Loanda,PR
4123402,412340,410014,Maringá,PR
4123501,412350,410008,Toledo,PR
4123600,412360,410019,Paranacity - Colorado,PR
4123709,412370,410020,Loanda,PR
4123808,412380,410009,Francisco Beltrão,PR
4123824,412382,410006,Cascavel,PR
4123857,412385,410005,Pitanga,PR
4123907,412390,410024,Cornélio Procópio ¿ Bandeirantes,PR
4123956,412395,410020,Loanda,PR
4124004,412400,410022,Santo Antônio da Platina,PR
4124020,412402,410006,Cascavel,PR
4124053,412405,410007,Foz do Iguaçu,PR
4124103,412410,410022,Santo Antônio da Platina,PR
4124202,412420,410017,Paranavaí,PR
4124301,412430,410024,Cornélio Procópio ¿ Bandeirantes,PR
4124400,412440,410009,Francisco Beltrão,PR
4124509,412450,410019,Paranacity - Colorado,PR
4124608,412460,410017,Paranavaí,PR
4124707,412470,410024,Cornélio Procópio ¿ Bandeirantes,PR
4124806,412480,410010,Pato Branco,PR
4124905,412490,410017,Paranavaí,PR
4125001,412500,410025,Ivaiporã,PR
4125100,412510,410027,Ponta Grossa,PR
4125209,412520,410012,Dois Vizinhos,PR
4125308,412530,410014,Maringá,PR
4125357,412535,410016,Umuarama,PR
4125407,412540,410022,Santo Antônio da Platina,PR
4125456,412545,410008,Toledo,PR
4125506,412550,410001,Curitiba,PR
4125555,412555,410018,Cianorte,PR
4125605,412560,410003,União da Vitória,PR
4125704,412570,410007,Foz do Iguaçu,PR
4125753,412575,410008,Toledo,PR
4125803,412580,410023,Apucarana,PR
4125902,412590,410020,Loanda,PR
4126009,412600,410024,Cornélio Procópio ¿ Bandeirantes,PR
4126108,412610,410018,Cianorte,PR
4126207,412620,410024,Cornélio Procópio ¿ Bandeirantes,PR
4126256,412625,410014,Maringá,PR
4126272,412627,410010,Pato Branco,PR
4126306,412630,410027,Ponta Grossa,PR
4126355,412635,410007,Foz do Iguaçu,PR
4126405,412640,410024,Cornélio Procópio ¿ Bandeirantes,PR
4126504,412650,410021,Londrina,PR
4126603,412660,410022,Santo Antônio da Platina,PR
4126652,412665,410010,Pato Branco,PR
4126678,412667,410021,Londrina,PR
4126702,412670,410017,Paranavaí,PR
4126801,412680,410018,Cianorte,PR
4126900,412690,410016,Umuarama,PR
4127007,412700,410029,Irati,PR
4127106,412710,410028,Telêmaco Borba,PR
4127205,412720,410018,Cianorte,PR
4127304,412730,410017,Paranavaí,PR
4127403,412740,410008,Toledo,PR
4127502,412750,410028,Telêmaco Borba,PR
4127601,412760,410001,Curitiba,PR
4127700,412770,410008,Toledo,PR
4127809,412780,410022,Santo Antônio da Platina,PR
4127858,412785,410006,Cascavel,PR
4127882,412788,410001,Curitiba,PR
4127908,412790,410018,Cianorte,PR
4127957,412795,410008,Toledo,PR
4127965,412796,410004,Guarapuava,PR
4128005,412800,410015,Campo Mourão,PR
4128104,412810,410016,Umuarama,PR
4128203,412820,410003,União da Vitória,PR
4128302,412830,410014,Maringá,PR
4128401,412840,410024,Cornélio Procópio ¿ Bandeirantes,PR
4128500,412850,410022,Santo Antônio da Platina,PR
4128534,412853,410028,Telêmaco Borba,PR
4128559,412855,410006,Cascavel,PR
4128609,412860,410009,Francisco Beltrão,PR
4128625,412862,410016,Umuarama,PR
4128633,412863,410001,Curitiba,PR
4128658,412865,410011,Laranjeiras do Sul - Quedas do Iguaçu,PR
4128708,412870,410010,Pato Branco,PR
4128807,412880,410016,Umuarama,PR
4200051,420005,420008,Joaçaba - Herval d'Oeste,SC
4200101,420010,420011,Xanxerê,SC
4200200,420020,420022,Rio do Sul,SC
4200309,420030,420022,Rio do Sul,SC
4200408,420040,420008,Joaçaba - Herval d'Oeste,SC
4200507,420050,420007,Chapecó,SC
4200556,420055,420007,Chapecó,SC
4200606,420060,420001,Florianópolis,SC
4200705,420070,420001,Florianópolis,SC
4200754,420075,420010,Concórdia,SC
4200804,420080,420009,São Miguel do Oeste,SC
4200903,420090,420001,Florianópolis,SC
4201000,420100,420005,Lages,SC
4201109,420110,420001,Florianópolis,SC
4201208,420120,420001,Florianópolis,SC
4201257,420125,420019,Blumenau,SC
4201273,420127,420010,Concórdia,SC
4201307,420130,420016,Joinville,SC
4201406,420140,420004,Araranguá,SC
4201505,420150,420003,Tubarão,SC
4201604,420160,420015,Videira,SC
4201653,420165,420007,Chapecó,SC
4201703,420170,420019,Blumenau,SC
4201802,420180,420022,Rio do Sul,SC
4201901,420190,420022,Rio do Sul,SC
4201950,420195,420004,Araranguá,SC
4202008,420200,420020,Itajaí,SC
4202057,420205,420016,Joinville,SC
4202073,420207,420004,Araranguá,SC
4202081,420208,420009,São Miguel do Oeste,SC
4202099,420209,420009,São Miguel do Oeste,SC
4202107,420210,420020,Itajaí,SC
4202131,420213,420017,Mafra,SC
4202156,420215,420009,São Miguel do Oeste,SC
4202206,420220,420019,Blumenau,SC
4202305,420230,420001,Florianópolis,SC
4202404,420240,420019,Blumenau,SC
4202438,420243,420005,Lages,SC
4202453,420245,420020,Itajaí,SC
4202503,420250,420005,Lages,SC
4202537,420253,420011,Xanxerê,SC
4202578,420257,420012,Maravilha,SC
4202602,420260,420005,Lages,SC
4202701,420270,420021,Brusque,SC
4202800,420280,420003,Tubarão,SC
4202859,420285,420022,Rio do Sul,SC
4202875,420287,420006,Curitibanos,SC
4202909,420290,420021,Brusque,SC
4203006,420300,420014,Caçador,SC
4203105,420310,420007,Chapecó,SC
4203154,420315,420014,Caçador,SC
4203204,420320,420020,Itajaí,SC
4203253,420325,420005,Lages,SC
4203303,420330,420018,São Bento do Sul - Rio Negrinho,SC
4203402,420340,420005,Lages,SC
4203501,420350,420013,São Lourenço do Oeste,SC
4203600,420360,420008,Joaçaba - Herval d'Oeste,SC
4203709,420370,420021,Brusque,SC
4203808,420380,420017,Mafra,SC
4203907,420390,420008,Joaçaba - Herval d'Oeste,SC
4203956,420395,420003,Tubarão,SC
4204004,420400,420008,Joaçaba - Herval d'Oeste,SC
4204103,420410,420007,Chapecó,SC
4204152,420415,420008,Joaçaba - Herval d'Oeste,SC
4204178,420417,420005,Lages,SC
4204194,420419,420024,Ituporanga,SC
4204202,420420,420007,Chapecó,SC
4204251,420425,420002,Criciúma,SC
4204301,420430,420010,Concórdia,SC
4204350,420435,420007,Chapecó,SC
4204400,420440,420007,Chapecó,SC
4204459,420445,420011,Xanxerê,SC
4204509,420450,420016,Joinville,SC
4204558,420455,420005,Lages,SC
4204608,420460,420002,Criciúma,SC
4204707,420470,420012,Maravilha,SC
4204756,420475,420007,Chapecó,SC
4204806,420480,420006,Curitibanos,SC
4204905,420490,420009,São Miguel do Oeste,SC
4205001,420500,420009,São Miguel do Oeste,SC
4205100,420510,420023,Ibirama - Presidente Getúlio,SC
4205159,420515,420019,Blumenau,SC
4205175,420517,420011,Xanxerê,SC
4205191,420519,420004,Araranguá,SC
4205209,420520,420008,Joaçaba - Herval d'Oeste,SC
4205308,420530,420011,Xanxerê,SC
4205357,420535,420009,São Miguel do Oeste,SC
4205407,420540,420001,Florianópolis,SC
4205431,420543,420007,Chapecó,SC
4205456,420545,420002,Criciúma,SC
4205506,420550,420015,Videira,SC
4205555,420555,420006,Curitibanos,SC
4205605,420560,420013,São Lourenço do Oeste,SC
4205704,420570,420001,Florianópolis,SC
4205803,420580,420016,Joinville,SC
4205902,420590,420019,Blumenau,SC
4206009,420600,420001,Florianópolis,SC
4206108,420610,420003,Tubarão,SC
4206207,420620,420003,Tubarão,SC
4206306,420630,420021,Brusque,SC
4206405,420640,420009,São Miguel do Oeste,SC
4206504,420650,420016,Joinville,SC
4206603,420660,420009,São Miguel do Oeste,SC
4206652,420665,420007,Chapecó,SC
4206702,420670,420008,Joaçaba - Herval d'Oeste,SC
4206751,420675,420015,Videira,SC
4206801,420680,420008,Joaçaba - Herval d'Oeste,SC
4206900,420690,420023,Ibirama - Presidente Getúlio,SC
4207007,420700,420002,Criciúma,SC
4207106,420710,420019,Blumenau,SC
4207205,420720,420003,Tubarão,SC
4207304,420730,420001,Florianópolis,SC
4207403,420740,420024,Ituporanga,SC
4207502,420750,420019,Blumenau,SC
4207577,420757,420015,Videira,SC
4207601,420760,420010,Concórdia,SC
4207650,420765,420009,São Miguel do Oeste,SC
4207684,420768,420011,Xanxerê,SC
4207700,420770,420010,Concórdia,SC
4207759,420775,420012,Maravilha,SC
4207809,420780,420010,Concórdia,SC
4207858,420785,420007,Chapecó,SC
4207908,420790,420017,Mafra,SC
4208005,420800,420010,Concórdia,SC
4208104,420810,420017,Mafra,SC
4208203,420820,420020,Itajaí,SC
4208302,420830,420020,Itajaí,SC
4208401,420840,420009,São Miguel do Oeste,SC
4208450,420845,420016,Joinville,SC
4208500,420850,420024,Ituporanga,SC
4208609,420860,420008,Joaçaba - Herval d'Oeste,SC
4208708,420870,420004,Araranguá,SC
4208807,420880,420003,Tubarão,SC
4208906,420890,420016,Joinville,SC
4208955,420895,420007,Chapecó,SC
4209003,420900,420008,Joaçaba - Herval d'Oeste,SC
4209102,420910,420016,Joinville,SC
4209151,420915,420023,Ibirama - Presidente Getúlio,SC
4209177,420917,420013,São Lourenço do Oeste,SC
4209201,420920,420008,Joaçaba - Herval d'Oeste,SC
4209300,420930,420005,Lages,SC
4209409,420940,420003,Tubarão,SC
4209458,420945,420007,Chapecó,SC
4209508,420950,420022,Rio do Sul,SC
4209607,420960,420002,Criciúma,SC
4209706,420970,420014,Caçador,SC
4209805,420980,420024,Ituporanga,SC
4209854,420985,420010,Concórdia,SC
4209904,420990,420022,Rio do Sul,SC
4210001,421000,420020,Itajaí,SC
4210035,421003,420008,Joaçaba - Herval d'Oeste,SC
4210050,421005,420014,Caçador,SC
4210100,421010,420017,Mafra,SC
4210209,421020,420021,Brusque,SC
4210308,421030,420017,Mafra,SC
4210407,421040,420004,Araranguá,SC
4210506,421050,420012,Maravilha,SC
4210555,421055,420007,Chapecó,SC
4210605,421060,420016,Joinville,SC
4210704,421070,420014,Caçador,SC
4210803,421080,420004,Araranguá,SC
4210852,421085,420022,Rio do Sul,SC
4210902,421090,420007,Chapecó,SC
4211009,421100,420007,Chapecó,SC
4211058,421105,420015,Videira,SC
4211108,421110,420017,Mafra,SC
4211207,421120,420002,Criciúma,SC
4211256,421125,420002,Criciúma,SC
4211306,421130,420020,Itajaí,SC
4211405,421140,420007,Chapecó,SC
4211454,421145,420007,Chapecó,SC
4211504,421150,420021,Brusque,SC
4211603,421160,420002,Criciúma,SC
4211652,421165,420013,São Lourenço do Oeste,SC
4211702,421170,420002,Criciúma,SC
4211751,421175,420005,Lages,SC
4211801,421180,420008,Joaçaba - Herval d'Oeste,SC
4211850,421185,420011,Xanxerê,SC
4211876,421187,420007,Chapecó,SC
4211892,421189,420005,Lages,SC
4211900,421190,420001,Florianópolis,SC
4212007,421200,420009,São Miguel do Oeste,SC
4212056,421205,420005,Lages,SC
4212106,421210,420007,Chapecó,SC
4212205,421220,420017,Mafra,SC
4212239,421223,420009,São Miguel do Oeste,SC
4212254,421225,420004,Araranguá,SC
4212270,421227,420011,Xanxerê,SC
4212304,421230,420001,Florianópolis,SC
4212403,421240,420003,Tubarão,SC
4212502,421250,420020,Itajaí,SC
4212601,421260,420010,Concórdia,SC
4212650,421265,420003,Tubarão,SC
4212700,421270,420024,Ituporanga,SC
4212809,421280,420020,Itajaí,SC
4212908,421290,420007,Chapecó,SC
4213005,421300,420015,Videira,SC
4213104,421310,420010,Concórdia,SC
4213153,421315,420007,Chapecó,SC
4213203,421320,420019,Blumenau,SC
4213302,421330,420005,Lages,SC
4213351,421335,420006,Curitibanos,SC
4213401,421340,420011,Xanxerê,SC
4213500,421350,420020,Itajaí,SC
4213609,421360,420017,Mafra,SC
4213708,421370,420022,Rio do Sul,SC
4213807,421380,420004,Araranguá,SC
4213906,421390,420010,Concórdia,SC
4214003,421400,420023,Ibirama - Presidente Getúlio,SC
4214102,421410,420022,Rio do Sul,SC
4214151,421415,420009,São Miguel do Oeste,SC
4214201,421420,420007,Chapecó,SC
4214300,421430,420001,Florianópolis,SC
4214409,421440,420015,Videira,SC
4214508,421450,420022,Rio do Sul,SC
4214607,421460,420022,Rio do Sul,SC
4214706,421470,420019,Blumenau,SC
4214805,421480,420022,Rio do Sul,SC
4214904,421490,420003,Tubarão,SC
4215000,421500,420018,São Bento do Sul - Rio Negrinho,SC
4215059,421505,420005,Lages,SC
4215075,421507,420007,Chapecó,SC
4215109,421510,420019,Blumenau,SC
4215208,421520,420009,São Miguel do Oeste,SC
4215307,421530,420022,Rio do Sul,SC
4215356,421535,420012,Maravilha,SC
4215406,421540,420015,Videira,SC
4215455,421545,420003,Tubarão,SC
4215505,421550,420006,Curitibanos,SC
4215554,421555,420009,São Miguel do Oeste,SC
4215604,421560,420003,Tubarão,SC
4215653,421565,420004,Araranguá,SC
4215679,421567,420022,Rio do Sul,SC
4215687,421568,420012,Maravilha,SC
4215695,421569,420007,Chapecó,SC
4215703,421570,420001,Florianópolis,SC
4215752,421575,420013,São Lourenço do Oeste,SC
4215802,421580,420018,São Bento do Sul - Rio Negrinho,SC
4215901,421590,420001,Florianópolis,SC
4216008,421600,420007,Chapecó,SC
4216057,421605,420006,Curitibanos,SC
4216107,421610,420011,Xanxerê,SC
4216206,421620,420016,Joinville,SC
4216255,421625,420009,São Miguel do Oeste,SC
4216305,421630,420021,Brusque,SC
4216354,421635,420016,Joinville,SC
4216404,421640,420004,Araranguá,SC
4216503,421650,420005,Lages,SC
4216602,421660,420001,Florianópolis,SC
4216701,421670,420009,São Miguel do Oeste,SC
4216800,421680,420005,Lages,SC
4216909,421690,420013,São Lourenço do Oeste,SC
4217006,421700,420003,Tubarão,SC
4217105,421710,420003,Tubarão,SC
4217154,421715,420012,Maravilha,SC
4217204,421720,420009,São Miguel do Oeste,SC
4217253,421725,420001,Florianópolis,SC
4217303,421730,420007,Chapecó,SC
4217402,421740,420016,Joinville,SC
4217501,421750,420010,Concórdia,SC
4217550,421755,420007,Chapecó,SC
4217600,421760,420002,Criciúma,SC
4217709,421770,420004,Araranguá,SC
4217758,421775,420007,Chapecó,SC
4217808,421780,420022,Rio do Sul,SC
4217907,421790,420015,Videira,SC
4217956,421795,420012,Maravilha,SC
4218004,421800,420020,Itajaí,SC
4218103,421810,420004,Araranguá,SC
4218202,421820,420019,Blumenau,SC
4218251,421825,420014,Caçador,SC
4218301,421830,420017,Mafra,SC
4218350,421835,420002,Criciúma,SC
4218400,421840,420003,Tubarão,SC
4218509,421850,420008,Joaçaba - Herval d'Oeste,SC
4218608,421860,420022,Rio do Sul,SC
4218707,421870,420003,Tubarão,SC
4218756,421875,420009,São Miguel do Oeste,SC
4218806,421880,420004,Araranguá,SC
4218855,421885,420007,Chapecó,SC
4218905,421890,420005,Lages,SC
4218954,421895,420005,Lages,SC
4219002,421900,420002,Criciúma,SC
4219101,421910,420011,Xanxerê,SC
4219150,421915,420008,Joaçaba - Herval d'Oeste,SC
4219176,421917,420008,Joaçaba - Herval d'Oeste,SC
4219200,421920,420024,Ituporanga,SC
4219309,421930,420015,Videira,SC
4219358,421935,420023,Ibirama - Presidente Getúlio,SC
4219408,421940,420023,Ibirama - Presidente Getúlio,SC
4219507,421950,420011,Xanxerê,SC
4219606,421960,420011,Xanxerê,SC
4219705,421970,420007,Chapecó,SC
4219853,421985,420008,Joaçaba - Herval d'Oeste,SC
4220000,422000,420002,Criciúma,SC
4300034,430003,430010,Bagé,RS
4300059,430005,430032,Tapejara - Sananduva,RS
4300109,430010,430011,Santa Maria,RS
4300208,430020,430018,Ijuí,RS
4300307,430030,430019,Santa Rosa,RS
4300406,430040,430015,Uruguaiana,RS
4300455,430045,430023,Três de Maio,RS
4300471,430047,430028,Carazinho,RS
4300505,430050,430035,Nonoai,RS
4300554,430055,430025,Passo Fundo,RS
4300570,430057,430036,Caxias do Sul,RS
4300604,430060,430001,Porto Alegre,RS
4300638,430063,430005,Camaquã,RS
4300646,430064,430029,Frederico Westphalen,RS
4300661,430066,430038,Nova Prata - Guaporé,RS
4300703,430070,430043,Encantado,RS
4300802,430080,430036,Caxias do Sul,RS
4300851,430085,430005,Camaquã,RS
4300877,430087,430002,Novo Hamburgo - São Leopoldo,RS
4300901,430090,430026,Erechim,RS
4301008,430100,430041,Lajeado,RS
4301057,430105,430008,Torres,RS
4301073,430107,430009,Pelotas,RS
4301107,430110,430001,Porto Alegre,RS
4301206,430120,430042,Sobradinho,RS
4301305,430130,430009,Pelotas,RS
4301404,430140,430031,Soledade,RS
4301503,430150,430018,Ijuí,RS
4301552,430155,430026,Erechim,RS
4301602,430160,430010,Bagé,RS
4301636,430163,430003,Tramandaí - Osório,RS
4301651,430165,430037,Bento Gonçalves,RS
4301701,430170,430026,Erechim,RS
4301750,430175,430001,Porto Alegre,RS
4301800,430180,430033,Lagoa Vermelha,RS
4301859,430185,430021,Três Passos,RS
4301875,430187,430015,Uruguaiana,RS
4301909,430190,430001,Porto Alegre,RS
4301925,430192,430026,Erechim,RS
4301958,430195,430028,Carazinho,RS
4302006,430200,430031,Soledade,RS
4302055,430205,430026,Erechim,RS
4302105,430210,430037,Bento Gonçalves,RS
4302154,430215,430029,Frederico Westphalen,RS
4302204,430220,430023,Três de Maio,RS
4302220,430222,430027,Cruz Alta,RS
4302238,430223,430027,Cruz Alta,RS
4302253,430225,430037,Bento Gonçalves,RS
4302303,430230,430039,Vacaria,RS
4302352,430235,430002,Novo Hamburgo - São Leopoldo,RS
4302378,430237,430021,Três Passos,RS
4302402,430240,430041,Lajeado,RS
4302451,430245,430041,Lajeado,RS
4302501,430250,430022,São Luiz Gonzaga,RS
4302584,430258,430018,Ijuí,RS
4302600,430260,430021,Três Passos,RS
4302659,430265,430007,Montenegro,RS
4302709,430270,430006,Charqueadas - Triunfo - São Jerônimo,RS
4302808,430280,430012,São Gabriel - Caçapava do Sul,RS
4302907,430290,430011,Santa Maria,RS
4303004,430300,430013,Cachoeira do Sul,RS
4303103,430310,430001,Porto Alegre,RS
4303202,430320,430033,Lagoa Vermelha,RS
4303301,430330,430022,São Luiz Gonzaga,RS
4303400,430340,430029,Frederico Westphalen,RS
4303509,430350,430005,Camaquã,RS
4303558,430355,430030,Marau,RS
4303608,430360,430036,Caxias do Sul,RS
4303673,430367,430036,Caxias do Sul,RS
4303707,430370,430019,Santa Rosa,RS
4303806,430380,430026,Erechim,RS
4303905,430390,430002,Novo Hamburgo - São Leopoldo,RS
4304002,430400,430021,Três Passos,RS
4304101,430410,430025,Passo Fundo,RS
4304200,430420,430040,Santa Cruz do Sul,RS
4304309,430430,430019,Santa Rosa,RS
4304358,430435,430010,Bagé,RS
4304408,430440,430036,Caxias do Sul,RS
4304507,430450,430009,Pelotas,RS
4304606,430460,430001,Porto Alegre,RS
4304614,430461,430041,Lajeado,RS
4304622,430462,430033,Lagoa Vermelha,RS
4304630,430463,430003,Tramandaí - Osório,RS
4304655,430465,430014,Santiago,RS
4304663,430466,430009,Pelotas,RS
4304671,430467,430001,Porto Alegre,RS
4304689,430468,430002,Novo Hamburgo - São Leopoldo,RS
4304697,430469,430041,Lajeado,RS
4304705,430470,430028,Carazinho,RS
4304713,430471,430001,Porto Alegre,RS
4304804,430480,430037,Bento Gonçalves,RS
4304853,430485,430026,Erechim,RS
4304903,430490,430030,Marau,RS
4304952,430495,430033,Lagoa Vermelha,RS
4305009,430500,430018,Ijuí,RS
4305108,430510,430036,Caxias do Sul,RS
4305116,430511,430026,Erechim,RS
4305124,430512,430009,Pelotas,RS
4305132,430513,430013,Cachoeira do Sul,RS
4305157,430515,430034,Palmeira das Missões,RS
4305173,430517,430005,Camaquã,RS
4305207,430520,430024,Cerro Largo,RS
4305306,430530,430028,Carazinho,RS
4305355,430535,430006,Charqueadas - Triunfo - São Jerônimo,RS
4305371,430537,430032,Tapejara - Sananduva,RS
4305405,430540,430018,Ijuí,RS
4305439,430543,430009,Pelotas,RS
4305447,430544,430005,Camaquã,RS
4305454,430545,430003,Tramandaí - Osório,RS
4305504,430550,430030,Marau,RS
4305587,430558,430041,Lajeado,RS
4305603,430560,430028,Carazinho,RS
4305702,430570,430018,Ijuí,RS
4305801,430580,430028,Carazinho,RS
4305835,430583,430041,Lajeado,RS
4305850,430585,430028,Carazinho,RS
4305871,430587,430018,Ijuí,RS
4305900,430590,430018,Ijuí,RS
4305934,430593,430037,Bento Gonçalves,RS
4305959,430595,430037,Bento Gonçalves,RS
4305975,430597,430025,Passo Fundo,RS
4306007,430600,430021,Três Passos,RS
4306056,430605,430005,Camaquã,RS
4306072,430607,430029,Frederico Westphalen,RS
4306106,430610,430027,Cruz Alta,RS
4306130,430613,430026,Erechim,RS
4306205,430620,430041,Lajeado,RS
4306304,430630,430030,Marau,RS
4306320,430632,430021,Três Passos,RS
4306353,430635,430022,São Luiz Gonzaga,RS
4306379,430637,430011,Santa Maria,RS
4306403,430640,430002,Novo Hamburgo - São Leopoldo,RS
4306429,430642,430034,Palmeira das Missões,RS
4306452,430645,430038,Nova Prata - Guaporé,RS
4306502,430650,430005,Camaquã,RS
4306551,430655,430008,Torres,RS
4306601,430660,430010,Bagé,RS
4306700,430670,430011,Santa Maria,RS
4306734,430673,430023,Três de Maio,RS
4306759,430675,430043,Encantado,RS
4306767,430676,430001,Porto Alegre,RS
4306809,430680,430043,Encantado,RS
4306908,430690,430040,Santa Cruz do Sul,RS
4306924,430692,430028,Carazinho,RS
4306932,430693,430020,Santo Ângelo,RS
4306957,430695,430026,Erechim,RS
4306973,430697,430026,Erechim,RS
4307005,430700,430026,Erechim,RS
4307054,430705,430025,Passo Fundo,RS
4307104,430710,430009,Pelotas,RS
4307203,430720,430026,Erechim,RS
4307302,430730,430029,Frederico Westphalen,RS
4307401,430740,430039,Vacaria,RS
4307450,430745,430021,Três Passos,RS
4307500,430750,430025,Passo Fundo,RS
4307559,430755,430026,Erechim,RS
4307609,430760,430002,Novo Hamburgo - São Leopoldo,RS
4307708,430770,430001,Porto Alegre,RS
4307807,430780,430041,Lajeado,RS
4307815,430781,430042,Sobradinho,RS
4307831,430783,430020,Santo Ângelo,RS
4307864,430786,430037,Bento Gonçalves,RS
4307906,430790,430036,Caxias do Sul,RS
4308003,430800,430011,Santa Maria,RS
4308052,430805,430026,Erechim,RS
4308078,430807,430041,Lajeado,RS
4308102,430810,430036,Caxias do Sul,RS
4308201,430820,430036,Caxias do Sul,RS
4308250,430825,430026,Erechim,RS
4308300,430830,430031,Soledade,RS
4308409,430840,430011,Santa Maria,RS
4308433,430843,430041,Lajeado,RS
4308458,430845,430027,Cruz Alta,RS
4308508,430850,430029,Frederico Westphalen,RS
4308607,430860,430037,Bento Gonçalves,RS
4308656,430865,430022,São Luiz Gonzaga,RS
4308706,430870,430026,Erechim,RS
4308805,430880,430006,Charqueadas - Triunfo - São Jerônimo,RS
4308854,430885,430030,Marau,RS
4308904,430890,430026,Erechim,RS
4309001,430900,430020,Santo Ângelo,RS
4309050,430905,430001,Porto Alegre,RS
4309100,430910,430036,Caxias do Sul,RS
4309126,430912,430035,Nonoai,RS
4309159,430915,430040,Santa Cruz do Sul,RS
4309209,430920,430001,Porto Alegre,RS
4309258,430925,430038,Nova Prata - Guaporé,RS
4309308,430930,430001,Porto Alegre,RS
4309407,430940,430038,Nova Prata - Guaporé,RS
4309506,430950,430020,Santo Ângelo,RS
4309555,430955,430002,Novo Hamburgo - São Leopoldo,RS
4309571,430957,430040,Santa Cruz do Sul,RS
4309605,430960,430023,Três de Maio,RS
4309654,430965,430010,Bagé,RS
4309704,430970,430021,Três Passos,RS
4309753,430975,430042,Sobradinho,RS
4309803,430980,430032,Tapejara - Sananduva,RS
4309902,430990,430033,Lagoa Vermelha,RS
4309951,430995,430031,Soledade,RS
4310009,431000,430027,Cruz Alta,RS
4310108,431010,430004,Taquara - Parobé - Igrejinha,RS
4310207,431020,430018,Ijuí,RS
4310306,431030,430043,Encantado,RS
4310330,431033,430003,Tramandaí - Osório,RS
4310363,431036,430041,Lajeado,RS
4310405,431040,430023,Três de Maio,RS
4310413,431041,430018,Ijuí,RS
4310439,431043,430036,Caxias do Sul,RS
4310462,431046,430026,Erechim,RS
4310504,431050,430029,Frederico Westphalen,RS
4310538,431053,430011,Santa Maria,RS
4310553,431055,430014,Santiago,RS
4310579,431057,430031,Soledade,RS
4310603,431060,430017,São Borja,RS
4310652,431065,430003,Tramandaí - Osório,RS
4310702,431070,430026,Erechim,RS
4310751,431075,430011,Santa Maria,RS
4310801,431080,430002,Novo Hamburgo - São Leopoldo,RS
4310850,431085,430029,Frederico Westphalen,RS
4310876,431087,430027,Cruz Alta,RS
4310900,431090,430026,Erechim,RS
4311007,431100,430009,Pelotas,RS
4311106,431110,430011,Santa Maria,RS
4311122,431112,430039,Vacaria,RS
4311130,431113,430011,Santa Maria,RS
4311155,431115,430018,Ijuí,RS
4311205,431120,430011,Santa Maria,RS
4311239,431123,430042,Sobradinho,RS
4311254,431125,430042,Sobradinho,RS
4311270,431127,430025,Passo Fundo,RS
4311304,431130,430033,Lagoa Vermelha,RS
4311403,431140,430041,Lajeado,RS
4311429,431142,430034,Palmeira das Missões,RS
4311502,431150,430012,São Gabriel - Caçapava do Sul,RS
4311601,431160,430029,Frederico Westphalen,RS
4311627,431162,430002,Novo Hamburgo - São Leopoldo,RS
4311643,431164,430002,Novo Hamburgo - São Leopoldo,RS
4311700,431170,430033,Lagoa Vermelha,RS
4311718,431171,430017,São Borja,RS
4311734,431173,430008,Torres,RS
4311759,431175,430015,Uruguaiana,RS
4311775,431177,430003,Tramandaí - Osório,RS
4311791,431179,430007,Montenegro,RS
4311809,431180,430030,Marau,RS
4311908,431190,430026,Erechim,RS
4311981,431198,430001,Porto Alegre,RS
4312005,431200,430026,Erechim,RS
4312054,431205,430041,Lajeado,RS
4312104,431210,430011,Santa Maria,RS
4312138,431213,430025,Passo Fundo,RS
4312153,431215,430040,Santa Cruz do Sul,RS
4312179,431217,430024,Cerro Largo,RS
4312203,431220,430032,Tapejara - Sananduva,RS
4312252,431225,430006,Charqueadas - Triunfo - São Jerônimo,RS
4312302,431230,430021,Três Passos,RS
4312351,431235,430038,Nova Prata - Guaporé,RS
4312377,431237,430039,Vacaria,RS
4312385,431238,430037,Bento Gonçalves,RS
4312401,431240,430007,Montenegro,RS
4312427,431242,430031,Soledade,RS
4312443,431244,430008,Torres,RS
4312450,431245,430009,Pelotas,RS
4312476,431247,430002,Novo Hamburgo - São Leopoldo,RS
4312500,431250,430001,Porto Alegre,RS
4312609,431260,430043,Encantado,RS
4312617,431261,430039,Vacaria,RS
4312625,431262,430030,Marau,RS
4312658,431265,430028,Carazinho,RS
4312674,431267,430025,Passo Fundo,RS
4312708,431270,430035,Nonoai,RS
4312757,431275,430030,Marau,RS
4312807,431280,430038,Nova Prata - Guaporé,RS
4312906,431290,430038,Nova Prata - Guaporé,RS
4312955,431295,430028,Carazinho,RS
4313003,431300,430043,Encantado,RS
4313011,431301,430023,Três de Maio,RS
4313037,431303,430014,Santiago,RS
4313060,431306,430002,Novo Hamburgo - São Leopoldo,RS
4313086,431308,430036,Caxias do Sul,RS
4313102,431310,430011,Santa Maria,RS
4313201,431320,430036,Caxias do Sul,RS
4313300,431330,430038,Nova Prata - Guaporé,RS
4313334,431333,430018,Ijuí,RS
4313359,431335,430036,Caxias do Sul,RS
4313375,431337,430001,Porto Alegre,RS
4313391,431339,430013,Cachoeira do Sul,RS
4313409,431340,430002,Novo Hamburgo - São Leopoldo,RS
4313425,431342,430019,Santa Rosa,RS
4313441,431344,430029,Frederico Westphalen,RS
4313466,431346,430028,Carazinho,RS
4313490,431349,430034,Palmeira das Missões,RS
4313508,431350,430003,Tramandaí - Osório,RS
4313607,431360,430032,Tapejara - Sananduva,RS
4313656,431365,430001,Porto Alegre,RS
4313706,431370,430034,Palmeira das Missões,RS
4313805,431380,430029,Frederico Westphalen,RS
4313904,431390,430018,Ijuí,RS
4313953,431395,430040,Santa Cruz do Sul,RS
4314001,431400,430038,Nova Prata - Guaporé,RS
4314027,431402,430013,Cachoeira do Sul,RS
4314035,431403,430007,Montenegro,RS
4314050,431405,430004,Taquara - Parobé - Igrejinha,RS
4314068,431406,430042,Sobradinho,RS
4314076,431407,430040,Santa Cruz do Sul,RS
4314100,431410,430025,Passo Fundo,RS
4314134,431413,430026,Erechim,RS
4314159,431415,430041,Lajeado,RS
4314175,431417,430010,Bagé,RS
4314209,431420,430009,Pelotas,RS
4314308,431430,430018,Ijuí,RS
4314407,431440,430009,Pelotas,RS
4314423,431442,430036,Caxias do Sul,RS
4314456,431445,430029,Frederico Westphalen,RS
4314464,431446,430039,Vacaria,RS
4314472,431447,430011,Santa Maria,RS
4314498,431449,430029,Frederico Westphalen,RS
4314506,431450,430010,Bagé,RS
4314548,431454,430037,Bento Gonçalves,RS
4314555,431455,430022,São Luiz Gonzaga,RS
4314605,431460,430009,Pelotas,RS
4314704,431470,430035,Nonoai,RS
4314753,431475,430041,Lajeado,RS
4314779,431477,430025,Passo Fundo,RS
4314787,431478,430026,Erechim,RS
4314803,431480,430002,Novo Hamburgo - São Leopoldo,RS
4314902,431490,430001,Porto Alegre,RS
4315008,431500,430019,Santa Rosa,RS
4315057,431505,430019,Santa Rosa,RS
4315073,431507,430019,Santa Rosa,RS
4315107,431510,430024,Cerro Largo,RS
4315131,431513,430041,Lajeado,RS
4315149,431514,430002,Novo Hamburgo - São Leopoldo,RS
4315156,431515,430041,Lajeado,RS
4315172,431517,430038,Nova Prata - Guaporé,RS
4315206,431520,430043,Encantado,RS
4315305,431530,430016,Santana do Livramento,RS
4315313,431531,430026,Erechim,RS
4315321,431532,430011,Santa Maria,RS
4315354,431535,430027,Cruz Alta,RS
4315404,431540,430021,Três Passos,RS
4315453,431545,430043,Encantado,RS
4315503,431550,430011,Santa Maria,RS
4315552,431555,430035,Nonoai,RS
4315602,431560,430009,Pelotas,RS
4315701,431570,430040,Santa Cruz do Sul,RS
4315750,431575,430004,Taquara - Parobé - Igrejinha,RS
4315800,431580,430043,Encantado,RS
4315909,431590,430029,Frederico Westphalen,RS
4315958,431595,430022,São Luiz Gonzaga,RS
4316006,431600,430004,Taquara - Parobé - Igrejinha,RS
4316105,431610,430025,Passo Fundo,RS
4316204,431620,430028,Carazinho,RS
4316303,431630,430024,Cerro Largo,RS
4316402,431640,430016,Santana do Livramento,RS
4316428,431642,430034,Palmeira das Missões,RS
4316436,431643,430028,Carazinho,RS
4316451,431645,430027,Cruz Alta,RS
4316477,431647,430024,Cerro Largo,RS
4316501,431650,430007,Montenegro,RS
4316600,431660,430032,Tapejara - Sananduva,RS
4316709,431670,430027,Cruz Alta,RS
4316733,431673,430032,Tapejara - Sananduva,RS
4316758,431675,430041,Lajeado,RS
4316808,431680,430040,Santa Cruz do Sul,RS
4316907,431690,430011,Santa Maria,RS
4316956,431695,430002,Novo Hamburgo - São Leopoldo,RS
4316972,431697,430012,São Gabriel - Caçapava do Sul,RS
4317004,431700,430012,São Gabriel - Caçapava do Sul,RS
4317103,431710,430016,Santana do Livramento,RS
4317202,431720,430019,Santa Rosa,RS
4317251,431725,430037,Bento Gonçalves,RS
4317301,431730,430009,Pelotas,RS
4317400,431740,430014,Santiago,RS
4317509,431750,430020,Santo Ângelo,RS
4317558,431755,430030,Marau,RS
4317608,431760,430001,Porto Alegre,RS
4317707,431770,430022,São Luiz Gonzaga,RS
4317756,431775,430028,Carazinho,RS
4317806,431780,430018,Ijuí,RS
4317905,431790,430019,Santa Rosa,RS
4317954,431795,430032,Tapejara - Sananduva,RS
4318002,431800,430017,São Borja,RS
4318051,431805,430030,Marau,RS
4318101,431810,430011,Santa Maria,RS
4318200,431820,430036,Caxias do Sul,RS
4318309,431830,430012,São Gabriel - Caçapava do Sul,RS
4318408,431840,430006,Charqueadas - Triunfo - São Jerônimo,RS
4318424,431842,430032,Tapejara - Sananduva,RS
4318432,431843,430011,Santa Maria,RS
4318440,431844,430038,Nova Prata - Guaporé,RS
4318457,431845,430034,Palmeira das Missões,RS
4318465,431846,430031,Soledade,RS
4318481,431848,430002,Novo Hamburgo - São Leopoldo,RS
4318499,431849,430023,Três de Maio,RS
4318507,431850,430009,Pelotas,RS
4318606,431860,430033,Lagoa Vermelha,RS
4318614,431861,430007,Montenegro,RS
4318622,431862,430039,Vacaria,RS
4318705,431870,430002,Novo Hamburgo - São Leopoldo,RS
4318804,431880,430009,Pelotas,RS
4318903,431890,430022,São Luiz Gonzaga,RS
4319000,431900,430036,Caxias do Sul,RS
4319109,431910,430021,Três Passos,RS
4319125,431912,430011,Santa Maria,RS
4319158,431915,430020,Santo Ângelo,RS
4319208,431920,430022,São Luiz Gonzaga,RS
4319307,431930,430024,Cerro Largo,RS
4319356,431935,430007,Montenegro,RS
4319364,431936,430034,Palmeira das Missões,RS
4319372,431937,430024,Cerro Largo,RS
4319406,431940,430011,Santa Maria,RS
4319505,431950,430002,Novo Hamburgo - São Leopoldo,RS
4319604,431960,430011,Santa Maria,RS
4319703,431970,430026,Erechim,RS
4319711,431971,430037,Bento Gonçalves,RS
4319737,431973,430018,Ijuí,RS
4319752,431975,430002,Novo Hamburgo - São Leopoldo,RS
4319802,431980,430011,Santa Maria,RS
4319901,431990,430002,Novo Hamburgo - São Leopoldo,RS
4320008,432000,430001,Porto Alegre,RS
4320107,432010,430028,Carazinho,RS
4320206,432020,430029,Frederico Westphalen,RS
4320230,432023,430021,Três Passos,RS
4320263,432026,430042,Sobradinho,RS
4320305,432030,430027,Cruz Alta,RS
4320321,432032,430019,Santa Rosa,RS
4320354,432035,430005,Camaquã,RS
4320404,432040,430038,Nova Prata - Guaporé,RS
4320453,432045,430041,Lajeado,RS
4320503,432050,430025,Passo Fundo,RS
4320552,432055,430001,Porto Alegre,RS
4320578,432057,430020,Santo Ângelo,RS
4320602,432060,430026,Erechim,RS
4320651,432065,430011,Santa Maria,RS
4320677,432067,430040,Santa Cruz do Sul,RS
4320701,432070,430042,Sobradinho,RS
4320800,432080,430031,Soledade,RS
4320859,432085,430041,Lajeado,RS
4320909,432090,430032,Tapejara - Sananduva,RS
4321006,432100,430025,Passo Fundo,RS
4321105,432110,430005,Camaquã,RS
4321204,432120,430004,Taquara - Parobé - Igrejinha,RS
4321303,432130,430041,Lajeado,RS
4321329,432132,430029,Frederico Westphalen,RS
4321352,432135,430001,Porto Alegre,RS
4321402,432140,430021,Três Passos,RS
4321436,432143,430003,Tramandaí - Osório,RS
4321451,432145,430041,Lajeado,RS
4321469,432146,430025,Passo Fundo,RS
4321477,432147,430021,Três Passos,RS
4321493,432149,430011,Santa Maria,RS
4321501,432150,430008,Torres,RS
4321600,432160,430003,Tramandaí - Osório,RS
4321626,432162,430041,Lajeado,RS
4321634,432163,430026,Erechim,RS
4321667,432166,430008,Torres,RS
4321709,432170,430004,Taquara - Parobé - Igrejinha,RS
4321808,432180,430023,Três de Maio,RS
4321832,432183,430008,Torres,RS
4321857,432185,430025,Passo Fundo,RS
4321907,432190,430021,Três Passos,RS
4321956,432195,430035,Nonoai,RS
4322004,432200,430006,Charqueadas - Triunfo - São Jerônimo,RS
4322103,432210,430019,Santa Rosa,RS
4322152,432215,430042,Sobradinho,RS
4322186,432218,430033,Lagoa Vermelha,RS
4322202,432220,430027,Cruz Alta,RS
4322251,432225,430002,Novo Hamburgo - São Leopoldo,RS
4322301,432230,430019,Santa Rosa,RS
4322327,432232,430009,Pelotas,RS
4322343,432234,430024,Cerro Largo,RS
4322350,432235,430038,Nova Prata - Guaporé,RS
4322376,432237,430014,Santiago,RS
4322400,432240,430015,Uruguaiana,RS
4322509,432250,430039,Vacaria,RS
4322525,432252,430040,Santa Cruz do Sul,RS
4322533,432253,430040,Santa Cruz do Sul,RS
4322541,432254,430036,Caxias do Sul,RS
4322558,432255,430030,Marau,RS
4322608,432260,430040,Santa Cruz do Sul,RS
4322707,432270,430040,Santa Cruz do Sul,RS
4322806,432280,430037,Bento Gonçalves,RS
4322855,432285,430043,Encantado,RS
4322905,432290,430026,Erechim,RS
4323002,432300,430001,Porto Alegre,RS
4323101,432310,430029,Frederico Westphalen,RS
4323200,432320,430025,Passo Fundo,RS
4323309,432330,430037,Bento Gonçalves,RS
4323358,432335,430032,Tapejara - Sananduva,RS
4323408,432340,430030,Marau,RS
4323457,432345,430012,São Gabriel - Caçapava do Sul,RS
4323507,432350,430029,Frederico Westphalen,RS
4323606,432360,430038,Nova Prata - Guaporé,RS
4323705,432370,430021,Três Passos,RS
4323754,432375,430020,Santo Ângelo,RS
4323770,432377,430041,Lajeado,RS
4323804,432380,430003,Tramandaí - Osório,RS
5000203,500020,500002,Três Lagoas,MS
5000252,500025,500004,Coxim,MS
5000609,500060,500009,Amambai,MS
5000708,500070,500012,Aquidauana - Anastácio,MS
5000807,500080,500007,Nova Andradina,MS
5000856,500085,500007,Nova Andradina,MS
5000906,500090,500008,Ponta Porã,MS
5001003,500100,500003,Paranaíba - Chapadão do Sul - Cassilândia,MS
5001102,500110,500012,Aquidauana - Anastácio,MS
5001243,500124,500008,Ponta Porã,MS
5001508,500150,500001,Campo Grande,MS
5001904,500190,500002,Três Lagoas,MS
5002001,500200,500007,Nova Andradina,MS
5002100,500210,500011,Jardim,MS
5002159,500215,500012,Aquidauana - Anastácio,MS
5002209,500220,500011,Jardim,MS
5002308,500230,500002,Três Lagoas,MS
5002407,500240,500005,Dourados,MS
5002605,500260,500001,Campo Grande,MS
5002704,500270,500001,Campo Grande,MS
5002803,500280,500011,Jardim,MS
5002902,500290,500003,Paranaíba - Chapadão do Sul - Cassilândia,MS
5002951,500295,500003,Paranaíba - Chapadão do Sul - Cassilândia,MS
5003108,500310,500001,Campo Grande,MS
5003157,500315,500009,Amambai,MS
5003207,500320,500010,Corumbá,MS
5003256,500325,500004,Coxim,MS
5003306,500330,500004,Coxim,MS
5003454,500345,500005,Dourados,MS
5003488,500348,500001,Campo Grande,MS
5003504,500350,500005,Dourados,MS
5003702,500370,500005,Dourados,MS
5003751,500375,500006,Naviraí - Mundo Novo,MS
5003801,500380,500005,Dourados,MS
5003900,500390,500004,Coxim,MS
5004007,500400,500005,Dourados,MS
5004106,500410,500011,Jardim,MS
5004304,500430,500006,Naviraí - Mundo Novo,MS
5004403,500440,500003,Paranaíba - Chapadão do Sul - Cassilândia,MS
5004502,500450,500005,Dourados,MS
5004601,500460,500006,Naviraí - Mundo Novo,MS
5004700,500470,500007,Nova Andradina,MS
5004809,500480,500006,Naviraí - Mundo Novo,MS
5004908,500490,500001,Campo Grande,MS
5005004,500500,500011,Jardim,MS
5005103,500510,500005,Dourados,MS
5005152,500515,500005,Dourados,MS
5005202,500520,500010,Corumbá,MS
5005251,500525,500005,Dourados,MS
5005400,500540,500005,Dourados,MS
5005608,500560,500012,Aquidauana - Anastácio,MS
5005681,500568,500006,Naviraí - Mundo Novo,MS
5005707,500570,500006,Naviraí - Mundo Novo,MS
5005806,500580,500011,Jardim,MS
5006002,500600,500001,Campo Grande,MS
5006200,500620,500007,Nova Andradina,MS
5006259,500625,500007,Nova Andradina,MS
5006275,500627,500003,Paranaíba - Chapadão do Sul - Cassilândia,MS
5006309,500630,500003,Paranaíba - Chapadão do Sul - Cassilândia,MS
5006358,500635,500009,Amambai,MS
5006408,500640,500004,Coxim,MS
5006606,500660,500008,Ponta Porã,MS
5006903,500690,500011,Jardim,MS
5007109,500710,500001,Campo Grande,MS
5007208,500720,500005,Dourados,MS
5007307,500730,500001,Campo Grande,MS
5007406,500740,500004,Coxim,MS
5007505,500750,500001,Campo Grande,MS
5007554,500755,500002,Três Lagoas,MS
5007695,500769,500001,Campo Grande,MS
5007703,500770,500009,Amambai,MS
5007802,500780,500002,Três Lagoas,MS
5007901,500790,500001,Campo Grande,MS
5007935,500793,500004,Coxim,MS
5007950,500795,500009,Amambai,MS
5007976,500797,500007,Nova Andradina,MS
5008008,500800,500001,Campo Grande,MS
5008305,500830,500002,Três Lagoas,MS
5008404,500840,500005,Dourados,MS
5100102,510010,510001,Cuiabá,MT
5100201,510020,510015,Água Boa,MT
5100250,510025,510010,Alta Floresta,MT
5100300,510030,510016,Rondonópolis,MT
5100359,510035,510014,Confresa - Vila Rica,MT
5100409,510040,510016,Rondonópolis,MT
5100508,510050,510003,Diamantino,MT
5100607,510060,510016,Rondonópolis,MT
5100805,510080,510010,Alta Floresta,MT
5101001,510100,510013,Barra do Garças,MT
5101209,510120,510016,Rondonópolis,MT
5101258,510125,510006,Mirassol D'oeste,MT
5101308,510130,510003,Diamantino,MT
5101407,510140,510009,Juína,MT
5101605,510160,510001,Cuiabá,MT
5101704,510170,510002,Tangará da Serra,MT
5101803,510180,510013,Barra do Garças,MT
5101837,510183,510008,Sorriso,
5101852,510185,510014,Confresa - Vila Rica,MT
5101902,510190,510002,Tangará da Serra,MT
5102504,510250,510004,Cáceres,MT
5102603,510260,510015,Água Boa,MT
5102637,510263,510002,Tangará da Serra,MT
5102678,510267,510001,Cuiabá,MT
5102686,510268,510005,Pontes e Lacerda - Comodoro,MT
5102694,510269,510014,Confresa - Vila Rica,MT
5102702,510270,510015,Água Boa,MT
5102793,510279,510010,Alta Floresta,MT
5102850,510285,510009,Juína,MT
5103007,510300,510001,Cuiabá,MT
5103056,510305,510007,Sinop,MT
5103106,510310,510015,Água Boa,MT
5103205,510320,510007,Sinop,MT
5103254,510325,510009,Juína,MT
5103304,510330,510005,Pontes e Lacerda - Comodoro,MT
5103353,510335,510014,Confresa - Vila Rica,MT
5103361,510336,510005,Pontes e Lacerda - Comodoro,MT
5103379,510337,510009,Juína,MT
5103403,510340,510001,Cuiabá,MT
5103437,510343,510004,Cáceres,MT
5103452,510345,510002,Tangará da Serra,MT
5103502,510350,510003,Diamantino,MT
5103601,510360,510018,Jaciara,MT
5103700,510370,510007,Sinop,MT
5103809,510380,510006,Mirassol D'oeste,MT
5103858,510385,510015,Água Boa,MT
5103908,510390,510013,Barra do Garças,MT
5103957,510395,510006,Mirassol D'oeste,MT
5104104,510410,510011,Peixoto de Azevedo - Guarantã do Norte,MT
5104203,510420,510016,Rondonópolis,MT
5104500,510450,510006,Mirassol D'oeste,MT
5104526,510452,510008,Sorriso,MT
5104542,510454,510008,Sorriso,MT
5104559,510455,510007,Sinop,MT
5104609,510460,510016,Rondonópolis,MT
5104807,510480,510018,Jaciara,MT
5104906,510490,510001,Cuiabá,MT
5105002,510500,510006,Mirassol D'oeste,MT
5105101,510510,510012,Juara,MT
5105150,510515,510009,Juína,MT
5105176,510517,510009,Juína,MT
5105200,510520,510018,Jaciara,MT
5105234,510523,510004,Cáceres,MT
5105259,510525,510008,Sorriso,MT
5105309,510530,510014,Confresa - Vila Rica,MT
5105507,510550,510005,Pontes e Lacerda - Comodoro,MT
5105580,510558,510007,Sinop,MT
5105606,510560,510011,Peixoto de Azevedo - Guarantã do Norte,MT
5105622,510562,510006,Mirassol D'oeste,MT
5105903,510590,510001,Cuiabá,MT
5106000,510600,510003,Diamantino,MT
5106109,510610,510001,Cuiabá,MT
5106158,510615,510010,Alta Floresta,MT
5106174,510617,510015,Água Boa,MT
5106182,510618,510005,Pontes e Lacerda - Comodoro,MT
5106190,510619,510007,Sinop,MT
5106208,510620,510001,Cuiabá,MT
5106216,510621,510007,Sinop,MT
5106224,510622,510008,Sorriso,MT
5106232,510623,510002,Tangará da Serra,MT
5106240,510624,510008,Sorriso,MT
5106257,510625,510013,Barra do Garças,MT
5106265,510626,510011,Peixoto de Azevedo - Guarantã do Norte,MT
5106273,510627,510012,Juara,MT
5106281,510628,510013,Barra do Garças,MT
5106299,510629,510010,Alta Floresta,MT
5106307,510630,510017,Primavera do Leste,MT
5106315,510631,510014,Confresa - Vila Rica,MT
5106372,510637,510016,Rondonópolis,MT
5106422,510642,510011,Peixoto de Azevedo - Guarantã do Norte,MT
5106455,510645,510001,Cuiabá,MT
5106505,510650,510001,Cuiabá,MT
5106653,510665,510013,Barra do Garças,MT
5106703,510670,510013,Barra do Garças,MT
5106752,510675,510005,Pontes e Lacerda - Comodoro,MT
5106778,510677,510014,Confresa - Vila Rica,MT
5106802,510680,510012,Juara,MT
5106828,510682,510006,Mirassol D'oeste,MT
5106851,510685,510002,Tangará da Serra,MT
5107008,510700,510017,Primavera do Leste,MT
5107040,510704,510017,Primavera do Leste,MT
5107065,510706,510015,Água Boa,MT
5107107,510710,510006,Mirassol D'oeste,MT
5107156,510715,510006,Mirassol D'oeste,MT
5107180,510718,510015,Água Boa,MT
5107198,510719,510013,Barra do Garças,MT
5107206,510720,510004,Cáceres,MT
5107248,510724,510007,Sinop,MT
5107263,510726,510003,Diamantino,MT
5107297,510729,510016,Rondonópolis,MT
5107305,510730,510003,Diamantino,MT
5107354,510735,510014,Confresa - Vila Rica,MT
5107404,510740,510018,Jaciara,MT
5107578,510757,510009,Juína,MT
5107602,510760,510016,Rondonópolis,MT
5107701,510770,510001,Cuiabá,MT
5107743,510774,510014,Confresa - Vila Rica,MT
5107750,510775,510004,Cáceres,MT
5107768,510776,510008,Sorriso,MT
5107776,510777,510014,Confresa - Vila Rica,MT
5107792,510779,510017,Primavera do Leste,MT
5107800,510780,510001,Cuiabá,MT
5107859,510785,510014,Confresa - Vila Rica,MT
5107875,510787,510002,Tangará da Serra,MT
5107883,510788,510014,Confresa - Vila Rica,MT
5107909,510790,510007,Sinop,MT
5107925,510792,510008,Sorriso,MT
5107941,510794,510012,Juara,MT
5107958,510795,510002,Tangará da Serra,MT
5108006,510800,510008,Sorriso,MT
5108055,510805,510007,Sinop,MT
5108105,510810,510016,Rondonópolis,MT
5108204,510820,510013,Barra do Garças,MT
5108303,510830,510007,Sinop,MT
5108352,510835,510005,Pontes e Lacerda - Comodoro,MT
5108402,510840,510001,Cuiabá,MT
5108501,510850,510008,Sorriso,MT
5108600,510860,510014,Confresa - Vila Rica,MT
5108808,510880,510007,Sinop,MT
5108857,510885,510003,Diamantino,MT
5108907,510890,510003,Diamantino,MT
5108956,510895,510010,Alta Floresta,MT
5200050,520005,520001,Goiânia,GO
5200100,520010,520002,Anápolis,GO
5200134,520013,520015,Palmeiras de Goiás,GO
5200159,520015,520003,Inhumas - Itaberaí - Anicuns,GO
5200175,520017,520022,Flores de Goiás,GO
5200209,520020,520008,Caldas Novas-Morrinhos,GO
5200258,520025,520020,Águas Lindas de Goiás,GO
5200308,520030,520002,Anápolis,GO
5200506,520050,520007,Itumbiara,GO
5200555,520055,520017,Uruaçu - Niquelândia,GO
5200605,520060,520022,Flores de Goiás,GO
5200803,520080,520021,Posse-Campos Belos,GO
5200829,520082,520017,Uruaçu - Niquelândia,GO
5200852,520085,520003,Inhumas - Itaberaí - Anicuns,GO
5200902,520090,520014,Iporá,GO
5201108,520110,520002,Anápolis,GO
5201207,520120,520004,Catalão,GO
5201306,520130,520003,Inhumas - Itaberaí - Anicuns,GO
5201405,520140,520001,Goiânia,GO
5201454,520145,520010,Rio Verde,GO
5201504,520150,520011,Jataí-Mineiros,GO
5201603,520160,520003,Inhumas - Itaberaí - Anicuns,GO
5201702,520170,520014,Iporá,GO
5201801,520180,520001,Goiânia,GO
5202155,520215,520005,Goiás - Itapuranga,GO
5202353,520235,520014,Iporá,GO
5202502,520250,520005,Goiás - Itapuranga,GO
5202601,520260,520013,São Luís de Montes Belos,GO
5202809,520280,520003,Inhumas - Itaberaí - Anicuns,GO
5203104,520310,520014,Iporá,GO
5203203,520320,520018,Ceres - Rialma - Goianésia,GO
5203302,520330,520001,Goiânia,GO
5203401,520340,520014,Iporá,GO
5203500,520350,520007,Itumbiara,GO
5203559,520355,520001,Goiânia,GO
5203575,520357,520016,Porangatu,GO
5203609,520360,520001,Goiânia,GO
5203807,520380,520005,Goiás - Itapuranga,GO
5203906,520390,520007,Itumbiara,GO
5203939,520393,520013,São Luís de Montes Belos,GO
5203962,520396,520021,Posse-Campos Belos,GO
5204003,520400,520020,Águas Lindas de Goiás,GO
5204102,520410,520010,Rio Verde,GO
5204201,520420,520013,São Luís de Montes Belos,GO
5204250,520425,520007,Itumbiara,GO
5204300,520430,520010,Rio Verde,GO
5204409,520440,520011,Jataí-Mineiros,GO
5204508,520450,520008,Caldas Novas-Morrinhos,GO
5204557,520455,520001,Goiânia,GO
5204607,520460,520015,Palmeiras de Goiás,GO
5204656,520465,520016,Porangatu,GO
5204706,520470,520017,Uruaçu - Niquelândia,GO
5204805,520480,520004,Catalão,GO
5204854,520485,520002,Anápolis,GO
5204904,520490,520021,Posse-Campos Belos,GO
5204953,520495,520018,Ceres - Rialma - Goianésia,GO
5205000,520500,520018,Ceres - Rialma - Goianésia,GO
5205059,520505,520010,Rio Verde,GO
5205109,520510,520004,Catalão,GO
5205208,520520,520001,Goiânia,GO
5205307,520530,520022,Flores de Goiás,GO
5205406,520540,520018,Ceres - Rialma - Goianésia,GO
5205455,520545,520015,Palmeiras de Goiás,GO
5205471,520547,520011,Jataí-Mineiros,GO
5205497,520549,520019,Luziânia,GO
5205513,520551,520020,Águas Lindas de Goiás,GO
5205521,520552,520017,Uruaçu - Niquelândia,GO
5205703,520570,520013,São Luís de Montes Belos,GO
5205802,520580,520002,Anápolis,GO
5205901,520590,520008,Caldas Novas-Morrinhos,GO
5206206,520620,520019,Luziânia,GO
5206305,520630,520009,Piracanjuba,GO
5206404,520640,520018,Ceres - Rialma - Goianésia,GO
5206503,520650,520009,Piracanjuba,GO
5206602,520660,520004,Catalão,GO
5206701,520670,520021,Posse-Campos Belos,GO
5206800,520680,520003,Inhumas - Itaberaí - Anicuns,GO
5206909,520690,520004,Catalão,GO
5207105,520710,520014,Iporá,GO
5207253,520725,520011,Jataí-Mineiros,GO
5207352,520735,520009,Piracanjuba,GO
5207402,520740,520015,Palmeiras de Goiás,GO
5207501,520750,520016,Porangatu,GO
5207535,520753,520005,Goiás - Itapuranga,GO
5207600,520760,520013,São Luís de Montes Belos,GO
5207808,520780,520015,Palmeiras de Goiás,GO
5207907,520790,520022,Flores de Goiás,GO
5208004,520800,520020,Águas Lindas de Goiás,GO
5208103,520810,520016,Porangatu,GO
5208152,520815,520002,Anápolis,GO
5208301,520830,520021,Posse-Campos Belos,GO
5208400,520840,520002,Anápolis,GO
5208509,520850,520004,Catalão,GO
5208608,520860,520018,Ceres - Rialma - Goianésia,GO
5208707,520870,520001,Goiânia,GO
5208806,520880,520001,Goiânia,GO
5208905,520890,520005,Goiás - Itapuranga,GO
5209101,520910,520007,Itumbiara,GO
5209150,520915,520012,Quirinópolis,GO
5209200,520920,520001,Goiânia,GO
5209291,520929,520005,Goiás - Itapuranga,GO
5209408,520940,520021,Posse-Campos Belos,GO
5209457,520945,520018,Ceres - Rialma - Goianésia,GO
5209606,520960,520003,Inhumas - Itaberaí - Anicuns,GO
5209705,520970,520001,Goiânia,GO
5209804,520980,520017,Uruaçu - Niquelândia,GO
5209903,520990,520021,Posse-Campos Belos,GO
5209937,520993,520012,Quirinópolis,GO
5209952,520995,520015,Palmeiras de Goiás,GO
5210000,521000,520003,Inhumas - Itaberaí - Anicuns,GO
5210109,521010,520004,Catalão,GO
5210158,521015,520018,Ceres - Rialma - Goianésia,GO
5210208,521020,520014,Iporá,GO
5210307,521030,520014,Iporá,GO
5210406,521040,520003,Inhumas - Itaberaí - Anicuns,GO
5210562,521056,520003,Inhumas - Itaberaí - Anicuns,GO
5210604,521060,520003,Inhumas - Itaberaí - Anicuns,GO
5210802,521080,520010,Rio Verde,GO
5210901,521090,520018,Ceres - Rialma - Goianésia,GO
5211008,521100,520005,Goiás - Itapuranga,GO
5211206,521120,520005,Goiás - Itapuranga,GO
5211305,521130,520010,Rio Verde,GO
5211404,521140,520003,Inhumas - Itaberaí - Anicuns,GO
5211503,521150,520007,Itumbiara,GO
5211602,521160,520013,São Luís de Montes Belos,GO
5211701,521170,520015,Palmeiras de Goiás,GO
5211800,521180,520002,Anápolis,GO
5211909,521190,520011,Jataí-Mineiros,GO
5212006,521200,520014,Iporá,GO
5212055,521205,520002,Anápolis,GO
5212105,521210,520007,Itumbiara,GO
5212204,521220,520005,Goiás - Itapuranga,GO
5212253,521225,520010,Rio Verde,GO
5212303,521230,520002,Anápolis,GO
5212501,521250,520019,Luziânia,GO
5212600,521260,520009,Piracanjuba,GO
5212709,521270,520021,Posse-Campos Belos,GO
5212808,521280,520017,Uruaçu - Niquelândia,GO
5212907,521290,520008,Caldas Novas-Morrinhos,GO
5212956,521295,520005,Goiás - Itapuranga,GO
5213004,521300,520010,Rio Verde,GO
5213053,521305,520020,Águas Lindas de Goiás,GO
5213087,521308,520016,Porangatu,GO
5213103,521310,520011,Jataí-Mineiros,GO
5213400,521340,520013,São Luís de Montes Belos,GO
5213509,521350,520021,Posse-Campos Belos,GO
5213707,521370,520014,Iporá,GO
5213756,521375,520010,Rio Verde,GO
5213772,521377,520016,Porangatu,GO
5213806,521380,520008,Caldas Novas-Morrinhos,GO
5213855,521385,520018,Ceres - Rialma - Goianésia,GO
5213905,521390,520005,Goiás - Itapuranga,GO
5214002,521400,520005,Goiás - Itapuranga,GO
5214051,521405,520016,Porangatu,GO
5214101,521410,520016,Porangatu,GO
5214408,521440,520015,Palmeiras de Goiás,GO
5214507,521450,520001,Goiânia,GO
5214606,521460,520017,Uruaçu - Niquelândia,GO
5214705,521470,520018,Ceres - Rialma - Goianésia,GO
5214804,521480,520004,Catalão,GO
5214838,521483,520005,Goiás - Itapuranga,GO
5214861,521486,520018,Ceres - Rialma - Goianésia,GO
5214879,521487,520017,Uruaçu - Niquelândia,GO
5214903,521490,520021,Posse-Campos Belos,GO
5215009,521500,520001,Goiânia,GO
5215207,521520,520005,Goiás - Itapuranga,GO
5215231,521523,520019,Luziânia,GO
5215256,521525,520016,Porangatu,GO
5215306,521530,520006,Pires do Rio,GO
5215405,521540,520002,Anápolis,GO
5215504,521550,520004,Catalão,GO
5215603,521560,520020,Águas Lindas de Goiás,GO
5215652,521565,520014,Iporá,GO
5215702,521570,520015,Palmeiras de Goiás,GO
5215801,521580,520006,Pires do Rio,GO
5215900,521590,520015,Palmeiras de Goiás,GO
5216007,521600,520007,Itumbiara,GO
5216304,521630,520012,Quirinópolis,GO
5216403,521640,520015,Palmeiras de Goiás,GO
5216452,521645,520011,Jataí-Mineiros,GO
5216809,521680,520002,Anápolis,GO
5216908,521690,520018,Ceres - Rialma - Goianésia,GO
5217104,521710,520009,Piracanjuba,GO
5217203,521720,520014,Iporá,GO
5217302,521730,520002,Anápolis,GO
5217401,521740,520006,Pires do Rio,GO
5217609,521760,520020,Águas Lindas de Goiás,GO
5217708,521770,520009,Piracanjuba,GO
5218003,521800,520016,Porangatu,GO
5218052,521805,520010,Rio Verde,GO
5218102,521810,520011,Jataí-Mineiros,GO
5218300,521830,520021,Posse-Campos Belos,GO
5218391,521839,520009,Piracanjuba,GO
5218508,521850,520012,Quirinópolis,GO
5218607,521860,520018,Ceres - Rialma - Goianésia,GO
5218706,521870,520018,Ceres - Rialma - Goianésia,GO
5218789,521878,520008,Caldas Novas-Morrinhos,GO
5218805,521880,520010,Rio Verde,GO
5218904,521890,520018,Ceres - Rialma - Goianésia,GO
5219001,521900,520013,São Luís de Montes Belos,GO
5219100,521910,520015,Palmeiras de Goiás,GO
5219209,521920,520006,Pires do Rio,GO
5219258,521925,520005,Goiás - Itapuranga,GO
5219308,521930,520010,Rio Verde,GO
5219357,521935,520018,Ceres - Rialma - Goianésia,GO
5219407,521940,520011,Jataí-Mineiros,GO
5219456,521945,520018,Ceres - Rialma - Goianésia,GO
5219506,521950,520002,Anápolis,GO
5219605,521960,520016,Porangatu,GO
5219704,521970,520018,Ceres - Rialma - Goianésia,GO
5219712,521971,520010,Rio Verde,GO
5219738,521973,520001,Goiânia,GO
5219753,521975,520019,Luziânia,GO
5219803,521980,520021,Posse-Campos Belos,GO
5219902,521990,520002,Anápolis,GO
5220009,522000,520022,Flores de Goiás,GO
5220058,522005,520015,Palmeiras de Goiás,GO
5220108,522010,520013,São Luís de Montes Belos,GO
5220157,522015,520017,Uruaçu - Niquelândia,GO
5220207,522020,520016,Porangatu,GO
5220264,522026,520002,Anápolis,GO
5220280,522028,520018,Ceres - Rialma - Goianésia,GO
5220405,522040,520012,Quirinópolis,GO
5220454,522045,520001,Goiânia,GO
5220504,522050,520011,Jataí-Mineiros,GO
5220603,522060,520002,Anápolis,GO
5220686,522068,520021,Posse-Campos Belos,GO
5220702,522070,520021,Posse-Campos Belos,GO
5221007,522100,520003,Inhumas - Itaberaí - Anicuns,GO
5221080,522108,520022,Flores de Goiás,GO
5221197,522119,520001,Goiânia,GO
5221304,522130,520004,Catalão,GO
5221403,522140,520001,Goiânia,GO
5221452,522145,520016,Porangatu,GO
5221502,522150,520015,Palmeiras de Goiás,GO
5221551,522155,520010,Rio Verde,GO
5221577,522157,520018,Ceres - Rialma - Goianésia,GO
5221601,522160,520017,Uruaçu - Niquelândia,GO
5221700,522170,520018,Ceres - Rialma - Goianésia,GO
5221809,522180,520006,Pires do Rio,GO
5221858,522185,520019,Luziânia,GO
5221908,522190,520001,Goiânia,GO
5222005,522200,520002,Anápolis,GO
5222054,522205,520009,Piracanjuba,GO
5222203,522220,520022,Flores de Goiás,GO
5222302,522230,520018,Ceres - Rialma - Goianésia,GO
5300108,530010,530001,Distrito Federal,DF
