unit,deaths,b_mean,b_sd,b_lo95,b_hi95,classified_95
110001,26,-0.007895573612345072,0.011206884958446364,-0.030892666264355727,0.014640309025576413,False
110002,157,-0.004676896794401877,0.010747326848291192,-0.02566634251575884,0.0168744578026438,False
110003,11,-0.010207386483218717,0.011371362393002031,-0.03323578247276315,0.012083819637684371,False
110004,116,-0.014434622537568585,0.01076416818559775,-0.036444605146165064,0.0057804064024899,False
110005,21,-0.010606022435189514,0.011521712740352116,-0.033604078147301104,0.011378486206504747,False
110006,21,-0.00477206684271947,0.011185093148499917,-0.02691512462662175,0.01760111383727858,False
110007,15,-0.00738996881337382,0.011226174505894183,-0.03008339881598076,0.014828513262782932,False
110008,32,-0.00975453971220262,0.011121709877372998,-0.03256729935026979,0.011698969752924266,False
110009,45,-0.00733203753993272,0.01143013853289789,-0.030604458371310685,0.015040584084722,False
110010,105,-0.0101410631483266,0.010356028030272427,-0.030731089014169193,0.01031120504700167,False
110011,66,-0.009335190080564146,0.01123786732319169,-0.03170701570865883,0.012757614172433903,False
110012,174,-0.012500789826433177,0.010644532079762915,-0.033911162657622305,0.008531937132610315,False
110013,54,-0.005552475689783853,0.011227052011271768,-0.027531839150267582,0.01734475814996805,False
110014,19,-0.005508567677554478,0.011543459319981334,-0.02835098064049061,0.01775411169736476,False
110015,33,-0.009562159310222354,0.011262307793746488,-0.032337219027679005,0.01222201326619258,False
110018,73,-0.007568866342802634,0.010894441304155998,-0.029186231880186427,0.014044388737199801,False
110020,793,-0.006456181819527076,0.009230941867454363,-0.024807159426417723,0.011962390646275163,False
110025,28,-0.010401958178505099,0.011418152422903787,-0.033844902151055366,0.011454815195226693,False
110026,1,-0.007798531082238081,0.011119529269973743,-0.029913846248561648,0.01391081290114549,False
110028,75,-0.00972017633110399,0.010861354478279434,-0.031197211297801456,0.011427757682564326,False
110029,7,-0.007054489437934796,0.011351861306541033,-0.02943346030977922,0.0159772762563293,False
110030,124,-0.005765368774397277,0.010725553828866792,-0.026952386620079732,0.01618868142732202,False
110032,35,-0.009263545459438891,0.011126491483301896,-0.03144872523647749,0.0122771892425853,False
110033,42,-0.008197066625272973,0.011144842665111501,-0.030489270537067095,0.013694070752444778,False
110034,10,-0.006608737462332845,0.011458185166758639,-0.028946681716484547,0.016612716797787058,False
110037,9,-0.007646137634982241,0.011865689373070254,-0.030463771927500615,0.01574700565537688,False
110040,30,-0.0075699563198335,0.011114494111380662,-0.02993845704593459,0.015255595362666824,False
110045,60,-0.008878082053096703,0.01081301073806588,-0.030933491996088018,0.012481106701165368,False
110050,4,-0.0071262019758829434,0.011481060101217633,-0.029455327295549002,0.015789321107322236,False
110060,2,-0.007708204652465077,0.011427272891162566,-0.03056217221067297,0.015198058406907878,False
110070,9,-0.0063393571445505646,0.011497221630032344,-0.029221642874816815,0.016847846497067935,False
110080,34,-0.011770884612486938,0.011380354862888976,-0.03488337436304174,0.01005858017018115,False
110090,5,-0.008753650423105401,0.011513506790105541,-0.03181011578723199,0.014565044706211392,False
110092,16,-0.009169991371647519,0.011633655371602809,-0.03180775446330757,0.013353190388944183,False
110094,21,-0.005592532549113628,0.011075887560617023,-0.02756116325433622,0.016639562080018124,False
110100,5,-0.008370521139388794,0.0114861669114113,-0.03176791364744876,0.01421257432790578,False
110110,6,-0.007689732848238157,0.01159615270985911,-0.03098089986092817,0.015047545130743164,False
110120,8,-0.009735412925982434,0.011659939117752115,-0.033331473700985666,0.013379533365980507,False
110130,12,-0.007930921106421022,0.011046890599992587,-0.029809936328590733,0.013864534108020278,False
110140,21,-0.005586234759136796,0.011218859060410938,-0.0274489606125849,0.01698600892532804,False
110143,6,-0.008985656568297416,0.011271641133563833,-0.03177911123038384,0.012996541386556572,False
110145,3,-0.008663685603078704,0.011200229023157295,-0.03087844828135674,0.013839206591367585,False
110146,5,-0.00885165961490309,0.011442681433538007,-0.031450535549611934,0.013071621619244177,False
110147,4,-0.007957744540779133,0.011738064776524232,-0.031136987828934412,0.014896167332236854,False
110148,3,-0.008534882036357322,0.01147029342574966,-0.03142384579910167,0.014316707976731149,False
110149,30,-0.008697225685561428,0.011312726184747634,-0.0310909954217872,0.013604749890979546,False
110150,21,-0.006714865009576325,0.011262128561062292,-0.02853119127731662,0.01599496584560989,False
110155,7,-0.007594308035157185,0.011745418609609586,-0.03103601816614464,0.015791263901280658,False
110160,7,-0.00792331334268598,0.011720584022277035,-0.031566890187105554,0.015614442711788372,False
110170,11,-0.009845749646950999,0.011291008470560325,-0.03234441700373773,0.011933361402093716,False
110175,13,-0.0052747480487101124,0.011512245696288493,-0.02751088084133246,0.017810297790783653,False
110180,9,-0.008147537171836555,0.011491229839569213,-0.03179603493720404,0.01480377225060378,False
120001,11,-0.009523290000150588,0.011450133974337737,-0.03216539737400397,0.013174640042232297,False
120005,21,-0.007548802197590106,0.011111550345186752,-0.030117955047859885,0.014418654252795555,False
120010,60,-0.012232732754599072,0.011469636731436791,-0.03618969968693816,0.009452474266793649,False
120013,17,-0.004830571372818495,0.01144572761777496,-0.02733544343036307,0.01821165983139062,False
120017,24,-0.008110773860267938,0.011556343160324374,-0.03137319868519511,0.015085874520101258,False
120020,162,0.0014362676919466868,0.010695574861140937,-0.018928106104333233,0.023143421441704618,False
120025,37,-0.00626619297529468,0.011179661139752859,-0.028502135384699836,0.016120763358215193,False
120030,121,-0.009587644824195777,0.010616930547403581,-0.03118563898667677,0.011283786535189739,False
120032,24,-0.007375489105853174,0.011311954675180282,-0.02926033615087847,0.014999152916217794,False
120033,39,-0.006109174309328166,0.01134388260741659,-0.027925165011298568,0.016587249966333043,False
120034,33,-0.008197264936121378,0.011141739355977207,-0.029798513941907516,0.013352307987129145,False
120035,36,-0.008485474468874597,0.010901101304809278,-0.029773988261649394,0.012626632820652349,False
120038,23,-0.006025381368013572,0.011280763542304987,-0.027964746685794833,0.016915874663200884,False
120039,30,-0.006588544679059721,0.011408359857846917,-0.0286298249053334,0.016394471574484752,False
120040,610,0.00035214318195938405,0.009370704214837898,-0.01725482436374203,0.019050552952588604,False
120042,38,-0.010312297913436921,0.011491382958824684,-0.03357150545299064,0.01236737771496915,False
120043,25,-0.006347457497623529,0.01156147694448481,-0.028559628786814648,0.01690252713962184,False
120045,32,-0.008589146278106008,0.011211117935466535,-0.03101141669827057,0.01379113728756998,False
120050,92,-0.002308597915576837,0.011075942341053177,-0.023665625947046808,0.02016941709242945,False
120060,162,-0.01105009305313138,0.010387737139323887,-0.03193236502359879,0.009416490644421491,False
120070,19,-0.006299387244464017,0.011500484174153397,-0.028788828105552985,0.016806374887024057,False
120080,38,-0.007759587939351226,0.011145103268540246,-0.02983363499994851,0.0141100347946917,False
130002,59,-0.006475872164463123,0.011071721504030275,-0.028109036642146742,0.015351819674244784,False
130006,43,-0.012477684939302288,0.01112235116684506,-0.03490854588943269,0.008706545940255899,False
130008,19,-0.00516544206303229,0.011416969985893725,-0.027575379739260202,0.017912174432856694,False
130010,30,-0.005345487507476405,0.010999179806256705,-0.026914539782256847,0.017230893288314446,False
130014,30,-0.008437737789874592,0.011329247156415272,-0.030772850576673623,0.014343158495763736,False
130020,58,-0.008786773769054346,0.011098862091333244,-0.030989049957273192,0.013404822963457104,False
130030,73,-0.0030635703978912758,0.011062942535217838,-0.02412372508318005,0.01984538804062696,False
130040,162,-0.01357573118209068,0.010698323035174016,-0.03542590953248634,0.00693480867170225,False
130050,105,-0.012722464951737216,0.011079506312374586,-0.035809063853031446,0.008515541301476522,False
130060,111,-0.009097987124341211,0.01056410441156355,-0.030376017189228107,0.01175116395451095,False
130063,48,-0.0043093519258816364,0.011246468864485092,-0.025549505879923797,0.01844395782283485,False
130068,40,-0.004876219046812907,0.011555134824190384,-0.026987741417031266,0.018491225550520008,False
130070,82,-0.00642385244008157,0.011031782424513293,-0.028507919896201304,0.016211533946434924,False
130080,87,-0.007955013474122356,0.010859129692006796,-0.029852033951463935,0.013630304951688545,False
130083,24,-0.007187306964639617,0.011583530780489217,-0.03039576936839961,0.016140874975783596,False
130090,27,-0.009084702428023079,0.011503182517204162,-0.03198914333147561,0.013873653350527022,False
130100,81,-0.007506247226873892,0.011080735817689922,-0.02909921236661912,0.014311716225792321,False
130110,45,-0.004731115306359443,0.01134796063834677,-0.02721658527374936,0.017754548045119136,False
130115,14,-0.007858120249940873,0.01146470771883284,-0.03064347512269621,0.014702465075195896,False
130120,184,-0.006616549862126276,0.01029189783555652,-0.027085394817753933,0.013828186053195916,False
130130,38,-0.006185563731902294,0.011553756829586719,-0.028662149278441983,0.01692718141734771,False
130140,162,-0.008584954091637648,0.010449876694336438,-0.028614423767985415,0.011883002532682806,False
130150,78,-0.00928537121738812,0.01091820517669277,-0.03088470889264553,0.01173199147458828,False
130160,68,-0.010580340001435373,0.011051493878094527,-0.03272587660088968,0.011132031784299194,False
130165,18,-0.005671274435826638,0.011497225587991133,-0.028723094076502486,0.01736654767413933,False
130170,77,-0.00973372579411405,0.010795075615454317,-0.03144318776378347,0.011320427610354154,False
130180,75,-0.010076356766200795,0.011403002139989295,-0.03259035189651986,0.011918234877838512,False
130185,79,-0.004518159765842285,0.010868556148736616,-0.02587911913528989,0.017538707831452408,False
130190,216,-0.0012809103660231717,0.01043874521381425,-0.021235736654275795,0.019834064811302572,False
130195,26,-0.006101465883815338,0.011771783866084877,-0.029142626682918716,0.017224066905835847,False
130200,12,-0.007765408720411434,0.011474024649890644,-0.03007284574066778,0.014652029412146028,False
130210,20,-0.006778767173280654,0.0114647452206191,-0.030030278839289184,0.016136161745648282,False
130220,35,-0.005393843397920784,0.01130668501657405,-0.027929759675635303,0.017767552417204725,False
130230,82,-0.009306224407397439,0.011532312920638976,-0.032514545522551286,0.013247694266876312,False
130240,111,-0.0160758946810407,0.011365248774332346,-0.038974444143492465,0.006304633518963269,False
130250,178,-0.01281045654545395,0.01027375571022455,-0.03361563688183905,0.007409908863974598,False
130255,26,-0.009511329423537659,0.011208634416717914,-0.03200077743543391,0.012677267411359038,False
130260,3599,0.00032950955513385785,0.008249005860605407,-0.015647228262599854,0.0166839978906179,False
130270,122,-0.008685623287724212,0.010849004149575073,-0.03007850106990734,0.013293300141950947,False
130280,45,-0.004250259164711091,0.010942681662305572,-0.025158852865084232,0.017857112977116046,False
130290,176,-0.0012159929787361305,0.010813606031395325,-0.021728506649936048,0.021311464292708537,False
130300,55,-0.01267925753631984,0.011287714425790385,-0.03527892982486933,0.009214748416871208,False
130310,77,-0.00945888625921627,0.010953937324306476,-0.03163793319851107,0.012000360481635448,False
130320,29,-0.005309799923672046,0.011554829322298342,-0.027998172495254905,0.01797809723960442,False
130330,55,-0.004579213437123827,0.011241177951855646,-0.02661960524156842,0.017721256424757203,False
130340,323,-0.015348698399595122,0.010379562625216566,-0.036764188093879664,0.004131574387640659,False
130350,49,-0.008390567043107136,0.01100626634908968,-0.030286459598504845,0.013085077914180033,False
130353,57,-0.011525338750377463,0.011354799654349993,-0.03386192494789063,0.010060107380651107,False
130356,36,-0.013407268699711044,0.011144258252314932,-0.03592736489320652,0.008087571575401598,False
130360,41,-0.0056031787376969585,0.01147246193151889,-0.0279428164903313,0.017588065384703293,False
130370,91,-0.011503192501981887,0.011084574273115686,-0.033718857845290065,0.010021225012359542,False
130380,199,-0.005781876129078891,0.010177547856938137,-0.025531336621387957,0.013923470496354394,False
130390,110,-0.006357812361400742,0.010960494797528631,-0.027754076842578038,0.015243656856870867,False
130395,20,-0.009265832455727475,0.011647579501901794,-0.032390663040277434,0.013447189763958272,False
130400,19,-0.005030600819357901,0.011495059649277899,-0.0274656835389519,0.01853646516617978,False
130406,205,-0.003485045395039584,0.010448189517850216,-0.0239170843877564,0.01724602681315458,False
130410,44,-0.00862024210751056,0.011090587787517333,-0.030677318162444192,0.013523534373523046,False
130420,224,-0.01604755468010903,0.010327380159268843,-0.03730127485470437,0.0033463107229612667,False
130423,56,-0.0021132587343525872,0.011286536954513711,-0.023452631831662574,0.02125903008283504,False
130426,44,-0.009192564590629847,0.011129983400216592,-0.031580480385334314,0.01216314805713319,False
130430,47,-0.008839376018894935,0.010978207720612374,-0.03112440591922313,0.01280874034722018,False
130440,26,-0.0062489450942977325,0.011315245329762125,-0.02864001247880532,0.016334339823352407,False
140002,98,-0.0023970602123983414,0.010904654112953709,-0.022967289733445934,0.02017341485551377,False
140005,133,-0.0206871678526634,0.01147219034685305,-0.04476323057091137,0.00042524144979699536,False
140010,771,0.005484765702798972,0.00984740680374644,-0.012877597389512187,0.025503552158138577,False
140015,41,-0.004933475659294371,0.011269026055585456,-0.02693589815378702,0.01759697337987687,False
140017,38,-0.01348987127424107,0.01117933200036828,-0.03580053318803656,0.008133275042687974,False
140020,156,-0.009755291420617221,0.010609232100753914,-0.031201234847428483,0.011130093610793378,False
140023,13,-0.009587325465812428,0.01145080733906035,-0.0329695625106737,0.01245306627759882,False
140028,17,-0.008739795554552541,0.011264165217658285,-0.03078694980338306,0.013755739184820256,False
140030,44,-0.00846855788343731,0.011240333158411518,-0.03067423333662949,0.013405651293477564,False
140040,49,-0.004231198879619687,0.011293347760892749,-0.026826159259593366,0.0186075503884279,False
140045,63,-0.004379423865255156,0.010861774516858347,-0.025604091160836416,0.017140534950809413,False
140047,65,-0.006697151662609237,0.010901245664043461,-0.028035590209564004,0.014630275062368652,False
140050,14,-0.00851227742250995,0.011167808559318312,-0.03167843590780938,0.013465262742882341,False
140060,10,-0.008865261900799951,0.011158919839546649,-0.0315651538310337,0.012813925522041988,False
140070,57,-0.006205018466221967,0.010992681952986806,-0.027382546920694844,0.01518240793320713,False
150010,289,0.0009652648920296491,0.00998434230122101,-0.01796340015947561,0.021701742196070416,False
150013,16,-0.01062664254778264,0.011416185848643387,-0.03359947161644035,0.01105406526872038,False
150020,97,-0.009822733998726326,0.010724395451175902,-0.031619569251385815,0.011133600270061205,False
150030,79,-0.009229429074889595,0.01091780195298917,-0.031027082785939696,0.012194362318301021,False
150034,32,-0.007837477390641069,0.01134159333209479,-0.03030359416114362,0.014740879500969476,False
150040,213,-0.00816066057791252,0.010366459809532554,-0.028522817404567323,0.011734877823951429,False
150050,101,-0.005258935264832142,0.010932150858375626,-0.026923658752110155,0.017233163065963213,False
150060,257,-0.019975581756613923,0.010602548446318288,-0.0416675535546493,0.00010718416969938137,False
150070,75,-0.010545823785319932,0.01113227329241573,-0.03328928384105394,0.01108021084905498,False
150080,784,-0.016775879461879025,0.009514893659628742,-0.03636816814309308,0.0014685391918387147,False
150085,74,-0.010996435299666617,0.010980770678428634,-0.03332589590655133,0.01038743747636728,False
150090,81,-0.008095306119524937,0.010940844769304299,-0.029668234827630282,0.013133202988973419,False
150095,33,-0.01250252104456155,0.011599691038891026,-0.03646787679330039,0.009674362328103755,False
150100,33,-0.006408768377472739,0.011516071075984072,-0.02891273368987735,0.016391341435253996,False
150110,59,-0.0037167060795822455,0.011277595125614345,-0.025943663601630917,0.019638044540854653,False
150120,79,-0.011486241190101222,0.011219353983512845,-0.03381961803143264,0.010088069241574512,False
150125,4,-0.008631667447463852,0.011402794659132258,-0.03147741448645741,0.01400314742368034,False
150130,198,-0.007154663097293832,0.010372948439063579,-0.027466500297703634,0.01366867556565264,False
150140,2041,-0.003589426965635857,0.008529843509104329,-0.020332464753478666,0.013462659018538714,False
150145,52,-0.004040239178673076,0.011432330846043287,-0.02607761653430726,0.01905971135553688,False
150150,99,-0.015477691823635701,0.011146994973152198,-0.039002540933049716,0.005985332285176046,False
150157,23,-0.01196059394068629,0.011456010400024242,-0.035437024073301675,0.010149959479777882,False
150160,13,-0.012099900863466325,0.011316058139764546,-0.03495936174302559,0.009136573363283418,False
150170,225,-0.014501058757117975,0.010268415444690284,-0.03587606003096508,0.00465763446774518,False
150172,19,-0.009817026305120413,0.011331462012242062,-0.0325847142355065,0.012869308665648616,False
150175,8,-0.010276383035348814,0.011367736501744856,-0.033523226518467335,0.012076164935608896,False
150178,72,-0.016101961910794802,0.011395803548929091,-0.039284173433458545,0.005432731868585851,False
150180,318,-0.013435860650984106,0.009799593099562109,-0.033171205920274,0.005129948362479507,False
150190,41,-0.007966506572039525,0.01128602923697349,-0.030791304262102425,0.014114203678365285,False
150195,27,-0.008076937874628392,0.011628386162248075,-0.03127049690202677,0.015309936042310502,False
150200,41,-0.008414949598078309,0.011077241279920214,-0.030560264631298704,0.013371269535115061,False
150210,327,-0.014544611348742693,0.009965203333993493,-0.034955826929052775,0.0040721165210269635,False
150215,153,-0.016229771802401365,0.010430604502106495,-0.03762852595448919,0.003183001635318489,False
150220,124,-0.008174889165386072,0.010975150722199059,-0.030027902626510648,0.013985470138755847,False
150230,80,-0.00574672386797675,0.01094734857212315,-0.027456248036166905,0.016458249407604243,False
150240,312,-0.009866752172218558,0.010075730646075453,-0.029973461075061197,0.009507994425698456,False
150250,30,-0.008695530875906908,0.011083144802766938,-0.030986261094766706,0.013401278426598938,False
150260,21,-0.0065632984159449525,0.01120389254316734,-0.028948753548490334,0.015506350778963339,False
150270,98,-0.005460100829610567,0.010626715568862263,-0.02611420863295285,0.016269990644757728,False
150275,49,-0.012039814805389862,0.011057737038257047,-0.03458441032844436,0.008912864126851185,False
150276,28,-0.007196460495382449,0.01130632774894669,-0.029120722398791172,0.015600358084796226,False
150277,37,-0.008313022355200728,0.011183272424967115,-0.03025612688674376,0.013545006633011402,False
150280,109,-0.0007807489381434712,0.011057672406000587,-0.02166491668049506,0.021907242002161535,False
150285,30,-0.009444950861857515,0.011509910225432955,-0.03249613296917036,0.013321892131614202,False
150290,61,-0.0037423673681959996,0.010735154867191577,-0.024837386875111812,0.017944480616417853,False
150293,56,-0.012044880189988384,0.01098560028270171,-0.034995249545854624,0.009177625793605577,False
150295,50,-0.0001536841899777339,0.011525986512936357,-0.022583096444747614,0.023940496243251237,False
150300,18,-0.010275629728266634,0.011428100033994753,-0.03321613143964743,0.011921486928440795,False
150304,20,-0.007297451606142815,0.011159567363945069,-0.029555508308977217,0.014944528947290482,False
150307,49,-0.006041731961030841,0.011207817254731996,-0.027583430594035667,0.016779439423386486,False
150309,47,-0.009943624732672594,0.011066523370154565,-0.03211505422513843,0.011376575069898691,False
150310,65,-0.009321202576245954,0.011124208387952013,-0.03211628422027551,0.012461099430480637,False
150320,63,-0.006163182079315245,0.011239834313440937,-0.0280095102047975,0.016700001159474932,False
150330,96,-0.004499193162483234,0.01084976006288206,-0.026081136181402523,0.01751241517356303,False
150340,21,-0.009096750579448143,0.011533605892581457,-0.03197523166130677,0.013226901142434706,False
150345,68,-0.014531013390865303,0.011338055370320383,-0.03751863520537192,0.006699033184469253,False
150350,43,-0.002555444853446993,0.011344464330797634,-0.024600818937071667,0.020181251448055253,False
150360,393,0.0015169080798560456,0.010234294817576704,-0.017950028771435277,0.022328650466196802,False
150370,81,-0.010670416451428104,0.011017649987912503,-0.03301937170947337,0.010457138734733005,False
150375,95,-0.011058003341483472,0.010969817381921885,-0.03278873834799886,0.010108140156520454,False
150380,72,-0.005970559798494579,0.010946703106729856,-0.027712011196702156,0.01620529614668818,False
150390,162,-0.01340304630099648,0.010503773049747757,-0.03455505131336685,0.006671154376437779,False
150400,66,-0.013729700341711925,0.011230867553802997,-0.03669241264821013,0.007749408444156319,False
150405,53,-0.01007795460869192,0.011210942865779398,-0.03285373006566575,0.01172743701852593,False
150410,8,-0.007679863729757276,0.011739029074313187,-0.031046143181599456,0.01589895070032073,False
150420,465,-0.007931737448500679,0.009845372294061933,-0.027396833604407436,0.012054600219594829,False
150430,41,-0.009115514056910705,0.011342293345165896,-0.03098001553827164,0.01375332470616182,False
150440,34,-0.008929246915304223,0.01146723695205047,-0.031894282738438334,0.01396914318144483,False
150442,163,-0.00802190308498397,0.010793564687859901,-0.029229001329428003,0.013180732568466785,False
150445,40,-0.0070044396564988435,0.011162863534211634,-0.0292569308116145,0.015611902222135134,False
150450,70,-0.004474799083489497,0.01096194988549115,-0.026240178294040368,0.017524931352048245,False
150460,70,-0.010962702004454454,0.011139220808805902,-0.03339480109113216,0.010909737477584962,False
150470,140,-0.00911840268322877,0.010566721612139313,-0.029813211768087575,0.012316131751563394,False
150475,33,-0.01216718621084761,0.011177223264207337,-0.03487677374280409,0.009546966920617314,False
150480,159,-0.007702975767452306,0.010744192123407907,-0.028696161109423406,0.013249449096130551,False
150490,94,-0.008801341517785196,0.01084147047352627,-0.030441760516926642,0.012077123366909177,False
150495,33,-0.010245686902504107,0.011251748009590577,-0.03262385080390913,0.011469951156714737,False
150497,20,-0.009527362837189586,0.011322534963193564,-0.03169868904603924,0.0121300354589153,False
150500,13,-0.0071365648343466965,0.011606935294142317,-0.030171746398391455,0.016759868758542,False
150503,71,-0.003413701770294721,0.011069030126395856,-0.02516384461709255,0.018943361642490057,False
150506,110,-0.002481594515473603,0.01075381938955403,-0.023463532278895798,0.019793365887600996,False
150510,150,-0.002616027813921832,0.010451374181120446,-0.022632250700198572,0.018856851177835518,False
150520,89,-0.003343961287594914,0.010919610858488426,-0.02462403701411837,0.019009987597084214,False
150530,223,-0.010853681374528046,0.010345485138876575,-0.03147748378850473,0.009040899855890622,False
150540,30,-0.007025306171256988,0.011169826721083883,-0.029144089898386606,0.015332498446143452,False
150543,83,-0.006304967860265476,0.010867248454198895,-0.02724057725437331,0.015391980418261862,False
150548,78,-0.006678846556389489,0.011031127258291746,-0.0282782806494904,0.015785189582157175,False
150549,9,-0.008818671541496273,0.011438410677114373,-0.031627108262979535,0.013378656465552547,False
150550,185,-0.013367673885378342,0.010529269013851249,-0.03441003778617459,0.00663524207989275,False
150553,493,-0.011896688467042598,0.00912829434910296,-0.029863467038953914,0.005838424259236969,False
150555,18,-0.009601955952132141,0.011534958726355113,-0.03240802137274801,0.013362433893263064,False
150560,7,-0.008414893666912997,0.011057559437706942,-0.03064426225072937,0.013370679191346862,False
150563,18,-0.009331174490476117,0.011353062893028653,-0.032357560568596726,0.013322388440815769,False
150565,30,-0.006011929044111933,0.01120785223502752,-0.02804444196688004,0.016684302071731962,False
150570,30,-0.005820061841670557,0.011360161334288927,-0.027805596635349285,0.016357632696315332,False
150580,174,-0.005820141639830891,0.010864217931820309,-0.027292110680020167,0.01595466080669241,False
150590,93,-0.0032096676420931528,0.01089057171983131,-0.02456819752856209,0.01892898948402975,False
150600,102,-0.008421143755144361,0.011047161337626746,-0.030182655831533116,0.013016301421522727,False
150610,18,-0.009947699035808402,0.011333736024233893,-0.03233698545056394,0.012252400446362877,False
150611,15,-0.007009144013244441,0.011425888031032564,-0.02941063190404528,0.01588979728552386,False
150613,218,-0.00844030871089454,0.010510832755143001,-0.028389288095177177,0.012109077205236742,False
150616,24,-0.004222837155432633,0.011444330022917885,-0.026366835617475458,0.0189561068001569,False
150618,63,-0.012465807717970036,0.011158792493193797,-0.03502098053250585,0.00874703989165037,False
150619,54,-0.005641805842044774,0.011155236543376542,-0.027008042252912985,0.01714182822626706,False
150620,57,-0.007748081567396253,0.01112373275146753,-0.029553802483213185,0.014655783044556442,False
150630,51,-0.008249644961074437,0.011199082095812503,-0.030746007309107842,0.013711341197778447,False
150635,31,-0.004211125242243612,0.011706845483797105,-0.02658034057734766,0.01959037998567044,False
150640,10,-0.008769445256075318,0.01167031861649044,-0.03172025936912249,0.01453415280342208,False
150650,95,-0.00673015758224121,0.010787188493440895,-0.027472476663526244,0.014317928346000892,False
150655,27,-0.006805665933004699,0.011672628540935842,-0.030140264415331935,0.01639574550006073,False
150658,30,-0.007495566106394453,0.011322923453144573,-0.030010126188666143,0.014417653441020976,False
150660,43,-0.0032953919614563667,0.011404901087822678,-0.025339781199203472,0.019855610348964214,False
150670,78,-0.003389391652632773,0.010891133333648037,-0.024030569227437862,0.018701520165501445,False
150680,930,-0.009308601984283472,0.009072725287293502,-0.02697620205183186,0.008602321376535169,False
150690,9,-0.008391168142346401,0.01134884155446831,-0.031354971681194284,0.013825896204833541,False
150700,48,-0.009147755017823967,0.011003117483277973,-0.03141670926566666,0.012224705282087477,False
150710,22,-0.007356348227847327,0.011393097307223345,-0.0302590749319463,0.015335422765119684,False
150715,25,-0.0086852851236743,0.011206483835488949,-0.031055291910514794,0.013323449343650904,False
150720,37,-0.013598444374147282,0.011312025540836471,-0.037392641663332706,0.007835696524084721,False
150730,123,-0.007515441481366992,0.010699375055930034,-0.028749605547440944,0.01407101689686234,False
150740,22,-0.006404520199081498,0.011754127538022102,-0.02913821428661237,0.01677455784468705,False
150745,32,-0.0074472531604755626,0.011377201171560745,-0.029525796961367534,0.014782171565663272,False
150746,7,-0.006969294702138962,0.011635229962902234,-0.030097397650693872,0.016423278103374305,False
150747,32,-0.010980695958066208,0.011233604718787208,-0.03353815960696169,0.010993016625861681,False
150750,20,-0.007942963104264436,0.011158240350046011,-0.029648986496625757,0.014154247814892978,False
150760,103,-0.012290474974165366,0.01101053623327896,-0.03471268457253404,0.009251702046795469,False
150770,50,-0.014538399936543305,0.01122704874517673,-0.03692691715362591,0.0066782538921059224,False
150775,12,-0.007183070781562451,0.011318513326752957,-0.02929231003701295,0.015197496336994158,False
150780,37,-0.007491620268057401,0.011328889726243619,-0.029738525187441422,0.014782704758235926,False
150790,54,-0.012669290441747475,0.011074917391945027,-0.03555891664154813,0.008962048250129329,False
150795,175,-0.007154797227348765,0.010775351115755625,-0.028337376734580737,0.014220417316006942,False
150796,23,-0.007237574729485658,0.011362160090712939,-0.029898623422470266,0.015454683444112232,False
150797,31,-0.014307963386698446,0.01154431154884367,-0.037960656661918384,0.008100226075280123,False
150800,133,-0.010234634298650675,0.010566120883445912,-0.03157435002538765,0.010685056692717273,False
150803,65,-0.0034523270938766836,0.011175469112250277,-0.024609954031882594,0.019102216908181497,False
150805,40,-0.009853800777246357,0.011274211984748636,-0.03263844481828756,0.012264515613971412,False
150808,89,-0.01148403943291669,0.010927513055052128,-0.033840721398333065,0.009807805355153172,False
150810,201,-0.004280598513602603,0.010079731129809718,-0.023844990226824923,0.01615085630004428,False
150812,42,-0.01118728962393624,0.011387237320455107,-0.03397609893457215,0.011300975256792418,False
150815,94,-0.008118351326384056,0.011086457423861617,-0.029689212542496273,0.013060361514110507,False
150820,61,-0.011442012903322146,0.011035050517503508,-0.03359420525044897,0.010391492142896568,False
150830,115,-0.010036867303387143,0.01094751895665419,-0.031515263926263595,0.010848170044068002,False
150835,38,-0.009150925860999614,0.011267699911444008,-0.03179614447932707,0.01300121564956573,False
150840,90,-0.005495258120942077,0.010778054099592448,-0.02659277391419966,0.016186891366201456,False
160005,5,-0.007303888718139284,0.011569580402787083,-0.030244769498082545,0.01579771619929445,False
160010,7,-0.007559447300861881,0.011433634375778089,-0.03045556115255117,0.01495473761816998,False
160015,26,-0.009103925668286508,0.011619844310884118,-0.03224332581161445,0.013950296605529787,False
160020,28,-0.005842343146744067,0.011567793082720957,-0.0285377403307004,0.018168193548233114,False
160021,14,-0.009231729304512777,0.011678542449454595,-0.03253585157220908,0.013609198475583215,False
160023,25,-0.005216855205400388,0.011255462021367953,-0.026992543610008666,0.016998991819229037,False
160025,6,-0.007896744159504594,0.011598822576706925,-0.030956780947464044,0.014460025877116993,False
160027,127,-0.008761899183410197,0.011028633961725537,-0.030597809456347446,0.012503750773902431,False
160030,1225,-0.00694146950809562,0.008939752442309573,-0.02429494127887514,0.010371038991288507,False
160040,53,-0.01149358344949697,0.011364793590308899,-0.0344140645953277,0.010292101442462068,False
160050,84,-0.002548030720067645,0.010992519481107828,-0.02330192878221928,0.02056668890363338,False
160053,41,-0.0035000387727705936,0.01123228385177202,-0.02517435281126418,0.019274844659824958,False
160055,8,-0.008451855857670039,0.011451652996195338,-0.0304689405663651,0.014310410337707136,False
160060,235,-0.0031802759201615266,0.010499646830519627,-0.02361733882458773,0.017902031547900453,False
160070,30,-0.007211346149659199,0.01148474252985062,-0.029923631595981853,0.015504408667561006,False
160080,34,-0.007320068408279039,0.01131162156556916,-0.029862603331941184,0.015216050165188124,False
170025,5,-0.0078004416705242125,0.011304803960928934,-0.030866974694339085,0.014769283800989567,False
170030,4,-0.008137875366189325,0.011454819475876295,-0.030710225245728286,0.014844512412961235,False
170035,7,-0.007563416993719208,0.011113821506103542,-0.029602685529391326,0.01496061430379447,False
170040,11,-0.008604142926718811,0.011595424363371678,-0.031426655767474554,0.015022782343043724,False
170070,10,-0.008240845236024934,0.011367736429474367,-0.03089292986814275,0.013459992557475809,False
170100,8,-0.008108554204203927,0.011372518598443895,-0.03073481898243858,0.014580617048991261,False
170105,5,-0.006808669596509633,0.011413255173027569,-0.029342638883439524,0.01629384018286258,False
170110,8,-0.008080381054211268,0.011432716290125357,-0.031124677174976207,0.014566345492959282,False
170130,4,-0.0072980963339788546,0.011366869233423341,-0.029744722350736538,0.01470392875968841,False
170190,13,-0.0072972388873580995,0.011310175986799984,-0.029913672929057132,0.015362281472895766,False
170200,9,-0.007730960916489168,0.011184443761160163,-0.02972280208643731,0.014234458864948812,False
170210,273,-0.012572485316320102,0.01016832028537101,-0.03323567432782142,0.007049596994230094,False
170215,7,-0.006822789710694764,0.011678116129941716,-0.029471167319354077,0.017053354666996336,False
170220,41,-0.0077185286611815415,0.011041915153430792,-0.029633224930335232,0.014449051952847273,False
170230,3,-0.008637635473200777,0.011105559415815603,-0.030648746132709837,0.01319649192098967,False
170240,13,-0.00809986462976291,0.011329455679784214,-0.030637574262762934,0.014775442034729483,False
170255,33,-0.010597889490168462,0.011260670842005398,-0.03358754574883247,0.011651169385359216,False
170270,5,-0.009183739574814826,0.011499087739809835,-0.0321932246297849,0.012502114067724454,False
170290,19,-0.008939661456453397,0.011471677923344782,-0.031346563470681175,0.013221947352890688,False
170300,9,-0.009017417691193285,0.011274904440377116,-0.03177630089304509,0.013333197762412267,False
170305,8,-0.005891355964895337,0.011027644200750341,-0.027319933215920945,0.01636255576527899,False
170307,10,-0.0077733940082865965,0.011619186196866622,-0.030999636273936287,0.015078923104667298,False
170310,4,-0.008677586293695616,0.011234459120132219,-0.031532728980626604,0.013278007265273109,False
170320,4,-0.006416348293151117,0.01156356582355297,-0.02864293056215136,0.01675992960141137,False
170330,7,-0.006785415010964424,0.011360470230884831,-0.029495030940760888,0.015210555362707141,False
170360,1,-0.007640299700466554,0.01170155900793815,-0.0313071972744103,0.016051967452633972,False
170370,4,-0.005773779795261009,0.011344205740073806,-0.027892469969971915,0.017052355710167232,False
170380,5,-0.007233927839958121,0.01120429757075875,-0.0291852168595589,0.014964586067438435,False
170382,0,-0.007659233021897125,0.011701123223023352,-0.030977968712225617,0.01573560063536148,False
170384,15,-0.008033625999739087,0.011409901850183908,-0.030753571984189997,0.014550792034769739,False
170386,3,-0.007581220673431038,0.011141840226213031,-0.02996633792030818,0.014519335690079106,False
170388,3,-0.0069834102148662305,0.011169713073312758,-0.029511372690657157,0.01517888932112374,False
170389,8,-0.008296941986965059,0.011674705647629307,-0.031830770989541,0.014604569240417713,False
170390,7,-0.0078107357448744304,0.011531497756388774,-0.03031653626648624,0.014842689718029092,False
170410,3,-0.009141898044862467,0.011495672225563854,-0.032325099456414576,0.013674292742040092,False
170460,1,-0.0074741398399160025,0.01165220285133291,-0.030692545058889627,0.015764578957494346,False
170510,4,-0.009376940632147647,0.011486695943702014,-0.032341444839924294,0.012691860091344173,False
170550,57,-0.010570360744876616,0.010897350488506295,-0.032341671238255695,0.011126312261078648,False
170555,8,-0.007539711850237574,0.011577086214241035,-0.030533540571882293,0.015748907820668123,False
170560,16,-0.01064902243113599,0.011478284729038394,-0.03388653540421007,0.011194250950357436,False
170600,4,-0.007669432423228216,0.011218347782331448,-0.030280781492915868,0.01467212684088672,False
170610,4,-0.007827022726186713,0.011365535366209179,-0.030470171380991236,0.014267655772677636,False
170625,1,-0.008350243703767139,0.011835095849540801,-0.0316119126407046,0.014946173685564992,False
170650,7,-0.005590509560568351,0.011569509523594337,-0.028353754273832302,0.017658209048881175,False
170700,36,-0.005488474686899013,0.010918634417204795,-0.02710511743833165,0.016744243892673715,False
170710,7,-0.008663887384315899,0.011458430402051358,-0.03166922868791978,0.013737317044221915,False
170720,6,-0.007311306822897382,0.011358820593481207,-0.02947752654586914,0.015078107488148172,False
170730,4,-0.00636130588123267,0.011531147759334361,-0.02937321129989182,0.016606943726572218,False
170740,20,-0.009749267717260653,0.011205717136707182,-0.03222795846006383,0.011956839964004293,False
170755,5,-0.006069354711783729,0.01128884559615392,-0.028391552165203,0.016074273276633414,False
170765,12,-0.010390660878951333,0.01107358736638828,-0.03275297563032548,0.010925540882736192,False
170770,8,-0.008409560384547772,0.011397295325584368,-0.03124483501278832,0.014649579942549588,False
170820,22,-0.010733635188745132,0.011176435402127512,-0.03367938594754219,0.011257832309753144,False
170825,3,-0.00857441367972358,0.011575100119645106,-0.03173566664428905,0.014490249694327937,False
170830,3,-0.007290191856923247,0.011059437334359967,-0.02899389788503649,0.014497607659146993,False
170900,31,-0.005988888420048616,0.011413571622935806,-0.028161801779985028,0.017076861736476774,False
170930,30,-0.005262201239651285,0.011456384767449724,-0.028050293660449078,0.017626285027966225,False
170950,114,-0.006341454433782449,0.010771808989500418,-0.027644790082273427,0.014861010606941248,False
170980,2,-0.007930954611670853,0.01131184172985659,-0.03056453819888293,0.014392669641481658,False
171050,20,-0.008831329775486226,0.011491475452347905,-0.0315769526318029,0.014484048810080282,False
171070,3,-0.007657882371193058,0.011137310741445982,-0.029885201770095817,0.014475424041624455,False
171090,2,-0.008265550086318562,0.011587253293721803,-0.0311644519698909,0.014684226148021702,False
171110,2,-0.007895835263268942,0.011535297482038149,-0.03061805826624319,0.015272125425168296,False
171150,5,-0.008332841047120019,0.011713269410010918,-0.03209930933497793,0.014566413376317054,False
171180,3,-0.007189413109413927,0.011761402884808972,-0.030299169965566964,0.016493891938697342,False
171190,28,-0.0065658345523431465,0.011486174870152077,-0.029182827506403206,0.016559705110029015,False
171195,7,-0.006465787202287536,0.011391331776216956,-0.029097816415451755,0.016481416188137147,False
171200,9,-0.00845005694832022,0.011725507713799268,-0.03168517895054908,0.014208736173645889,False
171215,6,-0.006835422214298081,0.011396062216987059,-0.029294680082321844,0.015860109937288598,False
171240,2,-0.008679893418660165,0.011362509282605552,-0.031224521437222687,0.014033306666344341,False
171245,2,-0.007070159622212868,0.01138057687589221,-0.029203594603019082,0.015366456137245202,False
171250,6,-0.007420780745057596,0.011580362100224374,-0.030132184779032952,0.016043917761238938,False
171270,7,-0.008604110625700177,0.011674780651397328,-0.031956696267296615,0.014489536610398174,False
171280,5,-0.007678245162265454,0.011543839345734943,-0.03082752704478112,0.015122832634955403,False
171320,45,-0.004469671126518053,0.011350574136581292,-0.026755319815454533,0.018840014224273092,False
171330,22,-0.009579818880495816,0.011389423117953441,-0.03310436001072435,0.012516963685255211,False
171360,11,-0.007336733551561838,0.011482735979256574,-0.030076027271964966,0.015611708423387723,False
171370,1,-0.007726755145947716,0.012002590173646105,-0.031218453949617597,0.01616811778631706,False
171380,3,-0.007571721853593374,0.011519763165745427,-0.030523297183970382,0.015485641327485013,False
171395,8,-0.008076171723423559,0.011627510989820728,-0.03070496021681277,0.014619740105192262,False
171420,12,-0.008588240202970584,0.01112370337331241,-0.030450112196898617,0.01294154078938727,False
171430,5,-0.006324133878014905,0.01182876171769768,-0.030006406052551057,0.017502210587840995,False
171488,16,-0.005922569908667981,0.011502273607122955,-0.028691023268808853,0.01745731148535085,False
171500,3,-0.008304802961765279,0.011604029032220077,-0.030778624332191595,0.014129648450176877,False
171510,6,-0.009394481987405863,0.011383629223939602,-0.03258890722148793,0.012455088585247957,False
171515,2,-0.007784665210141692,0.011458275874991633,-0.030029963442774,0.014537458886656673,False
171525,5,-0.007508550893737323,0.011293490778681138,-0.030045818703001607,0.015084122095105885,False
171550,2,-0.008350108146745455,0.011320816807313247,-0.030539252995506787,0.013946450852667007,False
171570,6,-0.0059541950565223396,0.011345272602653108,-0.028025867300208167,0.01650555402257162,False
171575,6,-0.0077849261605990915,0.011201866282029143,-0.02930556643418931,0.01483915611764629,False
171610,76,-0.0054842173038950415,0.011225967784563997,-0.027192874080155662,0.017278149142750356,False
171620,17,-0.005500145809079048,0.011244866786255869,-0.027672807450710206,0.01731461283710503,False
171630,3,-0.007209148590484577,0.011198088734513471,-0.029768580146032814,0.01476712502670716,False
171650,37,-0.0018297630666576203,0.011528414723747509,-0.023618565564427586,0.021150948553635307,False
171660,21,-0.005456989335279761,0.011483014397875744,-0.027772723654795908,0.018623988879272885,False
171665,5,-0.007261706269295638,0.011256593174888276,-0.029551789364832094,0.015319701784818736,False
171670,3,-0.006286351145959304,0.011707196124387522,-0.029479678537117644,0.01715382917359758,False
171700,4,-0.007952802464473569,0.011401944118307174,-0.0305536388992322,0.014879795873543808,False
171720,0,-0.007883602432140788,0.011459958650994459,-0.030588822390144814,0.014442105210378668,False
171750,6,-0.007907394661464192,0.011341091734331904,-0.03056225938165618,0.014539123725616398,False
171780,5,-0.006694423381140262,0.012016601507047843,-0.030405208027481933,0.017235334149381606,False
171790,9,-0.007737424178320859,0.011387757876376877,-0.030333149141061753,0.015200313476713903,False
171800,5,-0.007079305883431871,0.011618868935227792,-0.02968081473269132,0.01578415100093323,False
171820,106,-0.004383174056760259,0.010736098425840447,-0.024968877490915718,0.017258222343751104,False
171830,6,-0.0069692304174754655,0.011224641443174062,-0.02916212381859568,0.0148423167361463,False
171840,1,-0.008053327002288963,0.011477539944491102,-0.030723079718006217,0.014267489930433721,False
171845,0,-0.007725810145085913,0.011456020768721396,-0.03067155709611961,0.015088583495153247,False
171850,11,-0.009137714538259466,0.011260628329511324,-0.031930940014168116,0.012899502388362785,False
171855,5,-0.007256781341464487,0.011649591884599705,-0.030681315801225035,0.015891373676969328,False
171865,1,-0.007570963017630267,0.011374650236816056,-0.030040370776917978,0.014859018034407671,False
171870,3,-0.007218927603360899,0.011449513188288955,-0.030053025808564785,0.015104942504747495,False
171875,10,-0.01016216599290227,0.011613980789129827,-0.03376331956694306,0.012185222908499192,False
171880,9,-0.008311329574641747,0.011816943903379333,-0.03179473464752272,0.014911451237772648,False
171884,2,-0.008055092613128891,0.011622061658792105,-0.031292865775277734,0.014651557199396642,False
171886,11,-0.009374604961145434,0.011345352279927593,-0.03200306079037405,0.012961785883380829,False
171888,2,-0.008014726520722257,0.011346569772127474,-0.030137446008875985,0.014863193951130158,False
171889,2,-0.008696401326035932,0.01150561437320492,-0.031947315007323514,0.013941295238229746,False
171890,8,-0.007880892946011353,0.011960570617160401,-0.03138432772271723,0.016310481088958606,False
171900,6,-0.00791105572297894,0.011579902836544831,-0.031550300403692284,0.015139263806092214,False
172000,4,-0.007572168634740816,0.011463484420611493,-0.030465681690785985,0.014851211281576803,False
172010,5,-0.008656555546185496,0.011599723347204268,-0.03168660203702213,0.014827742805752943,False
172015,2,-0.008320105875903882,0.011387125484016812,-0.031004024484735836,0.014276940794235147,False
172020,14,-0.01068150821709443,0.011572538950875575,-0.0340139297791059,0.012091223686064285,False
172025,3,-0.008695015568953707,0.011541313563302937,-0.03238939712739377,0.014006481707903732,False
172030,5,-0.005872959981735041,0.011455678927799721,-0.028175472223298866,0.017206375188184617,False
172049,6,-0.006657758297652827,0.011225834577226453,-0.028838129172417834,0.015194652515084,False
172065,8,-0.00867128720476325,0.011297651578254306,-0.031418540517971286,0.013399593706165716,False
172080,10,-0.008660043106419386,0.01142670858292551,-0.031056196364961913,0.014006029564148897,False
172085,1,-0.00822130755414021,0.011094266114694657,-0.03016972081568145,0.013973345752505056,False
172090,17,-0.0063463693404096685,0.011401914559394235,-0.0290592497807253,0.016697526993040814,False
172093,4,-0.006204405920169852,0.011439880601175486,-0.02885998947431602,0.01691181736626783,False
172097,3,-0.00765366825241957,0.011648101902226295,-0.03086361148121264,0.015327182611995957,False
172100,428,-0.0036698011380309663,0.009780271660445067,-0.022130744609382264,0.016198601720786607,False
172110,18,-0.010406143986868446,0.011646686581360264,-0.033673036739616885,0.012168962174075069,False
172120,30,-0.007631728532941496,0.011476096473514342,-0.03021736960819393,0.014984479349753086,False
172125,2,-0.006464427296796063,0.011562044482174655,-0.02941342586499883,0.016636854851436584,False
172130,1,-0.007248219736752682,0.011453674702803448,-0.029374728142000327,0.015170773955085868,False
172208,12,-0.007526442948973973,0.0112515449468221,-0.030278569305697046,0.014449761251751455,False
172210,17,-0.00776418734752236,0.011277617543202556,-0.030396452053648992,0.014146956648578303,False
210005,215,-0.01948846587425076,0.010749928902684438,-0.0414936967014494,0.0005675999470756457,False
210010,12,-0.01066973428163121,0.01144285068646088,-0.033578059754570774,0.012022143392499017,False
210015,12,-0.00699138575533502,0.011063455534113632,-0.029060928576379232,0.015242429705004504,False
210020,23,-0.0038996794835509958,0.011511898210212456,-0.026232748763292683,0.019818874751626955,False
210030,50,-0.010847828686115807,0.011195330916823416,-0.033660000599017664,0.011166091481874661,False
210040,7,-0.009232574185591307,0.011322689745845478,-0.03247299186635595,0.01333748873792885,False
210043,53,-0.010703078331687566,0.010745523409616594,-0.03212576177635778,0.010244918423690737,False
210047,49,-0.006831831089538407,0.011037517013399284,-0.028680891633815028,0.015244013862677253,False
210050,23,-0.007732771784477254,0.011377678099909092,-0.02994978524595275,0.015492410260587484,False
210055,9,-0.007354436393745114,0.011598768426077734,-0.030086572684098045,0.015790150012077876,False
210060,100,-0.008735368356452042,0.01124063297957785,-0.031434277727452574,0.013682438613306579,False
210070,32,-0.005681358257823997,0.01115982073583342,-0.027654098784262848,0.01659211367236298,False
210080,31,-0.008956593536054637,0.011045050265208859,-0.03159333384935675,0.012491964773906442,False
210083,34,-0.010523210925301646,0.011421127901650863,-0.03426978158879148,0.01145217154734574,False
210087,16,-0.008163396344364554,0.011190640422677289,-0.030151223875038772,0.013506664381131607,False
210090,46,-0.008952042164806245,0.01131974065914552,-0.0320157787888446,0.013173151574051948,False
210095,72,-0.0067342153120213775,0.010997936152556077,-0.02838065332184588,0.014864800765144884,False
210100,40,-0.005698821506859635,0.011008753169875492,-0.027345174694095902,0.016274149220775285,False
210110,19,-0.005358503934092661,0.011560494022230425,-0.028519629463322312,0.017738829280316358,False
210120,150,-0.010027845817206817,0.010569031399479623,-0.03082705049984433,0.010568240829649123,False
210125,25,-0.003944565318923184,0.011435127038905353,-0.025665336605030082,0.019318668884850787,False
210130,23,-0.00903372289153449,0.011441376686067532,-0.03182344882424295,0.013739695994136896,False
210135,6,-0.006993788691000678,0.011522095425897855,-0.02990347360958431,0.015906074926039994,False
210140,263,-0.017795235713729474,0.01039501465682604,-0.038856451546402056,0.002130839644349669,False
210150,30,-0.007409751203983036,0.011251461875588412,-0.030288298203914897,0.014843920076599335,False
210160,179,-0.011509226675082744,0.010470469238775754,-0.03251402093877936,0.008948429255962977,False
210170,128,0.0012768145123521252,0.01092117622679679,-0.019222681415164544,0.02336545043248496,False
210173,22,-0.007586210879543965,0.011280902162918504,-0.02985889995674669,0.01475904063410043,False
210177,19,-0.010928446849236393,0.01168719937396754,-0.034317404679937234,0.012023770054076963,False
210180,6,-0.007528125435355756,0.011588035150362974,-0.030398089407852377,0.015072092530313243,False
210190,21,-0.009189187360895237,0.011303995073479862,-0.031904929069667076,0.013284197150217928,False
210193,5,-0.008324385776862748,0.011173418832527312,-0.030564695761152817,0.013416776516046251,False
210197,8,-0.009056466117029559,0.011620825445072432,-0.03259235965897808,0.01392655018824743,False
210200,61,-0.00286954588725571,0.011161453406558218,-0.02467378723056419,0.01982958302994024,False
210203,75,-0.011602563309319332,0.011084566039426763,-0.03373185606480189,0.010270057803801722,False
210207,16,-0.009807404154082397,0.011429337496444175,-0.03299081905615607,0.013386940583411049,False
210210,52,-0.007304739364634571,0.011150966253074488,-0.02920281357518014,0.015064472604133662,False
210215,11,-0.006627338861801492,0.011200328515058233,-0.028197223010681807,0.015367877253687556,False
210220,69,-0.00648648973249806,0.011089498952444739,-0.028756016797479342,0.015495202075617717,False
210230,42,-0.007028084829559449,0.011188642097352545,-0.02899721344680406,0.015478845990579268,False
210232,133,-0.013247821975473133,0.011050941008910905,-0.03558333824719546,0.008270736609670011,False
210235,32,-0.005970657162557477,0.010884332030725322,-0.02705270530888832,0.01586613701496142,False
210237,15,-0.005100061701080388,0.011230281391756608,-0.02741211520438434,0.017427397532788835,False
210240,9,-0.0072822125817003855,0.011720352355891457,-0.030262541579228492,0.016292886203426747,False
210250,33,-0.007169094406013248,0.011382842334254592,-0.029607106992587215,0.015275642582536912,False
210255,23,-0.006173485582553454,0.011479972940153637,-0.028363846901607124,0.01731830196248168,False
210260,28,-0.005155901852170313,0.011328783512376945,-0.026730565242601596,0.018148994825044836,False
210270,30,-0.011488520577601082,0.01135299008583074,-0.03420503721316844,0.010198083531309821,False
210275,23,-0.008605189652151799,0.01144377463686328,-0.031481240642666254,0.013960780796492482,False
210280,37,-0.00955387195700913,0.011153717238301384,-0.032064494903880664,0.012441084979603872,False
210290,40,-0.009076132988501934,0.011254499233862625,-0.03163908866883369,0.013605376523893448,False
210300,290,-0.010121801326328462,0.010472310825625802,-0.03073904977165467,0.010067431000971874,False
210310,14,-0.00662646150530093,0.0114703040056221,-0.02925927055786269,0.016289836874901018,False
210312,10,-0.006787139580586574,0.0113515786119999,-0.028976923365824327,0.015934374520344168,False
210315,29,-0.01201068063394387,0.0112765157965697,-0.035000049763048345,0.009654205658220625,False
210317,33,-0.005549314953690309,0.011268298091110969,-0.027537635282772175,0.016927008537711424,False
210320,134,-0.01555475122929708,0.010822519346550288,-0.03753003504793785,0.005491185152479585,False
210325,30,-0.004776200014874316,0.011393261987187913,-0.027170920906483084,0.018234026430160855,False
210330,228,-0.011929028584724048,0.010372144181819098,-0.03262850037554632,0.008249134768852766,False
210340,106,-0.012762643799418293,0.011027862979757927,-0.03515075335781142,0.008111209772592252,False
210350,82,-0.005595067695151622,0.010990057050007824,-0.027564961521977082,0.015963384299356433,False
210355,25,-0.007147397099484578,0.011340759345664215,-0.029432165798059833,0.015118856103624935,False
210360,92,-0.00657212301654312,0.01091755647123633,-0.02798400397229581,0.015466233182909602,False
210370,65,-0.00928399096157839,0.011110669820722405,-0.030926163863379957,0.012762459338068828,False
210375,29,-0.009770991904523626,0.011160987847389947,-0.03139520209840746,0.012142069333119442,False
210380,34,-0.008339423355740366,0.01132484188133561,-0.031131903582086548,0.01403842701818,False
210390,11,-0.0092645845961937,0.011244205956507202,-0.03202829992679441,0.012559655927627478,False
210400,26,-0.0061374559946862535,0.011471982256732684,-0.02880356381792658,0.016365958550699826,False
210405,61,-0.007553068262834905,0.01135400501457864,-0.029870171932230127,0.015285749738009549,False
210407,7,-0.010113780636398595,0.011777113071691672,-0.03391703754499523,0.013036341558799678,False
210408,47,-0.013164707791225395,0.01124102112467662,-0.03665085922946942,0.008560789217157085,False
210409,24,-0.00769298258856657,0.011473630060565815,-0.030770352704184132,0.014876437864028064,False
210410,22,-0.008354854538775817,0.011454175449748832,-0.031405656355080615,0.014362496046526233,False
210420,27,-0.008736054563871339,0.011324461213059949,-0.03138062627762297,0.013895497180734753,False
210430,16,-0.005937427005186047,0.011762885970687545,-0.028713065926067045,0.017756157649178927,False
210440,22,-0.010001564906255067,0.01131442330741915,-0.03282347650736162,0.012184969487399524,False
210450,16,-0.007372827306143577,0.0113217058808456,-0.03009172611200798,0.014957674468568022,False
210455,29,-0.004389172390502797,0.011199978337465282,-0.02598905763308709,0.017484126469124072,False
210460,24,-0.007027109271982323,0.011266233013523617,-0.029417727442377428,0.015095075918420242,False
210462,8,-0.008212072825973703,0.011480688364818983,-0.03162067216024543,0.014631360392963403,False
210465,14,-0.004978250320683781,0.011426920151660162,-0.027125370676782945,0.018503734557465568,False
210467,35,-0.005434151182746487,0.011513449194388233,-0.027586336446994673,0.01705115406478109,False
210470,12,-0.00834700153665467,0.011272715309849747,-0.030805504123844203,0.014167838457058945,False
210480,176,-0.010340725685058021,0.010433276313345993,-0.03142318725920851,0.010097021243303061,False
210490,19,-0.009821632420389628,0.011076581164098011,-0.03196266790818267,0.011518583511330975,False
210500,43,-0.008430671265952058,0.011358347061032174,-0.031152393114000282,0.014107498359468836,False
210510,46,-0.006794753266180653,0.011098624219542193,-0.02889980557387507,0.015301593327960186,False
210515,25,-0.009413595357364073,0.011301325429623497,-0.03173038241967806,0.01245188394392542,False
210520,23,-0.009580238685379232,0.011520216672614594,-0.032567106044266235,0.012475915723090003,False
210530,420,-0.006934038160266803,0.009987683966555668,-0.02634558126251949,0.013054787650817669,False
210535,26,-0.006001204083429712,0.011599422884024749,-0.02870434451597185,0.016831819566484003,False
210540,123,-0.0057041918683596385,0.01061985916201492,-0.02611410905388841,0.015702226187891077,False
210542,32,-0.008332515335389024,0.011035553549491412,-0.030754704959206437,0.013314757854504096,False
210545,13,-0.006109718864284467,0.011132035638301358,-0.02782123698564331,0.016390853715563033,False
210547,53,-0.0047706920669325905,0.011361950794845014,-0.02707703453239901,0.01859431734659652,False
210550,45,-0.007072059583872338,0.011211598921231948,-0.02910178338308227,0.015244311016127539,False
210560,20,-0.0073401435290816565,0.01136724348869214,-0.029811407012494358,0.015240012269398162,False
210565,8,-0.007871742340303182,0.011509444621913898,-0.031206423676272323,0.015313456692127688,False
210570,69,-0.010374942998720283,0.010873180393467406,-0.03267876709560888,0.01063255775162275,False
210580,14,-0.0054213970682207655,0.011144040101925077,-0.027066227236288324,0.017047271755337566,False
210590,17,-0.006601322078655524,0.011277096423965757,-0.02887348655310634,0.016216424877663303,False
210592,15,-0.007958632178319427,0.011479348648593596,-0.030886561997826283,0.014079625947279269,False
210594,9,-0.008208540885307371,0.01141528959455498,-0.030895666258717765,0.014605687268619997,False
210596,22,-0.007701183526774544,0.011134245123174472,-0.02999286931206956,0.014716091231336537,False
210598,10,-0.00845129795679605,0.01149215081916536,-0.031614308930922236,0.014211167213426561,False
210600,14,-0.007332311252453051,0.011374228351974675,-0.02967615154837023,0.015532418987550622,False
210610,19,-0.010906822117560954,0.011513908533825775,-0.033828788246860586,0.011875472835068868,False
210620,7,-0.006363661852190545,0.011712893317491363,-0.029180938717764768,0.016900568046176786,False
210630,21,-0.007831249016687896,0.011299157514910473,-0.0302844769125632,0.014934152195015198,False
210632,33,-0.012014778380071138,0.011363792487166891,-0.03519641920971258,0.00942487842294118,False
210635,12,-0.009069347183833065,0.011516872896738391,-0.032095553509880255,0.013751442119295453,False
210637,20,-0.008018116247885057,0.011392297903793905,-0.03017698073772994,0.014910634547768453,False
210640,32,-0.010571171643971871,0.011308780198788245,-0.03336638113707262,0.011410333846062956,False
210650,48,-0.010279364725260033,0.011208441038572135,-0.032662104080117806,0.01151537325910642,False
210660,69,-0.009968183672109658,0.011133963400483154,-0.03249125793967725,0.011495778626393682,False
210663,16,-0.006174228647318415,0.011227603997006945,-0.028023956962465558,0.016217057458466484,False
210667,4,-0.006346043763716638,0.011172355123167417,-0.027858707437421564,0.015700954757458512,False
210670,31,-0.005366444902634967,0.01099878680227747,-0.026911536972256973,0.016462349305076333,False
210675,21,-0.008414555099830544,0.011078788608315678,-0.03045325888421439,0.013009716181637643,False
210680,28,-0.004589886540845076,0.011599221113772628,-0.027203102938265777,0.018744946902691014,False
210690,74,-0.007650605129128498,0.010972028660779492,-0.029899749746722715,0.013569362458744674,False
210700,13,-0.008771966233950228,0.011488227260902645,-0.03134448570915544,0.01376835044720008,False
210710,32,-0.0061868480351874484,0.01146572637778936,-0.028133720462719183,0.016606969253183158,False
210720,26,-0.005615834138315431,0.011637175331837063,-0.02797605928677904,0.01795945484612768,False
210725,8,-0.00878254892727156,0.011556131854275448,-0.03191547985781074,0.01377985867850134,False
210730,5,-0.008505981717312346,0.011671141894235534,-0.03198089551362905,0.014674567601263013,False
210735,17,-0.006888663407532988,0.011281398552686511,-0.029043089135935486,0.015520634584321532,False
210740,16,-0.009732437084172832,0.011471563467516311,-0.03247405230603564,0.012495837162977598,False
210745,16,-0.008968923393858174,0.011521683420720364,-0.032359104982627084,0.01401982585895193,False
210750,225,-0.009740206128347135,0.010222705175384407,-0.030394252612220837,0.01011418753593153,False
210760,39,-0.009720295935150801,0.011503435099126757,-0.03319025093576821,0.012662403891941662,False
210770,37,-0.003937731696254514,0.011382500416927259,-0.026130170024328974,0.01897086127418012,False
210780,50,-0.011651740656547881,0.011191482008205588,-0.03447322197108341,0.010672348750185622,False
210790,33,-0.006970120145721797,0.011088824622504006,-0.02903005167502474,0.015700670411632506,False
210800,32,-0.007220231972717806,0.011113472452105014,-0.030016936358014695,0.015184358230463733,False
210805,30,-0.005707832359661484,0.011242190998703152,-0.027457437358369967,0.01689928504735386,False
210810,37,-0.010903019987402392,0.011361511117311957,-0.034117126919826726,0.011319980678136828,False
210820,54,-0.008162658538853344,0.011040540292619222,-0.030043013106156605,0.013759494116416998,False
210825,45,-0.013926282815606079,0.011288423640762872,-0.03704770449664102,0.007933918718591261,False
210830,101,-0.012164442624366174,0.011244235914265238,-0.03490504473837021,0.009646294614627843,False
210840,17,-0.0060627420443572074,0.011504919623727917,-0.028025341853351777,0.016574774503597487,False
210845,51,-0.005297896322429041,0.011569008310901584,-0.028653119103887237,0.01792076864278214,False
210850,42,-0.008448503285288282,0.01088080202483917,-0.029967279690009997,0.01298317441451111,False
210860,191,-0.006481796906053222,0.010580497549393612,-0.02699904150931989,0.01452033225222848,False
210870,35,-0.006535234663123731,0.011108715967983292,-0.028002493629758263,0.015642356988020585,False
210880,32,-0.01123217974553887,0.011534064610863485,-0.03527860170938124,0.010849309093699359,False
210890,20,-0.008882909898373564,0.011444178795095376,-0.03202844080344269,0.014102937992141214,False
210900,52,-0.013544905782774893,0.011152462771577656,-0.0361354900163548,0.008417605718173403,False
210905,6,-0.00833174923097505,0.011324860809476638,-0.031235180506403972,0.014658798405934207,False
210910,70,-0.006349426939109685,0.011098989992638905,-0.02814334387216308,0.015478149219406661,False
210920,18,-0.007560614458971304,0.01134984332384158,-0.030229533472863813,0.015009752091332025,False
210923,9,-0.009412896891710572,0.011632550587379071,-0.03238900529498467,0.012977611314102935,False
210927,51,-0.009086899715169076,0.01125816553926506,-0.03130749569177453,0.01310869313455581,False
210930,16,-0.0075111111937880065,0.011496529420320095,-0.030029647861825215,0.01519491333792614,False
210940,24,-0.010125558273288702,0.011504695267212458,-0.03300379289646492,0.012337414120556027,False
210945,52,-0.011440311245921146,0.011011770018131566,-0.03396338217630772,0.00980594059110267,False
210950,30,-0.008581299735181881,0.011467967441122471,-0.03171114763346137,0.014292280307127352,False
210955,11,-0.007241396646191134,0.011226135700266216,-0.029709889739567716,0.014621736681656197,False
210960,77,-0.0029124199837540434,0.011384918387064319,-0.024844063949018457,0.02059596559560054,False
210970,7,-0.008685457857170372,0.011467846186384174,-0.03167580325309692,0.014419248935533296,False
210975,7,-0.00665719530862532,0.01140011283578035,-0.029616491796657294,0.015863103204404858,False
210980,51,-0.006519743068853738,0.01116715726639993,-0.028367743696525723,0.01559879321300792,False
210990,150,-0.00574714855457014,0.010415829664874688,-0.026471927562547293,0.015206824729074142,False
211000,109,-0.007430289361183086,0.010611265181085074,-0.028499343093155296,0.01400483958464344,False
211003,43,-0.005912060509476806,0.011211110330509371,-0.02769776025698716,0.016933643405189578,False
211010,52,-0.011689401498111929,0.01141181567955534,-0.03526611342377075,0.011042400396634032,False
211020,72,-0.006813891142924544,0.010704398622499894,-0.027920075006169734,0.014680340744870854,False
211023,9,-0.007355684960237772,0.011105759008778701,-0.029218100907990218,0.014828440590212873,False
211027,19,-0.00646322480785528,0.011278945036593928,-0.02849677854425325,0.016149726709919748,False
211030,17,-0.004768331789613339,0.01171982920661689,-0.027958577339396322,0.01950072323802746,False
211040,45,-0.010037803319730438,0.01149584876943926,-0.03360739004616557,0.012732752004508616,False
211050,65,-0.010310091299478602,0.011100625878760062,-0.03226981317545584,0.011557638105328718,False
211060,38,-0.005602649500884831,0.011457025988053135,-0.02774820345532423,0.01754193258664296,False
211065,12,-0.007420006301792691,0.011358931629362119,-0.030222583784590445,0.014928228980668224,False
211070,45,-0.01015754790057684,0.01081477934777837,-0.03167906565134876,0.01082119062137801,False
211080,4,-0.008497723033488424,0.01119946301544756,-0.030951847158398025,0.014009984931007462,False
211085,10,-0.009045708208751701,0.011471428501189773,-0.03258860100538216,0.013613706949391745,False
211090,22,-0.0047075558302536805,0.011511545178030628,-0.02707122265965982,0.018707341299609014,False
211100,34,-0.005012994847140026,0.011168197395967682,-0.026510623036652775,0.01712871195777504,False
211102,23,-0.007852872360891059,0.011415720695750935,-0.030560152193431684,0.015107086151838953,False
211105,12,-0.007724691651028946,0.011672412009745376,-0.030448638715163075,0.015311249677989846,False
211107,33,-0.004704660171018353,0.011437895648362107,-0.027314639558366927,0.018520334104549493,False
211110,37,-0.009609035129514358,0.011635708087132822,-0.03267355714721872,0.01303940559551102,False
211120,406,-0.010576831777226904,0.009955976166731386,-0.030470297607081434,0.008990132404073928,False
211125,10,-0.010586404836776716,0.011664546668235172,-0.03404369795792781,0.01175030185990774,False
211130,1811,-0.009092055344319045,0.008463496105198285,-0.0260593672327319,0.007076472915658812,False
211140,30,-0.009027638254628764,0.011347967122087108,-0.03135773972259343,0.013355315294872295,False
211150,76,-0.013196764776320197,0.011170345289523504,-0.03601098590355649,0.00817175480549657,False
211153,20,-0.007929341926854041,0.01123398904251932,-0.030406505762339144,0.014379580068600888,False
211157,6,-0.009787464833748677,0.011461773703603401,-0.033064866393510695,0.013144423285883056,False
211160,51,-0.01480302304372462,0.011557902779600815,-0.03849559320122933,0.00707366789682671,False
211163,8,-0.006804761372213862,0.011477207889345448,-0.028476284294623365,0.016153940219539482,False
211167,7,-0.006957860500346699,0.011146878371302618,-0.02884414707160242,0.015361432880149229,False
211170,22,-0.008614267165011019,0.011111893922841976,-0.030277590812241403,0.01273690996950273,False
211172,11,-0.005290262887820649,0.01144510534401984,-0.02734631894871105,0.017804524425517308,False
211174,18,-0.0062256383822257046,0.011561666323203497,-0.028749642586284756,0.016668553846241066,False
211176,29,-0.013071747656702812,0.01163935536857967,-0.03668580185556769,0.009022487011331116,False
211178,20,-0.012192760526810596,0.011486342532301241,-0.03561445589647293,0.010243418046503689,False
211180,31,-0.01199812797541723,0.011296347383569256,-0.03489282123812408,0.009310902471559546,False
211190,15,-0.011255131284076052,0.01134697121259379,-0.03399339615075359,0.011008307345827816,False
211195,10,-0.00679680388465571,0.011677816458326412,-0.029468112896939434,0.01658931399628766,False
211200,10,-0.007793820428629484,0.011317337783409254,-0.030258047719361237,0.014758976276106874,False
211210,47,-0.012436136317874736,0.011279482992951572,-0.0356445285330788,0.009134532407481086,False
211220,297,-0.019987270799169222,0.010327022434281288,-0.04129239552832108,-0.0006797747686512146,True
211223,36,-0.00488214249935249,0.011321126616789565,-0.026867628563750502,0.018085530954981128,False
211227,12,-0.00736598392820429,0.011540470893842159,-0.030205333102195073,0.01532047322936653,False
211230,56,-0.003908691339089249,0.011057631413608535,-0.02514314488387622,0.01857643032033699,False
211240,65,-0.009965927184327464,0.010858291673519016,-0.031937020913966184,0.011262353273863249,False
211245,31,-0.004844116783141731,0.011222524608323669,-0.0264421820869621,0.017554607239779065,False
211250,98,-0.0043700412251983685,0.010971142714532877,-0.025144716387552828,0.01768718066326483,False
211260,58,-0.006072790091690013,0.011244505332162704,-0.028189039160740732,0.01668577895741731,False
211270,85,-0.006183064161658625,0.010896564594632665,-0.027450995232100855,0.01520775738553089,False
211280,115,-0.010598191908612253,0.010975237060273119,-0.03278046632411998,0.01039773009140876,False
211285,21,-0.005094880015375109,0.011372072923204527,-0.027444242728337644,0.01741186116137029,False
211290,42,-0.007527485442823547,0.011149454008888197,-0.02930168285606451,0.015168670857402953,False
211300,45,-0.006702452407911341,0.011279999397675796,-0.029245443892743184,0.01587724229742451,False
211400,93,-0.009954373438437695,0.010937757445995776,-0.03186084571146239,0.01128634846449602,False
220005,15,-0.009954985285658273,0.011566192518440953,-0.03245197823277846,0.012678989840679132,False
220010,10,-0.007759728656798937,0.011651308523022841,-0.031073077985444956,0.01473774500004552,False
220020,24,-0.009204751104170225,0.0112655158602244,-0.03252045345530015,0.012758599594630415,False
220025,9,-0.007527778829742788,0.0112406120334651,-0.02980857819342149,0.014769223948552264,False
220027,5,-0.007922623432768639,0.011796920984752069,-0.03216833869870591,0.015220718613895593,False
220030,9,-0.006167476281460709,0.011564198765162003,-0.028893640717404377,0.016848787561001836,False
220040,74,-0.006715172694164231,0.011126641141265773,-0.028427398753382054,0.015943321503946315,False
220045,8,-0.008958258160796314,0.01157686524988725,-0.03217002080075068,0.014098962822584861,False
220050,36,-0.006457058101157619,0.011438377597272972,-0.029011977311494387,0.016111281838393075,False
220060,14,-0.008111389948024305,0.011515703563314628,-0.030872491214740422,0.01470548423579661,False
220070,23,-0.00930361197490172,0.011415136375872397,-0.03274343767510758,0.013495846089985214,False
220080,4,-0.0073717069211321614,0.01158166262387586,-0.02997075648999337,0.015825992160260295,False
220090,4,-0.006636907193266101,0.011332878401239695,-0.02918661546729315,0.015975019859085324,False
220095,4,-0.008159924746461506,0.011568270871523696,-0.030926824182553294,0.014979544081816721,False
220100,8,-0.007482552251379317,0.01116455370224703,-0.029689054557535087,0.01480144100648624,False
220105,18,-0.010088283071486149,0.011627337766152844,-0.033448760499028944,0.012676113014778941,False
220110,15,-0.008705758612745935,0.011298958274878538,-0.03176535730112835,0.013563484142876425,False
220115,30,-0.01168121509569274,0.011514307155781878,-0.034872925311331716,0.010449120143587044,False
220117,7,-0.006665693727051392,0.011481594148143504,-0.02909651871257212,0.01652115956016929,False
220120,76,-0.010896483225027223,0.011076303616624704,-0.03345040497362123,0.01068582952368091,False
220130,3,-0.008092533043072728,0.011689202524060572,-0.03140540576478076,0.015223730757403955,False
220140,6,-0.00829487950834613,0.011552859936347495,-0.03127443334268861,0.01425221438446949,False
220150,42,-0.006813671375545499,0.011169209516814271,-0.029640063960137783,0.015021590952348039,False
220155,15,-0.012011196561321415,0.011693254090434764,-0.03572942384197889,0.010592719877960108,False
220157,7,-0.0077659062946928824,0.011933932149317227,-0.03131601145822868,0.015267648234046258,False
220160,12,-0.007640950929165963,0.011431185325857454,-0.03055890326702328,0.014666589747538556,False
220170,11,-0.010927177916236278,0.011311030996474679,-0.03374522249307616,0.01033030214603779,False
220173,21,-0.005535818529058128,0.0114283975827248,-0.02781115420873498,0.017517585055327318,False
220177,13,-0.0076759680651255595,0.011126407401282108,-0.029228535621765795,0.014585854407340958,False
220180,8,-0.00972202355316519,0.011415330288775154,-0.032965117352771314,0.013481490460154323,False
220190,51,-0.008401392242549956,0.011087279067846584,-0.030065521439569573,0.0135306991597343,False
220191,9,-0.0077149894431733845,0.011673369269496536,-0.030859868317184555,0.015242662416759024,False
220192,3,-0.0065814377230289265,0.011494804716439683,-0.029255293885332094,0.017027572553946362,False
220194,9,-0.00892332699833597,0.011541479444748051,-0.03215741039604674,0.013737333670079708,False
220196,6,-0.006967169373866573,0.011513096810664526,-0.029870952059263815,0.01620451243939801,False
220198,1,-0.008361777393218717,0.011448771725025822,-0.03139811526034913,0.014014193292541652,False
220200,13,-0.008165732943425513,0.011316660533215927,-0.029913150448383646,0.014183795983022886,False
220202,7,-0.006785601664277598,0.01114792849072596,-0.028871720818884693,0.01530478334979172,False
220205,9,-0.006893889037437658,0.011169247928014122,-0.028371325232961025,0.015535714632206689,False
220207,4,-0.0075215525407971,0.011343606095839918,-0.02991249413646393,0.014786289199473966,False
220208,8,-0.0077950779699864844,0.011452288859749606,-0.030372741222128453,0.014447231131907847,False
220209,10,-0.009569675182451819,0.011616071196801598,-0.033100714858490435,0.013256585691396741,False
220210,8,-0.0067786608293846345,0.011381005511158136,-0.029193229972107205,0.01563966896131336,False
220211,10,-0.007456591529992919,0.011367061456541384,-0.02987451253534637,0.015234265570612046,False
220213,8,-0.008192853462348083,0.011648316009584957,-0.03122621875988624,0.014701210867885036,False
220217,14,-0.010984983731396057,0.011710683652625807,-0.034935274527386366,0.012133951131935522,False
220220,57,-0.009009443750472282,0.011148500627675818,-0.03094237089060748,0.012678242888066241,False
220225,5,-0.009382792587589237,0.011301783334491484,-0.032356782312059656,0.012220701244851882,False
220230,26,-0.0084265532099043,0.010970744351779195,-0.03057509389081516,0.013528457912957878,False
220240,9,-0.008642553067756617,0.011258391623537945,-0.03103072011958221,0.013668859005254443,False
220245,11,-0.008502586655590744,0.011248275049891883,-0.03071274135464381,0.013477040466193009,False
220250,21,-0.006792806631147099,0.011300995048138402,-0.029272129803862356,0.016017029999045695,False
220253,5,-0.0076979943205925765,0.011149048824562583,-0.029794564412251617,0.014715844700403654,False
220255,13,-0.009699790305084959,0.011594479839129377,-0.0330209354372695,0.01308940171864614,False
220260,29,-0.005060836872380114,0.011680513882846825,-0.028314955797887516,0.01841715827801427,False
220265,12,-0.008093115882798959,0.011458715715610456,-0.030478490044975017,0.015234026142499604,False
220270,48,-0.006393288973582162,0.010830642218944836,-0.027076703864503216,0.015506020876120324,False
220271,1,-0.007274526052724182,0.011111084401876418,-0.02935978073272748,0.014488591610838599,False
220272,10,-0.006020017184801476,0.011649317484524939,-0.028681379095521004,0.017459138059293416,False
220273,8,-0.006276057723076575,0.011407080559874721,-0.028776456488900013,0.01648145554332702,False
220275,10,-0.010092053696007134,0.011592151558868852,-0.03343979493434223,0.01247092966800562,False
220277,10,-0.008435943048890972,0.011275837082152391,-0.03158591310662548,0.014049396898040785,False
220280,5,-0.00876755223678136,0.011246438267541362,-0.03066326148774764,0.013340046748903236,False
220285,4,-0.007686308862271104,0.011482853948792147,-0.030400564087160506,0.015596177324711786,False
220290,63,-0.01047585744244134,0.011241350592262112,-0.03344715518061806,0.011120085651499748,False
220300,14,-0.0095720484209864,0.011482141681711903,-0.032806755349681235,0.012740039445320938,False
220310,14,-0.009938780745510785,0.01112893941058118,-0.03175813620123993,0.011930093392729704,False
220320,24,-0.0070289960483502344,0.011334563715637498,-0.0297295195390425,0.015313326167710693,False
220323,8,-0.008258826907063335,0.011268658421643672,-0.03087547829008344,0.014065196246356097,False
220325,11,-0.009482826013023577,0.011434564223818257,-0.03211185366023188,0.013021854735301302,False
220327,10,-0.005893739681961781,0.011091137838711207,-0.02718387247477225,0.01656799465735359,False
220330,24,-0.007766411321340858,0.011466713032040637,-0.0301402846345837,0.014569044045280357,False
220335,10,-0.007497557426157966,0.011106323833575096,-0.029428354829448236,0.014400441494627433,False
220340,15,-0.006505071351670896,0.011617662222297898,-0.029512174721679517,0.01687632669067017,False
220342,6,-0.008671852779421337,0.011559192091690974,-0.03195980263793886,0.014521916339290024,False
220345,12,-0.009344717376232712,0.011096706281990543,-0.03150882629127946,0.012673428670419888,False
220350,19,-0.007099368766039415,0.011159781372785532,-0.029163678774020096,0.0151149658406353,False
220360,4,-0.007365363373538761,0.01127237071165965,-0.030256031550030288,0.014955602181046882,False
220370,75,-0.008147311474738853,0.010614691778674716,-0.029306472272390107,0.013058377419811095,False
220375,11,-0.008405026573031804,0.011365103065677899,-0.03126260127654312,0.01378765945410783,False
220380,9,-0.006892154977171483,0.011055217004347235,-0.028213802782883823,0.015847437894495643,False
220385,2,-0.008977467528146828,0.011597274545066533,-0.03181424406054572,0.014133272829829598,False
220390,107,-0.015615106502970544,0.01138838226736655,-0.038744232549434376,0.005446023454733737,False
220400,3,-0.007801824003229316,0.011633578046768461,-0.030414949799066653,0.015347655900316158,False
220410,6,-0.007899644822628431,0.011444946229147998,-0.030263195474077905,0.014888112667201775,False
220415,4,-0.008392548339624656,0.011790902738324064,-0.03126277012951522,0.015088122611448979,False
220420,14,-0.006189410808485117,0.011317531585526548,-0.028113623623455517,0.016410155798150673,False
220430,20,-0.009539551390787857,0.011554807998653101,-0.03263062647304247,0.012697596783383192,False
220435,6,-0.007777564700896004,0.011441969248534491,-0.030550366431016947,0.014866625992036173,False
220440,24,-0.009243279203367823,0.011186686454873317,-0.031504315893007256,0.01290001189568554,False
220450,17,-0.006034608847526549,0.011280215545401363,-0.028072763317818043,0.016508250889108785,False
220455,9,-0.008364118637821643,0.011606510227675507,-0.03074690561402572,0.014286492049897348,False
220460,4,-0.005739662288970953,0.011544439338457694,-0.02799448194119519,0.017331337950034102,False
220465,11,-0.00746776944951582,0.011692051311135078,-0.0311441108276747,0.015304637751646831,False
220470,17,-0.007421107833768441,0.011497285039425572,-0.029633427287437102,0.016135927166586614,False
220480,23,-0.007425578215318541,0.01159949229982472,-0.030816302772368277,0.015069794466754334,False
220490,15,-0.00895634479883628,0.011129282224628303,-0.030743697032014086,0.012468098720127132,False
220500,14,-0.008299857743469963,0.011725892353253694,-0.03142741369465028,0.014943420070990513,False
220510,14,-0.006468676047711796,0.011351220475393702,-0.028606750869871238,0.016346617060755575,False
220515,5,-0.009597249383872465,0.011394960900613524,-0.03271622056163095,0.012999718951579333,False
220520,30,-0.0038891608472364954,0.011574111782003446,-0.02689549813164945,0.019623984318057754,False
220525,7,-0.007414587437993128,0.011665755083105004,-0.030374274994120928,0.015509832997225045,False
220527,4,-0.008462143532079722,0.011669201123313062,-0.03140355422335892,0.015280255926726776,False
220530,7,-0.00721183705077044,0.011637367363179666,-0.030442061388855208,0.015148727413010436,False
220535,2,-0.007744845210941273,0.011269319193611184,-0.030204924073828226,0.014426960431058724,False
220540,14,-0.008663276773290802,0.011292908215646472,-0.030665445889576287,0.014102346844856629,False
220545,10,-0.00660237001536025,0.011536584517464296,-0.029261406134652578,0.016329239961721368,False
220550,75,-0.009354529290656709,0.011401738296315276,-0.032432852532103824,0.01397354813061296,False
220551,5,-0.007195027031356466,0.011466121404440399,-0.030053537749189268,0.01610508918393557,False
220552,15,-0.008128442394568043,0.011177389737065653,-0.030207356329205667,0.014304633105860278,False
220553,8,-0.007270570134454013,0.0116378839298224,-0.030581431232612265,0.01566512638714986,False
220554,5,-0.009797015995693797,0.011463419325781436,-0.03279384926311228,0.012644445857885761,False
220555,16,-0.007620616219968587,0.011492833260942978,-0.030134747686131023,0.015087009542834899,False
220556,8,-0.009108646296227629,0.011442855756431747,-0.0323154561546052,0.013538322251110844,False
220557,2,-0.007953723131955746,0.011570449674708579,-0.03145384749547415,0.01507893896256679,False
220558,7,-0.009515520799341155,0.011374793452702842,-0.03265124408407457,0.012287773719455547,False
220559,6,-0.0068534448343620345,0.01137848433316746,-0.029193196182572885,0.015526344178901256,False
220560,11,-0.008268317989391183,0.011416908845652917,-0.0314514591741453,0.01378113501822146,False
220570,55,-0.005908580020957152,0.011227790596503091,-0.027390834489193286,0.016545896271162278,False
220580,43,-0.006426250809099769,0.01116057505706901,-0.02822538422742869,0.01623241465749877,False
220585,15,-0.011323797805845115,0.011300886371907452,-0.033875042114044435,0.010435161533436408,False
220590,8,-0.008709820715590014,0.011549876131370398,-0.03246072444251306,0.013986298212360483,False
220595,19,-0.009026235060780931,0.011375155616450226,-0.0320376773305937,0.013401989379099139,False
220600,9,-0.006903650171626324,0.011517896602215838,-0.029738847653125556,0.01577888862539796,False
220605,7,-0.009710254308917872,0.011754450709086067,-0.03380884143723985,0.013091877201309452,False
220610,14,-0.006654227566024096,0.011314098925021016,-0.028906184736509296,0.015789831088200146,False
220620,54,-0.01397138567422839,0.01160850625407563,-0.03803885705029462,0.007743079358609884,False
220630,2,-0.008396843060236537,0.011258472677650537,-0.030651818500876567,0.013991162254188061,False
220635,13,-0.006550977999388427,0.011723173652299418,-0.02919904250375584,0.0167636408420053,False
220640,10,-0.008013872333922086,0.011282407983116324,-0.030278929567947588,0.014327607641054143,False
220650,13,-0.006232052454268761,0.01154170093141948,-0.029173458069703208,0.016789192173996145,False
220660,15,-0.008954376296397407,0.011178743875451433,-0.031218033287743446,0.01308584810547079,False
220665,5,-0.007956269051883489,0.011397554351782491,-0.030626143146860726,0.014875884792380344,False
220667,8,-0.008893736259245132,0.011234946405058671,-0.031746174302735825,0.013263969172871152,False
220669,8,-0.009521940681165209,0.011420227920726942,-0.03299716061580403,0.013188524939460149,False
220670,9,-0.007773605097355442,0.011716404119867354,-0.03095378063389122,0.015931414352441896,False
220672,10,-0.007988625788895809,0.011324951014525983,-0.030492523081671295,0.01500206895761105,False
220675,6,-0.00899042822438234,0.01132880214913133,-0.03163690775178585,0.013211104019699363,False
220680,21,-0.008969188245198554,0.011596201193103743,-0.03218859226481806,0.013858029956912054,False
220690,6,-0.008298837975528791,0.011703235760583635,-0.032298229711961585,0.01426125799653531,False
220695,6,-0.008238768190763765,0.011173222601907725,-0.030509813798894198,0.013855064978670355,False
220700,44,-0.011425126467246362,0.011489446777717708,-0.034705058590778444,0.010726928662110136,False
220710,3,-0.008915537911380556,0.011147507199358737,-0.03150673085979095,0.012773393166884119,False
220720,11,-0.0057751131365314755,0.01120623059667169,-0.02767746655687881,0.016404272139948772,False
220730,5,-0.007735890763505948,0.011440486606072185,-0.030910499823616776,0.015197407933455299,False
220735,6,-0.009577636582891748,0.011516942279840563,-0.0328076880378477,0.013119886127558204,False
220740,10,-0.008737883202945669,0.011452656632602943,-0.03167328141319624,0.013808964788340854,False
220750,23,-0.00799502197508252,0.011957702748158478,-0.031785730015490725,0.015769386220984408,False
220755,7,-0.00829058149705992,0.011214631565540796,-0.03137420260187463,0.013611652813556587,False
220760,16,-0.0072141855774330126,0.011489665671440986,-0.03004667578433273,0.016029122359686662,False
220770,264,-0.01624614620968137,0.01035890397966358,-0.03738704653894143,0.003501259146313578,False
220775,7,-0.009009289134661062,0.011135717490626926,-0.031688857785513544,0.01261843684480487,False
220777,11,-0.007033319850282785,0.011315607712257179,-0.029307128016239515,0.015625897821438132,False
220779,5,-0.009011182554221323,0.011408639334352138,-0.03220865036204763,0.01381184692000318,False
220780,53,-0.012765142568789379,0.011372724256631292,-0.03589758081153704,0.009238906156709017,False
220785,3,-0.009135694959369766,0.01152486011218163,-0.03193655787603791,0.013614561579702525,False
220790,59,-0.008705136067208368,0.011069563203478702,-0.030589478390811813,0.013046799504335798,False
220793,3,-0.007969096532969145,0.01188776444111162,-0.0316268325886037,0.015822105547726156,False
220795,7,-0.007744963776619076,0.011537943099570533,-0.03073513502579014,0.015096605214451895,False
220800,121,-0.011131254787088781,0.010905103178588603,-0.03284539991231693,0.009989310655540462,False
220810,15,-0.007960356337294085,0.011481791501394842,-0.030939764206975424,0.014667558967905489,False
220820,28,-0.00795839611734451,0.011338615608711187,-0.030748913302585508,0.014335340715947352,False
220830,50,-0.012264926428316232,0.011317490946127929,-0.034865209226014875,0.0092217875915011,False
220840,96,-0.008613685205615175,0.010979029133986904,-0.030305638332692585,0.012635798874678018,False
220850,26,-0.013240809283837578,0.011372866077343502,-0.036477596735723934,0.008650284815642355,False
220855,5,-0.0066142342717145485,0.011630448674605382,-0.02983302943002288,0.017043964439433155,False
220860,3,-0.008071906257114236,0.01150722193678803,-0.030839340820712765,0.015215902463900604,False
220865,17,-0.009058074729395753,0.011436861046215913,-0.031248168012419662,0.01298427040328513,False
220870,14,-0.00731302691246219,0.01122928295950266,-0.02965842180470183,0.015221144737003279,False
220880,19,-0.005908326560409062,0.011507615209135248,-0.028294300972568947,0.017285277364476444,False
220885,7,-0.008505129640803051,0.011261478965509974,-0.030501488566199973,0.013547199287105764,False
220887,10,-0.006939717459221765,0.011599521273446753,-0.029491391945770253,0.016051951239906808,False
220890,9,-0.00760376859170168,0.011158381284939622,-0.029068526548263682,0.014199704576466151,False
220900,6,-0.006398597310337711,0.011609006085979662,-0.028712916764450223,0.016567550751879795,False
220910,5,-0.008633812518593444,0.011406790662762756,-0.031637841495062526,0.014268704226760437,False
220915,6,-0.010059683480009487,0.011106555031805767,-0.03201520042244843,0.011701490476322775,False
220920,13,-0.008940715754913012,0.011343391255439454,-0.03188296609635612,0.013448387917002902,False
220930,7,-0.006597613666610246,0.011339628623846585,-0.029717959559142564,0.015779476623105953,False
220935,3,-0.008887047693348915,0.011599728379335459,-0.032192858983808394,0.01411551034880735,False
220937,11,-0.007129112143561018,0.011383557536706836,-0.029234610087405823,0.015573409081602608,False
220940,9,-0.006574685167274695,0.011350753725204029,-0.028971147231732858,0.01538118950752959,False
220945,2,-0.006768171474012622,0.011442299582063338,-0.029791503809082038,0.016225948649583197,False
220950,2,-0.007342259860587821,0.011389957265414804,-0.029435186418948604,0.015424837253170207,False
220955,3,-0.007333149911792484,0.011243328935278211,-0.03005725184018927,0.015111636825148298,False
220960,2,-0.009019307174802017,0.011085784070322369,-0.031179971954514347,0.012624167611428604,False
220965,9,-0.0073482030687974315,0.011621536537784319,-0.030451606363789255,0.01594765378961669,False
220970,6,-0.008296089550684612,0.0113164417130231,-0.03130689071169836,0.014209647306884161,False
220975,4,-0.008744551768062688,0.011603865192050164,-0.032240917798893355,0.014280243802089034,False
220980,7,-0.007910853812552627,0.011704924314950045,-0.030787232809169524,0.015287738733210092,False
220985,3,-0.007805693689995027,0.011527242901986014,-0.03029837676020963,0.014887321676380393,False
220987,5,-0.008667393854542649,0.011570957056499987,-0.032370119855769826,0.014243921497536777,False
220990,5,-0.009436117147610407,0.011232529752145403,-0.03173930263591193,0.012704721590612714,False
220995,6,-0.007579707282597386,0.01153651603830687,-0.03001382488769753,0.015238141427813084,False
220997,17,-0.006306976522156114,0.011960844762295171,-0.029451792871790443,0.01800794654509673,False
221000,36,-0.0004942398528959725,0.011244294868259999,-0.021363381789709878,0.023056396937759065,False
221005,8,-0.007891359563144065,0.011637559623283932,-0.0305132232165538,0.015190792889586975,False
221010,2,-0.0067627599447111905,0.01146511619525439,-0.029768934109086688,0.01617930625301257,False
221020,9,-0.01038078417027822,0.01148819772261887,-0.03331838024443369,0.011950734425006595,False
221030,6,-0.008168985269771145,0.01132561938650413,-0.03042986214888521,0.014547081964427219,False
221035,5,-0.007109487570103598,0.011649699803563552,-0.029850782350786555,0.015547672526495778,False
221037,6,-0.006524713813591717,0.0115364370105959,-0.029389618993058517,0.016103158034820274,False
221038,0,-0.0077399922200388155,0.011389190124423014,-0.029978284666382467,0.014754247883596874,False
221039,3,-0.008916518085002328,0.0116482167296478,-0.03237094234519561,0.01401966377231056,False
221040,24,-0.008633960086929144,0.011121164665193977,-0.030855137243270405,0.013565315034620171,False
221050,22,-0.007689668476938493,0.011346814123445237,-0.030214588910583304,0.014805596630019964,False
221060,64,-0.010762263753724136,0.011027738026692204,-0.033301947838114014,0.010442710298145672,False
221062,6,-0.010095774289995066,0.011692897835229065,-0.03442037435209228,0.013173022455507671,False
221063,1,-0.007299475381549607,0.011275183186276055,-0.029309912498965803,0.015152764221092165,False
221065,7,-0.007631706357442043,0.011599095917829346,-0.03076290006948939,0.016031303645293312,False
221070,28,-0.008200043438957194,0.011014210146741884,-0.030319720937034014,0.013333872489401401,False
221080,16,-0.008176989772227996,0.0114789803833852,-0.03070576849178916,0.01443994304836106,False
221090,1,-0.007397539530071173,0.011385474825741749,-0.03039951318501693,0.01522490277232184,False
221093,12,-0.006610465666627068,0.01133978591623486,-0.028845995539564337,0.0159170657778349,False
221095,3,-0.007857151842432573,0.011629417539067318,-0.030838630316810445,0.015715134427504503,False
221097,3,-0.007807126476433274,0.01133415805200512,-0.029991926053438145,0.014340965591920055,False
221100,1337,-0.016897796462226795,0.008985095785175524,-0.03542105334444828,0.0003232828094881394,False
221110,62,-0.01097497812632935,0.011089881334936188,-0.033736594487270045,0.010501941856750326,False
221120,57,-0.006821359652872364,0.011197151686972766,-0.029281551606682495,0.015211450763670614,False
221130,22,-0.004298233748714624,0.011289868919612568,-0.026478163791094918,0.01852853579492104,False
221135,8,-0.007742560755521935,0.01155972015900246,-0.030543904736616646,0.01481988457202951,False
221140,6,-0.00781463003783029,0.011229101328765678,-0.030114132945140596,0.01473598407263651,False
221150,7,-0.008260982196899002,0.011449474555587804,-0.03092282094768096,0.014799607896173619,False
221160,3,-0.008881281904526788,0.011503996563984218,-0.031708751153163205,0.01379663411683368,False
221170,5,-0.00930950906025372,0.011256839029024693,-0.03153881036869689,0.013084311168174018,False
230010,12,-0.009776121441547023,0.01150552614747456,-0.0330659843908982,0.01257411131265065,False
230015,23,-0.009848006573741082,0.011589093509925125,-0.03283294359597449,0.0128299013327143,False
230020,80,-0.012663143679881644,0.011101623349409897,-0.03532255792176133,0.008680447468815564,False
230030,54,-0.005748384254675033,0.01135991900846608,-0.027559509571097228,0.01630201922603197,False
230040,18,-0.005899803697963479,0.011615602763217507,-0.028668478278567174,0.016825386164448557,False
230050,13,-0.005860957346065107,0.011191208405417019,-0.02763794371508738,0.016391609852717006,False
230060,9,-0.008979941569722514,0.011149824223496134,-0.0313420229359479,0.012677825130031349,False
230070,26,-0.007134126963518989,0.011241486566343188,-0.02940796913445643,0.01569322515014357,False
230075,65,-0.009072888504920554,0.010837311775614889,-0.03056969569289546,0.0121599220990257,False
230080,7,-0.008717202562761846,0.01148115356930019,-0.03135276466279966,0.013941488644854503,False
230090,15,-0.008323339938411481,0.011599545450967384,-0.03097620282424648,0.014612603450247966,False
230100,107,-0.006942992838200451,0.010942310179301251,-0.028492165368009532,0.01511006906662792,False
230110,73,-0.009199391848326905,0.010823059044755137,-0.030595799713356964,0.012479473099824012,False
230120,28,-0.009095892820818657,0.011474904659369348,-0.032229331292524456,0.01360273181401432,False
230125,23,-0.010229799854409792,0.011389444944705415,-0.032927621304274374,0.011843220316986829,False
230130,32,-0.006058602521040636,0.011197857658526905,-0.02742836441137328,0.016048534531447892,False
230140,13,-0.008294106673475174,0.01178977717063377,-0.03161824132946375,0.01549645126131332,False
230150,9,-0.006982330496779692,0.011561035385432086,-0.030129728629511687,0.01639941542491949,False
230160,21,-0.00997624032504939,0.011496517710798421,-0.03245335841423214,0.01287650521057078,False
230170,25,-0.007028781951636646,0.011159465095833584,-0.02927458771675602,0.01509226423534022,False
230180,6,-0.010243297344377483,0.011389387963609741,-0.03327226158573517,0.01173957720052383,False
230185,29,-0.008155839635806265,0.011087102340179128,-0.029824592484091337,0.01376371318419126,False
230190,97,-0.016070417972699817,0.011256876157786096,-0.0393273367603858,0.005230703489258736,False
230195,21,-0.007464845338272723,0.011318381687294609,-0.030078492777168613,0.014839945981843258,False
230200,29,-0.007935201302731048,0.011485970482189498,-0.03125893644204049,0.014506224424990893,False
230205,16,-0.007570821187820903,0.011255524818370801,-0.030076665921866773,0.014843525044562994,False
230210,38,-0.005738684897625881,0.011284158567098312,-0.02841116090874571,0.01680171293836745,False
230220,52,-0.007841433066097702,0.010987754554717634,-0.02963843767260954,0.014023571407603653,False
230230,42,-0.005637650044522889,0.011228408968669806,-0.02713737398221633,0.017199483664959728,False
230240,59,-0.009907584230896471,0.011106848008151317,-0.03176847706095544,0.011973139697961523,False
230250,70,-0.01488249940929139,0.011378181204368808,-0.038165567315790246,0.006669411704534223,False
230260,85,-0.011848403134833815,0.011018312889484166,-0.03387766864640367,0.009185408166305038,False
230270,36,-0.009666297357035817,0.011262147325324441,-0.032034850678354675,0.012135867731150078,False
230280,84,-0.008883163297415505,0.010976971077898351,-0.03095009349718506,0.012712581047016504,False
230290,28,-0.006528072697642618,0.011520355530283837,-0.02919570942661863,0.016707937109910132,False
230300,24,-0.005374209949376958,0.011443868087034386,-0.027212676080895035,0.017455861273201236,False
230310,19,-0.008933387229566834,0.011458742140037469,-0.032003095318970214,0.013511371856907607,False
230320,36,-0.009591070230441262,0.011221936385100587,-0.03132222389451367,0.0126141652238912,False
230330,15,-0.008244058287062428,0.01141349541119986,-0.030690775995195003,0.01361946621779591,False
230340,17,-0.008837706159722904,0.01152012236020002,-0.031911033774821164,0.014054537046633196,False
230350,77,-0.007599656281897189,0.011063322644987397,-0.029890866762245404,0.013885944454601595,False
230360,14,-0.008433459796618194,0.01170476819886794,-0.03209702530672533,0.014408724893763205,False
230365,12,-0.007755329511446497,0.011555050585641389,-0.03056750179354065,0.015447963483256569,False
230370,459,0.00020390245087034754,0.009754975269391617,-0.018426253676950777,0.019972238504233113,False
230380,27,-0.00812749968269318,0.011061600100478276,-0.030214092657221216,0.013516375842689015,False
230390,18,-0.007108472669217306,0.011653216980475544,-0.030546832519152623,0.01579291644122964,False
230393,18,-0.010165111857702094,0.011621664753708133,-0.03310660087220123,0.012742638465932125,False
230395,20,-0.0049236041614595764,0.01142113765117333,-0.02693719698742189,0.017844894576855428,False
230400,24,-0.012164468624956877,0.011374263186955802,-0.03502203290330944,0.00972108103276258,False
230410,125,-0.011859929249114672,0.010882868507733807,-0.034512072445449016,0.008775596353197985,False
230420,203,-0.013480588659070331,0.010393979435589982,-0.03457521295045609,0.006418580773234181,False
230423,26,-0.009132375727787443,0.010973482151057258,-0.03123310531382633,0.012100485567517938,False
230425,32,-0.007186874680621411,0.011583142146545097,-0.0299573647730813,0.015543568571644554,False
230426,7,-0.006869283894005624,0.011463899609747887,-0.02952581412592476,0.016057809005579654,False
230427,7,-0.008935635408971784,0.011193447481744554,-0.0312545845898848,0.012622825672923652,False
230428,70,-0.002597777101921936,0.011159806100149756,-0.0240187042606008,0.020145908761092835,False
230430,32,-0.00516283023709944,0.01144629427084333,-0.02735164969985962,0.017594402974439687,False
230435,27,-0.011355422063314274,0.01132186972816069,-0.03402394937521963,0.010178178198566265,False
230440,3038,-0.005297808476198878,0.008393228785688637,-0.021561336329506648,0.011285066344169195,False
230445,29,-0.004485051307380098,0.01138616291679083,-0.026361777015454047,0.01857163392700986,False
230450,21,-0.0068737289704161025,0.011287837418831685,-0.028863810745373086,0.015589001565431939,False
230460,14,-0.008756845106979256,0.011309284790403301,-0.03160884585892883,0.013320628683352148,False
230465,8,-0.006580891591404276,0.011346628737898925,-0.028728876320403687,0.016163244140660074,False
230470,81,-0.015016697933462575,0.01115387072559627,-0.03842945829180532,0.0059838754256669605,False
230480,5,-0.008865455809239874,0.011527541832181853,-0.03207811562882982,0.01373990736197931,False
230490,9,-0.009235142641590909,0.0111085660820015,-0.03158623565171653,0.012021864411691544,False
230495,18,-0.006001709812206803,0.011461121898154687,-0.02923527247290626,0.017140417885236525,False
230500,62,-0.00773675307434641,0.011048171832999101,-0.029330333463121173,0.01451879128613719,False
230510,2,-0.007848242209691976,0.011661291522402296,-0.03095073067499105,0.015401945056935205,False
230520,23,-0.0058794762242348675,0.011484957755071702,-0.028716719822356646,0.01716935572088766,False
230523,81,-0.002709262921677043,0.011034192665609824,-0.024198713903067225,0.019071424535721786,False
230526,39,-0.009336483159382153,0.011280970756465633,-0.03133899508038469,0.0127596625001575,False
230530,32,-0.01257969438343311,0.011397538246752317,-0.03596995393129399,0.009696486893193152,False
230533,10,-0.007342211429596272,0.011236927041493707,-0.02983183225791115,0.014623379567192916,False
230535,17,-0.006239237311944139,0.01120087540349469,-0.027804534077767378,0.01640711743503627,False
230540,64,-0.011630538213402332,0.011425136048614639,-0.03456005990080747,0.010219063180532917,False
230550,120,-0.005975714826019111,0.010853012669117014,-0.027263622325365677,0.016022796943265222,False
230560,47,-0.007948391437529082,0.011566212797587967,-0.03116092819264093,0.014559628184129965,False
230565,19,-0.008085698247297214,0.011257957520482979,-0.02993473485359332,0.014650858365276836,False
230570,12,-0.007407857349324584,0.011176908630187877,-0.030189617244637354,0.014329154712981483,False
230580,41,-0.00996649912953832,0.011324393425028372,-0.032238786434269945,0.01198081421484681,False
230590,47,-0.012496121361875005,0.011264202800866456,-0.03531727103292016,0.009378392682768502,False
230600,12,-0.007920198351253927,0.011459560359793945,-0.030844197635674375,0.014711577713003658,False
230610,27,-0.010656258374444777,0.011300116348399069,-0.033645911314475016,0.011330904524193696,False
230620,9,-0.00757885176793071,0.01111194809128884,-0.029089362973692513,0.014140604734266517,False
230625,45,-0.010298934296907602,0.010896744812582687,-0.03198709838952387,0.010709908989492933,False
230630,57,-0.006211822921225375,0.011190374112642938,-0.02839110082729615,0.016096481435644537,False
230640,177,-0.00808464234013511,0.010499115619543439,-0.02927663085890838,0.012262067708341944,False
230650,29,-0.01030599464343394,0.011569845744248693,-0.03426546489995334,0.012756121681704221,False
230655,61,-0.007454677060560166,0.01101356391685455,-0.02896767497336729,0.01460651107855009,False
230660,26,-0.010637827770321984,0.01120191564607209,-0.03299583157516167,0.011546226348126404,False
230670,17,-0.00925445569350202,0.011332644272210804,-0.031876620736688704,0.01279470756766622,False
230680,16,-0.007646228033727181,0.01157545081573656,-0.030572042261491874,0.01532403973093887,False
230690,31,-0.007430373835010024,0.011430633667598517,-0.030431799940153187,0.015479157038781586,False
230700,24,-0.005894968175249415,0.011081614243957845,-0.02740249049502775,0.01629421206949961,False
230710,42,-0.009987883174370531,0.011263725895797924,-0.0327680969871851,0.01247396964209977,False
230720,13,-0.009806852933861965,0.011492479430230951,-0.0334516031074438,0.012691474972912243,False
230725,41,-0.007114356973101402,0.011189813001303098,-0.029347036399103618,0.015257767812014595,False
230730,405,-0.010529097264649482,0.009588407449658632,-0.02979136657172138,0.008435145535653808,False
230740,38,-0.007909255868173731,0.011265710242212755,-0.03021553428371529,0.014606972306238145,False
230750,28,-0.009524449636317977,0.011026321470302426,-0.03147523495286144,0.011605713901461565,False
230760,75,-0.004499999634396647,0.011125077173737162,-0.025953517966724054,0.01788824173789143,False
230763,18,-0.009039795139267396,0.011477393376406513,-0.03213025414414165,0.013819377800430842,False
230765,328,-0.0037872662341478834,0.010229260596039947,-0.02360136820421733,0.016646690795581384,False
230770,126,-0.01021700680399956,0.010936952075370019,-0.032164938095109515,0.011222698387441667,False
230780,46,-0.011933989394195307,0.011434896099100911,-0.03476877493058035,0.010346871698724508,False
230790,11,-0.009750014044536702,0.011399595048586618,-0.03246398001310569,0.012408739953119554,False
230800,48,-0.006896757724595911,0.010793818379155341,-0.02790645194615324,0.014180753974430325,False
230810,77,-0.009145321823070438,0.010649543677577126,-0.03043987627831373,0.012020442281765633,False
230820,17,-0.009317301746905678,0.011521118506286518,-0.03203658223686998,0.01344580766256512,False
230830,27,-0.012409892051582631,0.011521278837912093,-0.035606714278448505,0.009755188032646958,False
230835,23,-0.008903585551234695,0.011179022478971384,-0.031016058334404562,0.012989829726805612,False
230837,15,-0.009669280335748149,0.011404348626571574,-0.03220511361117016,0.013066238261479322,False
230840,50,-0.010872898286948611,0.011122781768223764,-0.03336971644609377,0.011293251120538845,False
230850,52,-0.00768693390438804,0.011435027897949,-0.030818669804801344,0.015195517591448236,False
230860,32,-0.008454225907913311,0.011291286235747995,-0.030748672896181578,0.013999159558894195,False
230870,43,-0.004676043128178807,0.011041440616587716,-0.02632026136930348,0.017526556623218614,False
230880,7,-0.007003625985547066,0.011362097481529117,-0.02939667886024152,0.015957157159860413,False
230890,31,-0.009336056540506862,0.011037393606398924,-0.03142086217349621,0.012452478531241942,False
230900,15,-0.009352995050055301,0.011219436868188305,-0.03206957456949979,0.012360202518494864,False
230910,12,-0.010084767869868085,0.011255446789153698,-0.03245901669311058,0.012263983582462777,False
230920,35,-0.012524848025966652,0.011384698303790687,-0.035343311209276335,0.010000219755376901,False
230930,35,-0.012796440806322962,0.011252775343891852,-0.03552130644038974,0.008886809391173534,False
230940,35,-0.01332125344496728,0.011575099303970441,-0.03679386472750184,0.008570790290443246,False
230945,27,-0.008183354810033992,0.011070699897319519,-0.030015768226621452,0.013296963065970805,False
230950,24,-0.0057673698202299,0.011370549561499618,-0.028012135482367022,0.017455662333319005,False
230960,89,-0.012833589841537209,0.011164852829628721,-0.03565310699160755,0.008704239865928214,False
230970,85,-0.005625665023913666,0.011024771064919642,-0.027047746383061184,0.016977421551371767,False
230980,17,-0.00395292458006348,0.011765911641448764,-0.02639598589949072,0.01971549494928122,False
230990,2,-0.008153149178073088,0.011419880414628525,-0.03058193706602358,0.014600839362664058,False
231000,11,-0.007748286777810497,0.01135618400757194,-0.030697986474265585,0.014690460110957277,False
231010,7,-0.007327561224368657,0.011277350958573363,-0.030048712918037148,0.015112588154017,False
231020,50,-0.008502823503038421,0.011345638983796853,-0.03089932993041167,0.013843181210736986,False
231025,38,-0.009131835978233763,0.011252817804985195,-0.03233252963462193,0.013255886596217663,False
231030,33,-0.00918336049585677,0.011150006518096004,-0.03221550418062418,0.013150300167754389,False
231040,12,-0.010569303279096125,0.011590147424797543,-0.03372615464098421,0.011765245042385814,False
231050,43,-0.007785226194022851,0.011009118029714042,-0.029700447555811513,0.013882328364227795,False
231060,15,-0.010333621659698432,0.011674926787377077,-0.03424745962572497,0.012137239330826988,False
231070,51,-0.005285472133769762,0.011126207102683944,-0.026933268503857542,0.0168303444226368,False
231080,27,-0.008230608309446658,0.011742519225196564,-0.03129239568193676,0.015102324132819088,False
231085,31,-0.003440608690521958,0.01093964805746327,-0.024655365914346607,0.018240547550463955,False
231090,13,-0.007850537619884483,0.01150575772550249,-0.030812440944238538,0.014978236436285767,False
231095,7,-0.007498611926675202,0.0115104897905537,-0.029910017674387376,0.015175347779386542,False
231100,19,-0.0091608556949695,0.011418481434332951,-0.03172399905548512,0.013735329027598667,False
231110,26,-0.006940397141061696,0.011116202652518281,-0.029072935643499147,0.015261344236047261,False
231120,13,-0.008393451006159684,0.01166503506957775,-0.03169997762852685,0.014437554509993867,False
231123,9,-0.004985500223034624,0.01153023433023545,-0.027777268432892563,0.018261795582010628,False
231126,30,-0.007581762065617177,0.011577920755439605,-0.03086426218832081,0.015185036799499192,False
231130,156,-0.012592138887087977,0.010865133844998164,-0.03407585210419037,0.008734854123684226,False
231135,25,-0.0066052765236429955,0.011332059819438862,-0.02873729592876214,0.015741107836761966,False
231140,127,-0.009912427877995185,0.01075395035247414,-0.031609508020005825,0.010986865298701047,False
231150,25,-0.010575678307046161,0.011565856217123862,-0.034047258084638696,0.01259811425598605,False
231160,22,-0.007178293308660739,0.011430739704568925,-0.029687756299038522,0.01566451293121591,False
231170,25,-0.013631003066184104,0.011475981157307046,-0.03737325725036719,0.008759885881986713,False
231180,81,-0.007671876730806748,0.011281683051215085,-0.029665134683777846,0.014861414020404246,False
231190,8,-0.008627228202608252,0.011222035506599006,-0.03114983214164234,0.013815560478755541,False
231195,28,-0.009422220861450309,0.011214475900710263,-0.03127575162435662,0.012850286530511694,False
231200,51,-0.011476900123919515,0.011293103913061587,-0.034348165777223466,0.010106947675346062,False
231210,16,-0.011620771276394194,0.011357631603850503,-0.03500315019072653,0.010584428948951147,False
231220,53,-0.010684621451093737,0.011391328728025923,-0.03361927764523447,0.011150086602351927,False
231230,66,-0.0055223009030710615,0.011071978484897448,-0.02745815038146118,0.016993142625492032,False
231240,73,-0.007073270814196201,0.011046033997273259,-0.028967125254762378,0.015287190385847976,False
231250,6,-0.0076021093308323035,0.011655348526129813,-0.030970236315543787,0.015373297895171077,False
231260,9,-0.006863155657499317,0.011314640978066764,-0.029225752117558238,0.01591379779699344,False
231270,40,-0.008884349836129193,0.011339700311200037,-0.031266418486541686,0.01394476641625164,False
231280,6,-0.008340361555350605,0.011588110865966027,-0.03148495430817506,0.014235345662940596,False
231290,220,-0.008085543205070832,0.010313322126870765,-0.028300688032114385,0.011631474949954361,False
231300,29,-0.010187169437307388,0.0112536887037466,-0.03263458001180106,0.012271380530146191,False
231310,47,-0.008892086022787715,0.010988915836558678,-0.030616492488150352,0.012889802765536766,False
231320,38,-0.008150750376255272,0.011127321777579094,-0.030641225727736462,0.013326179726603556,False
231325,14,-0.010066351245708738,0.011437181347534391,-0.032995298183124314,0.01197281149696299,False
231330,70,-0.003424194462090333,0.010931961911478003,-0.0244555237097377,0.018831301922611687,False
231335,21,-0.005390008787078866,0.011109286816447373,-0.026883873351583033,0.01720567559464349,False
231340,112,-0.007192436766964441,0.010667510024400995,-0.028472557532663298,0.013827461284676382,False
231350,73,-0.009869678535227551,0.01093455313355486,-0.03213242495531909,0.011957075980062548,False
231355,27,-0.006471077588662198,0.011471233353184444,-0.029088610579415437,0.0172214927130158,False
231360,61,-0.010813593189717809,0.01086959865745849,-0.033068428653077374,0.010457335444654891,False
231370,4,-0.007593344480003997,0.011380938232434603,-0.03078873199045186,0.01538465154636238,False
231375,36,-0.005930211269778606,0.011189844288007154,-0.027871721821284057,0.016577132036304676,False
231380,43,-0.00525748812626106,0.011147314212557238,-0.02702956695800435,0.01699508592702596,False
231390,18,-0.008075464566819825,0.01153645850987722,-0.030856196780083053,0.014940971881563197,False
231395,16,-0.009174097692235825,0.011677187559940577,-0.032775612445742744,0.013761007115230794,False
231400,31,-0.005358139643586733,0.010862647920693833,-0.02663034936813581,0.016292775453335115,False
231410,84,-0.004276150317175772,0.01070024502111262,-0.025405884946451292,0.01736725572600729,False
240010,10,-0.006593797778975339,0.010986064988297078,-0.02860220593553527,0.01530438333232921,False
240020,71,-0.010781480084842627,0.011407667703301684,-0.03372677384778994,0.011876526144681132,False
240030,3,-0.00678800680806134,0.011518739538021626,-0.029281018636151176,0.016193359824736703,False
240040,3,-0.007737647162683171,0.011668735977374809,-0.030172284098743247,0.01519604317897441,False
240050,6,-0.007047983000040704,0.0116703914761954,-0.0293375243014811,0.016011360043999764,False
240060,8,-0.006792661635556812,0.011476766307561078,-0.029009372752595696,0.015907922536899852,False
240070,13,-0.008198446943820756,0.011288166229918115,-0.031105298021281366,0.013938738810577262,False
240080,9,-0.007761472314689851,0.011154906498035896,-0.02972322370324389,0.014357220671470676,False
240090,14,-0.007121042381396325,0.011502845603611292,-0.03025140532016712,0.015551164453197392,False
240100,40,-0.006162996458947623,0.011270969753724887,-0.02875963157136235,0.016475685097340455,False
240110,32,-0.011939072386386277,0.011484419945324731,-0.03564702063769258,0.010056412886974881,False
240120,16,-0.0063092432568048334,0.011813603967811474,-0.029455463643373928,0.017650893270372222,False
240130,8,-0.00813258393726546,0.011113845936040331,-0.030438561440960746,0.013816672918454377,False
240140,9,-0.005809353628448422,0.011576091261807442,-0.029033596097541813,0.01738581034978205,False
240145,30,-0.009264104200310192,0.01115843257127816,-0.03179536521260857,0.01277867224759772,False
240150,6,-0.007624705322446869,0.011513692991693282,-0.03002446381348738,0.01577012592291183,False
240160,5,-0.008949571533611917,0.011357630574805992,-0.03208743927131828,0.012957075714340497,False
240165,5,-0.008392678198601719,0.011472611087650884,-0.03158596188139739,0.014707395176872756,False
240170,11,-0.0061159239642754135,0.011592739312860362,-0.028847016137444108,0.01685956479023199,False
240180,22,-0.0071175109489806515,0.011595568876135689,-0.03032455857592387,0.015500948549169316,False
240185,2,-0.008735590902315337,0.011434541415516815,-0.03197730400398755,0.01411478846371109,False
240190,1,-0.007637061869475331,0.011527919376588262,-0.03010064478479406,0.01583073636546491,False
240200,63,-0.004621253141202142,0.01102546552928025,-0.026487922764045796,0.01746807303945205,False
240210,13,-0.008996169415445008,0.01152832447499063,-0.0327485143450355,0.014036673908676047,False
240220,37,-0.000615480799571452,0.011482260027598954,-0.022944301445816606,0.022744606367228658,False
240230,15,-0.01034280775038819,0.01130572419647832,-0.033423461268913546,0.011575531773804838,False
240240,9,-0.00790224069829651,0.011373042587401133,-0.030479097713306112,0.014401318475465273,False
240250,6,-0.008942538293659956,0.011091366355964609,-0.031064305177984062,0.012754727892977179,False
240260,120,-0.006399333280159552,0.010746621429409896,-0.02767246994943851,0.015043189935079285,False
240270,12,-0.0072698525862718594,0.011533182162406444,-0.030290123612405646,0.016029882703361618,False
240280,4,-0.009164155217323545,0.011359550341059585,-0.031727379035579394,0.012824774703657284,False
240290,12,-0.008053103194239833,0.011538585616892406,-0.031036094121286946,0.015235342999659876,False
240300,10,-0.008340768838950808,0.01159058892874117,-0.031958273676952705,0.014619480958465145,False
240310,49,-0.00352616204878665,0.011076293930960683,-0.025165703856861902,0.0190022981710065,False
240320,5,-0.007680404609698621,0.01151296639930281,-0.03044757341196218,0.015538268384018073,False
240325,294,-0.014920773698999962,0.010370086788650642,-0.03601739152141081,0.0045708560621827285,False
240330,9,-0.009498579723267044,0.011450529465017035,-0.03315770815503444,0.013157400143163077,False
240340,6,-0.007966411877251126,0.011332576976340571,-0.030810159153128486,0.014383489213656162,False
240350,17,-0.00952781580600274,0.011561822067039096,-0.032299687628025146,0.01240556547027672,False
240360,71,-0.011001936459918156,0.011104372557356029,-0.03321359757936735,0.010104845477382001,False
240370,4,-0.008859623403887181,0.011037935922465636,-0.03090216434330565,0.013037413529050974,False
240375,9,-0.005316239730388307,0.011805670173916687,-0.02901362184551078,0.01795033305447351,False
240380,9,-0.00565829704711886,0.011343670043428733,-0.027741291801049277,0.01727031455020598,False
240390,7,-0.00934070403683775,0.011866957336594862,-0.03316033668419568,0.013173162681908242,False
240400,5,-0.006254619262956686,0.011393037356355575,-0.028693642684131066,0.015934472812239,False
240410,4,-0.006934167657586186,0.011730578967769497,-0.029293988127694213,0.016318257375338156,False
240420,53,-0.008871974771342179,0.011514599349633996,-0.032033476906849226,0.013687430401289506,False
240430,17,-0.00631814157242826,0.011609025034849504,-0.028823393140813183,0.017364627423314224,False
240440,8,-0.0062479266272980295,0.01150064518375972,-0.029250256559685366,0.01679642892193617,False
240450,27,-0.014584850787979081,0.011686013885626206,-0.03861264825297697,0.007619859403191282,False
240460,20,-0.007301380392930578,0.0112150045086414,-0.029664782777604846,0.015212889133247422,False
240470,26,-0.005486476939882533,0.011415953444884774,-0.02789776557913479,0.016911868642178928,False
240480,0,-0.007557773224762902,0.01136442363352653,-0.029982087585480138,0.015318494213730495,False
240485,14,-0.00704031015352666,0.011357174195728086,-0.028596721675237115,0.015357027760571858,False
240490,4,-0.007214136035928923,0.011602561830584527,-0.030044472133210785,0.016033795458581766,False
240500,7,-0.008491267679567677,0.011356378799469768,-0.03130454444316599,0.014079623052935248,False
240510,10,-0.007211868240438174,0.011414427802046686,-0.03007991938655302,0.015810278873458095,False
240520,2,-0.0076566581572196065,0.01156256175788165,-0.030649949685941473,0.01571230692850372,False
240530,11,-0.008111378046660197,0.011671258028169897,-0.031388169561830895,0.015145234443861871,False
240540,5,-0.008649183972761779,0.011450088346708536,-0.031708206865148476,0.013466832483973509,False
240550,4,-0.007661774124008385,0.011080750896819628,-0.029814768731497927,0.013989173102785028,False
240560,16,-0.009020216946193342,0.010900099432756917,-0.03056907703798027,0.012338630570342384,False
240570,10,-0.007921709431614101,0.011243879108861382,-0.030199033165051434,0.014328036568451556,False
240580,50,-0.006971707192270482,0.011120462023486129,-0.028932971697493103,0.015145431843665642,False
240590,2,-0.008439462803186613,0.011590462519919808,-0.03168528332363236,0.014328809904585068,False
240600,11,-0.007144345121219896,0.011236643105903209,-0.029159859126304692,0.015705289927407044,False
240610,17,-0.008401605875818103,0.011364716741377477,-0.031087231719958263,0.014020062518194303,False
240615,5,-0.008361494083040384,0.011437386110712966,-0.030454152592386558,0.014498460002991037,False
240620,5,-0.007069272614088245,0.011497959229856164,-0.030204128994220363,0.016000455581559343,False
240630,11,-0.009293462203201446,0.011088228101831212,-0.030798560209058086,0.013050316500067362,False
240640,6,-0.006664023899469099,0.011649237767439374,-0.02932365345200619,0.016509660824187776,False
240650,28,-0.00893946385650353,0.011220011219920435,-0.031197917096855935,0.012784410378906664,False
240660,12,-0.010143861508207373,0.01146805950316017,-0.03334837095728501,0.012491354765829634,False
240670,11,-0.007284254596369477,0.011448148309877067,-0.029824273678574462,0.015432750557969423,False
240680,5,-0.0071784120226114495,0.011274576003937145,-0.029756705915973427,0.014823447696118982,False
240690,6,-0.0070843987249799446,0.01150415934786817,-0.03028867588929314,0.015550183163356986,False
240700,17,-0.007541391908966504,0.01137688544120632,-0.03025168053594454,0.014902144374252402,False
240710,102,-0.007632885039678128,0.010888702399440273,-0.029220590548957724,0.01374884396065671,False
240720,32,-0.009177075622603887,0.01103294977621797,-0.0313144534943651,0.013103942568160687,False
240725,5,-0.007612735089458995,0.011279869386011273,-0.02934869087639735,0.015060230794837032,False
240730,14,-0.008313541000029137,0.011659475139940097,-0.03179580193494589,0.014832406113776142,False
240740,4,-0.00768953233675465,0.011231774537972902,-0.02976118765895088,0.014635892976235043,False
240750,20,-0.010139350141989802,0.011384626786254204,-0.03280235725312242,0.012262790330701278,False
240760,3,-0.0069611695282619625,0.011476231216601834,-0.029159889680278293,0.016327658177189452,False
240770,22,-0.010667214312571486,0.011390205698807956,-0.03348518792143137,0.012109294788374782,False
240780,21,-0.006929486126562461,0.011330704576764853,-0.030030134671743754,0.015641058239855243,False
240790,3,-0.007052187354971706,0.011578321251348379,-0.029809895738158638,0.016072534951077248,False
240800,302,-0.00900645822472617,0.009927916787770656,-0.02895103464215405,0.010226333367955025,False
240810,1012,-0.00645059004206335,0.0087708502782712,-0.023468691430788904,0.011213093192971483,False
240820,27,-0.009266819915880152,0.011390348607667829,-0.03261911963819204,0.012805049634938413,False
240830,47,-0.007846912125834224,0.011474319612739816,-0.030904719628940775,0.015167956842219167,False
240840,1,-0.007592989784500407,0.011609739306838535,-0.030784267780950128,0.015206621742924805,False
240850,5,-0.009406092835680537,0.011532823059501787,-0.03258617206822909,0.013355564593935412,False
240860,4,-0.008306779659580401,0.011279724905149443,-0.03103647639901422,0.0139500252431087,False
240870,1,-0.0070531871322339415,0.011413152939020836,-0.029707470904329892,0.015008260254547958,False
240880,8,-0.007230492562768785,0.011455338510644933,-0.030152639784538263,0.01583688100506289,False
240890,24,-0.010759607906798939,0.011286783976631552,-0.03419916387991102,0.011785882530165069,False
240895,10,-0.00703092963830072,0.011351956068966844,-0.02923553840592858,0.015622324448243342,False
240910,13,-0.009580169055084879,0.011536422043699337,-0.033152371448471885,0.013374898529687899,False
240920,7,-0.007252892768151829,0.011770413680782478,-0.0302806005582694,0.016355827443903015,False
240930,6,-0.007831530802457628,0.011257684625387735,-0.03000241120055523,0.014477411234849647,False
240933,5,-0.0062698122448350425,0.011880459900093975,-0.029736971598786355,0.018257485410267903,False
240940,44,-0.01195977994921266,0.011243252215996686,-0.034611829117860794,0.010215797477284995,False
240950,2,-0.00781944371928842,0.011418952542418613,-0.03105687516624681,0.015066059309368558,False
240960,2,-0.006421905115396702,0.011584226846138856,-0.0295065953184498,0.017170968509824306,False
240970,6,-0.01066337523530405,0.011769633398449143,-0.03532952171925359,0.012794097218736407,False
240980,19,-0.0038548766176058134,0.011258483089079256,-0.025013660857579403,0.019440055353709945,False
240990,14,-0.0052274325734608445,0.011557954589204979,-0.027650630863435725,0.018505349761953047,False
241000,4,-0.006977535512759694,0.011651430325807049,-0.030128253530277024,0.016390911151271986,False
241010,20,-0.007041893201002277,0.011103528061475508,-0.028630717136044603,0.014771023805786578,False
241020,11,-0.007354523373409541,0.010998313675677203,-0.02890105498634053,0.01451919336951447,False
241025,5,-0.0075581529773692145,0.011380124305534247,-0.030260420593017003,0.015150162995340534,False
241030,13,-0.010018444956909471,0.011534553746804616,-0.03358130487900327,0.012004721524192042,False
241040,18,-0.0076414149621223,0.011482056491403441,-0.02992394264086677,0.01516959709400412,False
241050,6,-0.00973178095414862,0.01119643638384744,-0.03219720562934307,0.011878990855853054,False
241060,1,-0.008384384766230024,0.011511048048108152,-0.031279250809381515,0.013965774615481345,False
241070,2,-0.00702931034131007,0.011533974818377278,-0.029616361649044354,0.015499814345712895,False
241080,4,-0.009869075472349387,0.011562087670748823,-0.033399979236933004,0.012711669459645164,False
241090,12,-0.008058539431719539,0.011369358069370845,-0.031000856489071117,0.014330333897083745,False
241100,5,-0.0076108213972545125,0.011234528243973533,-0.030136187816318695,0.014356280773546799,False
241105,8,-0.007278852401671585,0.011122072214645074,-0.029105341536611026,0.014988585008742021,False
241110,3,-0.008077467784154555,0.011573484085082093,-0.03150238064907546,0.01468361963705689,False
241120,50,-0.006899283271307407,0.011328800454920393,-0.02964485807601891,0.015594083925464247,False
241140,10,-0.009102131097693434,0.01146982065194246,-0.03212054697208119,0.013560419618170392,False
241142,3,-0.007773329221763732,0.011494427769332528,-0.030371827666409563,0.014519870934610999,False
241150,27,-0.005445642686190329,0.011014816836782793,-0.02716859601777918,0.016465155301581897,False
241160,7,-0.005490351458770718,0.011241985657574581,-0.027719865103130226,0.01690393569414761,False
241170,4,-0.007321700588092868,0.011293136077598265,-0.02982337681042552,0.014562992162185174,False
241180,3,-0.008081678067947498,0.011789567862216846,-0.031616841149199604,0.014212068340885722,False
241190,8,-0.008148165815285583,0.011462469810657577,-0.03127482846698912,0.014335552211845985,False
241200,157,-0.007393808774050339,0.01078413734756202,-0.028443185519030065,0.014035327124602036,False
241210,1,-0.008092646589963559,0.011563457904605659,-0.030924241711359803,0.015171953299300503,False
241220,60,-0.008232449379050657,0.010996331845378562,-0.030557856772117673,0.01335416818179872,False
241230,15,-0.0063429710595477775,0.011813718095807113,-0.029631166559608076,0.017328270453440837,False
241240,7,-0.006750183748391392,0.011824743648784553,-0.03076507711616322,0.01728771673069515,False
241250,20,-0.0059439116540781324,0.01138502001589708,-0.028202613822163606,0.016746034303583474,False
241255,11,-0.009126235984809768,0.011885735384960721,-0.03277429507044951,0.01416872103643609,False
241260,15,-0.007819426856470066,0.011290501362616619,-0.030615623835177734,0.014728663264526843,False
241270,11,-0.008612328237713414,0.011328251445916988,-0.03146142588888182,0.01374797897828564,False
241280,14,-0.006723529154420316,0.011313788204859806,-0.028942816039425237,0.01566695771447078,False
241290,12,-0.010533860358655852,0.011525118806851212,-0.03433468727552554,0.01199598108273466,False
241300,6,-0.008992672738297168,0.012004785405215376,-0.033163156961344226,0.015112130257436135,False
241310,8,-0.009447163161219284,0.011525617630470695,-0.03305634906356585,0.013108126123999397,False
241320,8,-0.007912321058016219,0.011359077938337306,-0.030946081450954455,0.014404900681326237,False
241330,8,-0.009978769236312957,0.011534182054588865,-0.03315378310761609,0.012633037798209146,False
241335,14,-0.008928510860978778,0.01113279520702682,-0.03145625825057344,0.012602281268104391,False
241340,3,-0.006954914127452073,0.011087317721817858,-0.02924023653701208,0.015368703226142156,False
241350,10,-0.009054907245984584,0.011426058582955211,-0.031316160188481226,0.013186436628907198,False
241355,1,-0.007602869980169691,0.01152840394193136,-0.030108517293330802,0.014934976503531332,False
241360,12,-0.006969104076004637,0.011181282448571354,-0.02944887740142237,0.014997027442560708,False
241370,2,-0.008513500113222258,0.011348887968282236,-0.031079809823243154,0.013201819526395769,False
241380,5,-0.00629104362212695,0.011528828172022275,-0.029202193470000498,0.017393437829118782,False
241390,14,-0.007622933690314341,0.011508828932428283,-0.030530403337021828,0.015290805848756733,False
241400,22,-0.008430318238846369,0.0112243623655532,-0.030872703610456534,0.013977331820669191,False
241410,15,-0.007907208688640862,0.01147534141458782,-0.0306096338657553,0.014933865765918201,False
241415,9,-0.006990339243746097,0.0112101943784226,-0.030069617600739455,0.01540695918973872,False
241420,28,-0.006906252397516101,0.011321628526373877,-0.02932022045059251,0.015372918474183012,False
241430,3,-0.008722385265026169,0.011668142272017306,-0.03171697210139846,0.013871466917220781,False
241440,43,-0.005954909389397176,0.01118757142744222,-0.027896618162758655,0.017116024071075334,False
241445,2,-0.00676603995886891,0.01173145882179849,-0.03011681799631232,0.016714013644524926,False
241450,13,-0.005469052286195301,0.011723543000516727,-0.028750636338969432,0.01809775955136744,False
241460,14,-0.00997630920226102,0.011402604169957056,-0.03290488468512588,0.012274523133944386,False
241470,4,-0.008036381663640391,0.011419281500243447,-0.03113844060969717,0.01456355707921831,False
241475,6,-0.006905053758846274,0.011182160488585781,-0.029077860513769004,0.015752481036653533,False
241480,20,-0.009677784188063143,0.011408983590864914,-0.03246555937314226,0.012651053199492102,False
241490,2,-0.007331830743066335,0.011514674036188732,-0.029912332305653114,0.01550086582575324,False
241500,1,-0.0073685801098206495,0.011430729712180874,-0.030046403547548835,0.014878799094203891,False
250010,10,-0.008773709500426368,0.01118075090869032,-0.03101489875034179,0.01340528984004044,False
250020,3,-0.0060577714850199825,0.011685437589819658,-0.028818708278993552,0.017565846611468424,False
250030,38,-0.007781799543697885,0.011224052274962646,-0.030343675707904024,0.014225624472515656,False
250040,34,-0.009449111677256851,0.011430062669750869,-0.032331818080430626,0.013167513038716602,False
250050,12,-0.007254217931311756,0.011599831317326245,-0.03001863008943112,0.015885182212421887,False
250053,11,-0.009042909299717823,0.01148838794570832,-0.03238567081736594,0.01379513696399503,False
250057,4,-0.00956102574560363,0.011249848376239774,-0.032690360844496995,0.012311245615749946,False
250060,32,-0.0072534826080397855,0.011008794159253106,-0.028748268072476615,0.01473302337819593,False
250070,15,-0.008445968314993717,0.011243762648738937,-0.03146833629413512,0.014209243560241041,False
250073,5,-0.007842519666122942,0.011439603325788741,-0.03024240919296713,0.014814408080271353,False
250077,10,-0.009405224465811737,0.011526929465983453,-0.03264205360018132,0.013041731342384844,False
250080,11,-0.0056400323818071845,0.011401152434818169,-0.028236138212678234,0.01718589884799714,False
250090,13,-0.00841672975439959,0.011402552587423993,-0.030977470830388265,0.01400185638080003,False
250100,18,-0.008611383876873858,0.011597076416189575,-0.03145359639327916,0.01398206511949637,False
250110,30,-0.006529711654383463,0.011098406242087246,-0.02827649668581509,0.01547824360637871,False
250115,2,-0.007457414522822649,0.011245525265806432,-0.02994462284298777,0.014197532852229702,False
250120,14,-0.00850362742575249,0.011489415025249179,-0.03135210353988649,0.013873527141270067,False
250130,31,-0.005259463543363785,0.011223512149119165,-0.027392009413615644,0.017230932522308895,False
250135,6,-0.007410268881300009,0.01113458180893389,-0.029515032415822658,0.014794510862843642,False
250140,13,-0.007948618221023981,0.011181082270154252,-0.030701246708883294,0.01374353229882218,False
250150,28,-0.00818591378037773,0.011606070625880302,-0.03153391637054048,0.014448055035511831,False
250153,4,-0.008388402679154276,0.011614145991437402,-0.031680641803049324,0.014939235466647301,False
250157,16,-0.007876216822222396,0.011419555566351127,-0.03069513283760288,0.015018083840946139,False
250160,18,-0.006455719264230999,0.011317886437671856,-0.028410253112299794,0.015710145491597924,False
250170,5,-0.007906430437665543,0.011562232225885108,-0.03104436606974221,0.01556390686510666,False
250180,122,-0.003799705820188117,0.010994334644498546,-0.025105884674432283,0.01860064845112528,False
250190,24,-0.004865735876900856,0.011556077750366385,-0.02770517714903139,0.018223536042330093,False
250200,6,-0.008135946598128042,0.011540841823191964,-0.03095399817757829,0.014731556442062138,False
250205,12,-0.010646595899595355,0.011651926449601533,-0.03450878773531799,0.012259849534584538,False
250210,8,-0.007834076621306628,0.011421377574792599,-0.03035856023627485,0.015190704859771337,False
250215,10,-0.0046925798074866866,0.011451013911863327,-0.026884138120136424,0.01829753309065965,False
250220,2,-0.006889369219352078,0.011296046993584082,-0.028961374852463164,0.015729140555432147,False
250230,6,-0.007098855282156839,0.01128579526584972,-0.029068875353593433,0.015174846482218611,False
250240,16,-0.007047502576970702,0.010936289220264636,-0.02902105473457761,0.01476104077610909,False
250250,30,-0.007880975127508802,0.010993495055438956,-0.02961628700281849,0.014068834116773303,False
250260,10,-0.008375060558908545,0.010850388215945625,-0.0300985122312192,0.012646928046557492,False
250270,7,-0.007229283148191278,0.011619764197992986,-0.030336554327574643,0.016272025797321378,False
250280,14,-0.009611017541728844,0.011477037182251019,-0.03256992260307226,0.01233984069936364,False
250290,4,-0.005882291330480505,0.01144188134505006,-0.028394211278789893,0.01720554149012376,False
250300,29,-0.00654626167404625,0.010856114195943276,-0.028177561657007473,0.01478155822627876,False
250310,4,-0.007357764686288354,0.011581662272546086,-0.03052731653785568,0.015337289149897982,False
250320,85,-0.003892014490522863,0.01108687343422145,-0.02484518939926332,0.018156763955168465,False
250330,15,-0.00618226752226726,0.011269341261406579,-0.028351827680653852,0.01642802729004756,False
250340,3,-0.007567384258929227,0.011453198941563512,-0.029953375730614882,0.014714501607918448,False
250350,28,-0.00923905798693746,0.011393260692362754,-0.03232892419185852,0.012881234999442527,False
250355,19,-0.008131493295302415,0.011319996524330963,-0.03052445901364883,0.014333072724401454,False
250360,9,-0.008710008688608233,0.011581035393393977,-0.03187080123788964,0.014627610060629322,False
250370,112,-0.003740610945596811,0.010698268561340063,-0.024790557123933313,0.017826734829983856,False
250375,2,-0.007871566398237684,0.0114515405830619,-0.030554119431533206,0.014857758018004522,False
250380,12,-0.005127381819186068,0.011609229257709486,-0.027862851645733922,0.01790343525106362,False
250390,9,-0.008867646605203932,0.01159606932513373,-0.03211797355671548,0.013561813182779395,False
250400,671,-0.010510495112876413,0.009178192049549299,-0.028349185093095107,0.007654065939448784,False
250403,8,-0.007704228267282467,0.011492065332197123,-0.0307469421238773,0.015423837736191888,False
250407,4,-0.00806564120165764,0.011673849031902985,-0.03164531730420491,0.015146508706370153,False
250410,3,-0.008492728611455955,0.011565464660864196,-0.030740598034319246,0.014591665623927032,False
250415,8,-0.008050822848137441,0.011874772068681488,-0.03164065942478325,0.015005533220040501,False
250420,6,-0.008706425862183438,0.011564197211526451,-0.03194628470543258,0.013658545210989692,False
250430,38,-0.009787451756601638,0.011280034921077986,-0.03225088504408131,0.012615928104498172,False
250435,11,-0.0092615699166776,0.011494952351797344,-0.03231429843196012,0.01350703401695896,False
250440,18,-0.007058253270310681,0.011328089443610707,-0.02924102620361941,0.016013327806416063,False
250450,5,-0.008476761737659268,0.011444174140710433,-0.03180407133060031,0.013973758439446992,False
250460,53,-0.00675741326444894,0.011192567837839573,-0.02891342246558936,0.015203062020406602,False
250470,10,-0.009106010291909626,0.011926572795702672,-0.03294784620293859,0.014261831031496714,False
250480,20,-0.008832003233554044,0.011210983690625832,-0.03138157000147254,0.013175650574641071,False
250485,4,-0.007511900179978561,0.011407306216892016,-0.03005665500327721,0.015501162177069396,False
250490,17,-0.00805435826296052,0.011325697680331748,-0.030119141224127476,0.014921963932190535,False
250500,12,-0.008850071828974388,0.011604195319749893,-0.032122822551533016,0.013985969319319442,False
250510,25,-0.010102504480722894,0.011587626454616287,-0.03393385553285346,0.012178413383584712,False
250520,10,-0.008117562445590419,0.01143028464738164,-0.031051749036454485,0.014367449211155073,False
250523,10,-0.007857781047827148,0.011266863589952209,-0.03040447184319144,0.014847714065745157,False
250527,8,-0.006757743196972669,0.011337354182249081,-0.029090576864204715,0.015738870678013907,False
250530,2,-0.0076840111817495635,0.011614049588511921,-0.030669870327283726,0.015003521379539557,False
250535,1,-0.007146781497742869,0.011333322872076064,-0.029553645214294672,0.015808929996319075,False
250540,14,-0.007528972243175535,0.01137272505535506,-0.030308943166378926,0.01511099392924614,False
250550,2,-0.00906055614879397,0.011299188742074608,-0.031799402853742886,0.013356291010101138,False
250560,8,-0.008561844543986423,0.011197291000135123,-0.030871777000686683,0.013664888967127774,False
250570,15,-0.010713699368409291,0.011312146531762197,-0.03368538338483988,0.010791635928167325,False
250580,5,-0.007473723062165874,0.011459257883087614,-0.030266426969446363,0.01566748522034678,False
250590,2,-0.006772901558991127,0.011755529356610131,-0.029868673550947036,0.016750369879722685,False
250600,46,-0.005441220622085401,0.011262975333156835,-0.02712530910034267,0.01747822324437721,False
250610,16,-0.005438216645736047,0.01158114557366842,-0.02788957608564344,0.017309851577159193,False
250620,4,-0.00829078349015129,0.011345188435413553,-0.031552262424368066,0.014218669373919047,False
250625,18,-0.010163949155913557,0.011422671152270625,-0.03342641615775016,0.011777361663714325,False
250630,72,-0.009958471988898767,0.010761197306831683,-0.03179166995178435,0.010912093402468785,False
250640,14,-0.00795686756274216,0.011426814272074865,-0.03076001433725145,0.01480443387044676,False
250650,3,-0.008465852693246916,0.011413081039101595,-0.031160056632384237,0.014116844888361863,False
250660,7,-0.006574032893850565,0.011529216217939871,-0.029454014836881703,0.01648564788319413,False
250670,13,-0.006479294439848062,0.011506220323558818,-0.02938810131944693,0.01635168841866147,False
250680,16,-0.007874526234029953,0.011372935133718612,-0.030809961651714343,0.01390630939698882,False
250690,22,-0.005744611589673776,0.01115246878913538,-0.027551026682127205,0.016813034166625152,False
250700,32,-0.009932282943670668,0.011484272259512684,-0.032295212694164625,0.012228281866124598,False
250710,30,-0.006120202930208304,0.011157519294998303,-0.027666991261254572,0.01624723240094849,False
250720,11,-0.006474058670081767,0.01179030196573328,-0.029502247744589465,0.017192691129235913,False
250730,10,-0.007822389471137023,0.011197231027428742,-0.03017891723040845,0.014567839482340778,False
250740,5,-0.007199189195885165,0.01145782437395353,-0.029480555892260337,0.015479531209717614,False
250750,1092,-0.006783140492488283,0.008577393242497311,-0.02393975542512903,0.009990283085370838,False
250760,12,-0.0059332761657407964,0.011699991449634274,-0.028976831571671666,0.017619829068152265,False
250770,47,-0.004719745118089472,0.011332693359555229,-0.02680992222683648,0.018451878958191618,False
250780,13,-0.007785286130228755,0.011286044360357753,-0.030651163798446273,0.01444612958846437,False
250790,9,-0.007191326649516801,0.011200114979163359,-0.02934576738751846,0.015110635142285448,False
250800,10,-0.006872805472760749,0.011324104244465751,-0.028951414277749988,0.01605011954097163,False
250810,5,-0.007810058434754061,0.011259396769285281,-0.029948857143328605,0.014229486506311383,False
250820,12,-0.006561445674165037,0.011309702277715238,-0.02912301267487875,0.01590652452867769,False
250830,39,-0.010338576660519069,0.01107306901962723,-0.03242451093223477,0.011223897923437537,False
250840,1,-0.008261110371048251,0.01126497409460566,-0.030507496757842163,0.013957421441674158,False
250850,7,-0.009800676313633289,0.011375669620114137,-0.0330776698372008,0.012365347878113773,False
250855,2,-0.007230082577715711,0.011441538771963444,-0.029755193796395928,0.015510272292616199,False
250860,18,-0.010072498396151383,0.011378213614232947,-0.0325734808522073,0.012007349710253652,False
250870,5,-0.008041982577812638,0.011764455359137052,-0.03139691857437023,0.015335977663945649,False
250880,2,-0.0077968744186933505,0.011732297738941968,-0.03134883195242141,0.015671698991242457,False
250890,51,-0.005644337154903386,0.011075005063686583,-0.027518374992372963,0.016563639335322174,False
250900,9,-0.006416456686103827,0.011632132298427857,-0.029359985222174024,0.016592394257973906,False
250905,13,-0.006628376982209588,0.011487318114386275,-0.02936786746794695,0.016161698297744952,False
250910,19,-0.00911833373125066,0.01123499464444405,-0.03145997673724473,0.012838368859733423,False
250915,8,-0.008418128000023286,0.011125836652963125,-0.03060318612092821,0.013590573145912105,False
250920,20,-0.005976294803177344,0.011421104853510597,-0.028799711527720265,0.01642659469706874,False
250930,19,-0.009111087722939216,0.011608920794248441,-0.03292967918589821,0.013826948727746672,False
250933,9,-0.009668673574454464,0.011502135322928087,-0.03275685556067429,0.013292800966107018,False
250937,0,-0.00782847738523582,0.011662057486802647,-0.031265110911390816,0.015247192268889992,False
250939,7,-0.007852256731345923,0.011259307415533262,-0.030703363698139332,0.014726887473430149,False
250940,20,-0.008769578468130769,0.011515005104866916,-0.031861360367994515,0.014024238599893468,False
250950,18,-0.008335609620875345,0.011653386019571785,-0.03174779464275837,0.01546962009203239,False
250960,6,-0.009421237827267703,0.011684259795113998,-0.03241132533427402,0.013262609676991789,False
250970,59,-0.01069135004854409,0.011213938049376626,-0.033103185549504026,0.011450493632296194,False
250980,9,-0.0075353440284285185,0.011101005256437787,-0.029491875356249544,0.014737168138329714,False
250990,10,-0.00709881220694594,0.011521867048210602,-0.030087207369902197,0.0152505856167472,False
251000,4,-0.007852170967765408,0.011183352038183712,-0.030344265564546367,0.0144630134653452,False
251010,22,-0.0057010770111273965,0.011591418900662481,-0.028621171231099456,0.01760973322596994,False
251020,10,-0.009599227197025606,0.011485674129243204,-0.0330009398502501,0.01317362723418768,False
251030,4,-0.007265886530549286,0.01160988090953085,-0.02999690204110749,0.015704921374424065,False
251040,7,-0.008355745159273382,0.011425402075908812,-0.031091048785904078,0.01426424762971659,False
251050,4,-0.007060963343829111,0.011483849902138708,-0.02921417422785695,0.015499900472177882,False
251060,5,-0.00990419911142914,0.01179799379657217,-0.0333296264742369,0.013519166197354224,False
251065,1,-0.007570922684877865,0.011645083427038095,-0.030797619466686067,0.015075686464144736,False
251070,6,-0.006575371178311333,0.011643787702279695,-0.02964274994531384,0.016715377142601878,False
251080,129,-0.007471435893679219,0.010577504512971864,-0.027945020941114018,0.013290512264430954,False
251090,3,-0.005995937290605544,0.011567691917299687,-0.028877818912692987,0.01758814721419178,False
251100,6,-0.006567175846252948,0.011370555023211512,-0.029145641517460817,0.016931057381959692,False
251110,6,-0.006498500828411461,0.011629753576415785,-0.029466610854886492,0.016627764070836673,False
251120,36,-0.0038588177439800534,0.011143900005637867,-0.02543458317725213,0.018499632218959203,False
251130,18,-0.008817258951592091,0.011856956645662818,-0.032067352494153205,0.01450939778816073,False
251140,27,-0.008436098129429217,0.011032812141940167,-0.03007442486976478,0.013073049019424823,False
251150,12,-0.007533763833704065,0.011421573192854856,-0.0299528219527026,0.014712167675846403,False
251160,5,-0.007448052644573758,0.011176874824593576,-0.03023539855203719,0.014816035600024358,False
251170,5,-0.007915766637698421,0.011248589136554524,-0.030509639240313927,0.014550170900466704,False
251180,15,-0.008298587460800047,0.011442329044830384,-0.03110616789924662,0.014887539711414186,False
251190,28,-0.008402971541923229,0.011102480813204042,-0.03080647991977207,0.013460239656645702,False
251200,28,-0.008207076584509745,0.011546454379677395,-0.03131599722450501,0.014076124580071132,False
251203,7,-0.009896928188390193,0.011553423993899822,-0.03333100862246841,0.012475193226310789,False
251207,3,-0.008443241195191435,0.011490853422669143,-0.03178682822294305,0.014194368236700557,False
251210,25,-0.004473902260355209,0.011975764010756881,-0.02733715185583055,0.019562262602448827,False
251220,2,-0.007556875635692259,0.01156623953228753,-0.03010744879717661,0.015809082530389627,False
251230,31,-0.008142993011301385,0.011155717444622454,-0.030222111551593038,0.014290141218948728,False
251240,28,-0.00786633307921737,0.01142542567406247,-0.030572658650033727,0.014815761691541213,False
251250,78,-0.0076810811482403984,0.010699654404032316,-0.029468728973695516,0.014138311082970787,False
251260,2,-0.007561190862436759,0.011390126960600502,-0.029947515493519313,0.014833547739263384,False
251270,21,-0.005870043207391405,0.011220420440947308,-0.028538068842982028,0.016408877171860587,False
251272,6,-0.007440742731606506,0.011502323883166507,-0.02970476674426735,0.015299721908165986,False
251274,5,-0.008519439798755942,0.011784214918693721,-0.032011515870894174,0.014798906001824931,False
251275,2,-0.007060209362285051,0.011317551651617979,-0.0301611155330642,0.015197858782853343,False
251276,8,-0.005927908480180862,0.011589690637046552,-0.028788225349997965,0.017912841925247124,False
251278,3,-0.008469405938802601,0.011613306558372326,-0.03181610874823816,0.014488164510412427,False
251280,15,-0.009330333207835731,0.01124993790542702,-0.03175283632182079,0.012850777741763216,False
251290,33,-0.007351065745532314,0.011345452124807694,-0.029980893029727743,0.015058111041079092,False
251300,2,-0.006908613344626182,0.01154447139485094,-0.02933864922642344,0.016576102030002506,False
251310,17,-0.009432139067531119,0.011346130356983238,-0.03193884994370579,0.01256103390624396,False
251315,18,-0.0036571463650812504,0.011683064434213181,-0.026785017277525913,0.020090442466957563,False
251320,12,-0.00835773150420191,0.011582933826529355,-0.03140857429074005,0.014954234495931725,False
251330,7,-0.00643907556573627,0.011312473140691975,-0.02895120251419735,0.016279479425460628,False
251335,3,-0.009178350288283576,0.011270773698133302,-0.031572724561335426,0.01286992416522194,False
251340,18,-0.007304409440639721,0.011554740045145737,-0.030163059948140454,0.016050150574501106,False
251350,8,-0.0054457120133833145,0.011442660846693072,-0.027976353626704278,0.01769846212094861,False
251360,7,-0.008093971291272784,0.011276757534473679,-0.030476256549584906,0.014100272819593727,False
251365,1,-0.007393563582081615,0.011624065886250597,-0.03020591360835557,0.01579376501207398,False
251370,181,0.0038929617528746614,0.011014405613946768,-0.01669464012186945,0.02740882139923242,False
251380,5,-0.007871712914768157,0.011655621312333404,-0.031046348896736436,0.015579573804264855,False
251385,3,-0.0062649228256105695,0.011421598526401486,-0.029360451085794353,0.0167728166626772,False
251390,37,-0.007279970326713644,0.011329874297514123,-0.03024923255756461,0.015463071081414665,False
251392,6,-0.008171173425210846,0.01154393220701522,-0.0309052878813078,0.014401303818185468,False
251394,1,-0.007186682372860186,0.011749015337287371,-0.030168761907672308,0.016186966544404765,False
251396,3,-0.007673196230949813,0.01165314552062555,-0.030563038452793328,0.015181686563034962,False
251398,9,-0.007808112549870651,0.011271168595748527,-0.03081384395262642,0.014572733657867603,False
251400,4,-0.008515960770073706,0.011752439903110081,-0.031942090890040985,0.014383579576383127,False
251410,4,-0.008331991793436645,0.011276288883659065,-0.030777747185585437,0.013860700458148054,False
251420,11,-0.007238891183767368,0.011292185615890345,-0.03030451153912128,0.015156999779093834,False
251430,11,-0.00903697957857022,0.011433665932226129,-0.03143472099860759,0.013219357036407094,False
251440,8,-0.007984973490910895,0.011637028124719584,-0.031225707800918254,0.015253441892135922,False
251445,6,-0.007903271953385435,0.011645345453325205,-0.030847999557705095,0.015576772627504046,False
251450,39,-0.004683527099188592,0.011405410111284719,-0.027302316011874193,0.018120133183098942,False
251455,5,-0.00755978246378483,0.012088558136965312,-0.03204564326878391,0.016378596906824066,False
251460,7,-0.010096713083300275,0.011270763569520505,-0.03285404897460385,0.01198207603291333,False
251465,1,-0.00800105293531081,0.011459932671130952,-0.030187337622932204,0.015245775233108317,False
251470,8,-0.008950428334735885,0.011276313249779261,-0.03103066178909411,0.013348792231079279,False
251480,4,-0.007822434626260552,0.011239080586045676,-0.030343727665104563,0.014088503539964624,False
251490,7,-0.008707557199910487,0.01159271230664867,-0.03250870826473358,0.014836656634040163,False
251500,9,-0.005668018649291873,0.01135293630593423,-0.02808852868081536,0.016988850741073556,False
251510,8,-0.007534342130480512,0.011323157968207254,-0.03052878537098105,0.014728037737423892,False
251520,2,-0.0070828239178929685,0.011452584828962255,-0.029812971286656897,0.01591487238527989,False
251530,57,-0.00879899235593902,0.011110725290998864,-0.03149304410206107,0.013405289592236927,False
251540,18,-0.009366924431204017,0.011311594400895388,-0.03214439191355716,0.01350498566042845,False
251550,22,-0.008772312813898323,0.011251362742779904,-0.031339258561986515,0.013215953403202542,False
251560,2,-0.0077703797457961245,0.011356297161414316,-0.030122252955364373,0.015480297113210435,False
251570,5,-0.008537079042631969,0.011874618009319157,-0.0323132751092563,0.01520748463015026,False
251580,11,-0.007029538307583782,0.0116584301175811,-0.03012658279698967,0.016601778141609392,False
251590,3,-0.008351903804877065,0.01131242433453343,-0.03051240188875582,0.013667605488360586,False
251593,7,-0.007238419063139632,0.011553928505622427,-0.03006470455369535,0.016053360934934067,False
251597,14,-0.009747157751891517,0.011346654277488134,-0.03253939241069285,0.012163728257082047,False
251600,48,-0.01123035539979758,0.01122339306535128,-0.034840516396848493,0.01061359510462369,False
251610,20,-0.005688950318545302,0.011072028411711975,-0.02795081738210186,0.016776516867980602,False
251615,7,-0.00864754692914667,0.011630310568615755,-0.03189579059905911,0.014357873798458156,False
251620,86,-0.009593729761260697,0.010665947556475174,-0.03126545882640969,0.011071984909196041,False
251630,29,-0.009561447210011374,0.011550347586281312,-0.03271424560798897,0.01352443206470088,False
251640,13,-0.008247988764733063,0.011505338891722481,-0.03076831354802104,0.014618688562392321,False
251650,27,-0.006649994180142829,0.01142602890783547,-0.029003161279332744,0.01639288151142739,False
251660,13,-0.010413107023376557,0.011413866794666865,-0.033704545775918436,0.011834628339994591,False
251670,19,-0.01027040480659606,0.011472648671609624,-0.03405187802633569,0.011981001108357772,False
251675,4,-0.007664962995781377,0.01132326440331899,-0.030150382129694495,0.014640411468267167,False
251680,9,-0.007018208451235476,0.011647514107038648,-0.02992463991897697,0.016031870195376944,False
251690,11,-0.006991938522350214,0.01131783104942337,-0.029442852503042915,0.015584986964541714,False
251700,14,-0.00843269294849594,0.011200436730576822,-0.030886661827399874,0.013604261690650534,False
251710,2,-0.007840455465046069,0.01129191185450392,-0.030619382853806137,0.014462931551287576,False
251720,4,-0.00814198014467541,0.011069592662456123,-0.030104206098807648,0.014010979297927273,False
251740,4,-0.00816492924735616,0.01159984180499388,-0.03126276049730747,0.01467209631897667,False
260005,113,-0.010101311673971061,0.010747792560543616,-0.032000731600767364,0.010381666228905618,False
260010,61,-0.006637884765508538,0.01115586757609372,-0.02879533200677978,0.015703244606537936,False
260020,39,-0.007071725251994988,0.011244473675761393,-0.029168164641615806,0.014955915694283155,False
260030,32,-0.006298970148032703,0.011066605209279953,-0.027944175229264977,0.01603501909390778,False
260040,39,-0.003062098819161258,0.011350553681459617,-0.02471102393007063,0.019772645172278943,False
260050,73,-0.01255189879476404,0.010965538301418712,-0.034468444300360175,0.00850616256681719,False
260060,25,-0.008728740124001435,0.011447018983287427,-0.03122277110446216,0.013728465227960764,False
260070,51,-0.009304968007254577,0.011405894474426389,-0.03250855443294796,0.01288485775158023,False
260080,24,-0.010301214561482365,0.011385352733825543,-0.03346868629276844,0.011596840544221556,False
260090,25,-0.008713869867418757,0.01151427638044325,-0.03165536720491249,0.014035489391894647,False
260100,17,-0.007679017093511706,0.011590029170473535,-0.030981473570522663,0.015495739757424808,False
260105,34,-0.00263464967994369,0.011347225785829213,-0.02498450556082964,0.020435967359692758,False
260110,166,-0.008107172840478178,0.010743305985321147,-0.02921405583955071,0.013206007588025755,False
260120,116,-0.012534831714755064,0.010672660994138253,-0.03492981584176401,0.008120442256478833,False
260130,11,-0.009088755301253257,0.011542865312649652,-0.0323281156875564,0.013508219264781107,False
260140,82,-0.010702978491583293,0.010822284007333434,-0.03242039793571048,0.010587463443655073,False
260150,16,-0.007712016709744704,0.011416684511312645,-0.030273965712623318,0.015181987221283215,False
260160,43,-0.009852516140747766,0.011128875211157765,-0.03221892604303291,0.012001191009648398,False
260170,115,-0.006853282242627717,0.010519225261905059,-0.027466466074076785,0.01413395865147943,False
260180,25,-0.008453812503761426,0.011260140381694206,-0.031169119035727427,0.013417801199008237,False
260190,63,-0.01132908298331225,0.010828992616596781,-0.03415494251940795,0.009838279112882467,False
260200,73,-0.009603768411924472,0.011264472086690302,-0.032323249807186566,0.01250899135049262,False
260210,56,-0.005472322815774882,0.01118398835392646,-0.026844218096334537,0.016960226890211597,False
260220,39,-0.00830999266105516,0.011049347475807483,-0.030652614220371754,0.01368250871863025,False
260230,59,-0.003801695111279459,0.011141307205281897,-0.025470042762804658,0.018916561764727374,False
260240,21,-0.0021208576238017692,0.011626163622316266,-0.02436994701305116,0.021478434800574448,False
260250,8,-0.004974375492057356,0.011822207783197895,-0.0278785786471336,0.018317080082952967,False
260260,77,-0.008510361178669145,0.011183895047328269,-0.030941566790903208,0.013872485020861785,False
260270,13,-0.009607742732185351,0.011694695355309846,-0.03258247428223607,0.013499842592404337,False
260280,99,-0.006181817774917671,0.010900793133762614,-0.02727949001268081,0.015752162088821197,False
260290,247,-0.009548114502384578,0.010156937832643957,-0.030135953720598636,0.010374629585701522,False
260300,60,-0.005725340955424561,0.010850193671394587,-0.026305260652638444,0.01624958705506592,False
260310,31,-0.00959320932197542,0.011010425495264889,-0.03149851353268526,0.011961247764474171,False
260320,47,-0.005420854895985902,0.011070099225465166,-0.027257308169505473,0.01613727466605991,False
260330,7,-0.008187911534983985,0.011421607450834885,-0.03127912020325888,0.015149478516031847,False
260340,11,-0.00851386437841363,0.011550269373842197,-0.03138843144625961,0.014543478765579931,False
260345,196,-0.0062862359291621745,0.010219303325307747,-0.026509732407155328,0.014244519612053422,False
260350,19,-0.009451072128917085,0.011159466414520916,-0.0316558560389862,0.012469827974775118,False
260360,3,-0.006861520793278103,0.011375879435539624,-0.02930306418438298,0.016170426774188236,False
260370,36,-0.007830434474777454,0.011130778082077802,-0.029683908561610794,0.014061017337142738,False
260380,30,-0.011726269080715754,0.011477847704174704,-0.03530613955690695,0.010058938503097997,False
260390,35,-0.006527886155506501,0.011029817287609942,-0.02862139313014027,0.01517608322770518,False
260392,34,-0.003866312693598419,0.011766175808920951,-0.02667241673157084,0.020284506493333274,False
260400,90,-0.008201384530771284,0.01061319426232619,-0.02891121890789975,0.01299990479768749,False
260410,484,-0.0044255090145075195,0.009693964477547883,-0.023077986631711195,0.015208368675686625,False
260415,12,-0.0081997116664346,0.01113091813902432,-0.030346746473156352,0.013752215360044744,False
260420,37,-0.008420956882574493,0.011247502027888668,-0.03058539903412635,0.014036806883214122,False
260430,19,-0.008128590758965538,0.011359951232645408,-0.030410179193195074,0.014129228499659198,False
260440,14,-0.007069744173274894,0.011634924181727206,-0.030045769148908903,0.01596608700211331,False
260450,21,-0.00868017409347589,0.011301806551424307,-0.031243896152477534,0.013717333815659033,False
260460,27,-0.009067271259589291,0.011104513969674625,-0.0316040516834906,0.01285289675850199,False
260470,28,-0.008584384493966875,0.011670348528077981,-0.03225232365627595,0.014245899402773158,False
260480,13,-0.0070776818815668,0.011338717483466758,-0.02881752690002317,0.015565400220545733,False
260490,14,-0.008327298866098438,0.011568482872567133,-0.03151622902862302,0.014734314980457948,False
260500,36,-0.010245289459908446,0.011683735983482735,-0.03314052988591769,0.012747380055404352,False
260510,60,-0.009997973405694562,0.010926176040337725,-0.03183557465844715,0.011356073960514251,False
260515,32,-0.004982570577499994,0.01151350385683259,-0.02743147799042791,0.018346012931254103,False
260520,79,-0.008016114599014017,0.011060310685981458,-0.030029212116355168,0.013720432479212372,False
260530,65,-0.010018147082799,0.011017964727235778,-0.03202798218276091,0.011074097197289344,False
260540,28,-0.00698154608970214,0.011390742194568888,-0.029758091468222895,0.01533310485100802,False
260545,2,-0.0082793474633328,0.011602860513149486,-0.032089850321000486,0.014480307756773116,False
260550,11,-0.00720381710461144,0.011399378345397166,-0.029690117188360836,0.01570255130340042,False
260560,33,-0.00523562104962258,0.011672271120128098,-0.028602010746654978,0.018422267118135126,False
260570,68,-0.01056949084175785,0.01086521102941859,-0.032610186237490436,0.010328135503998985,False
260580,24,-0.008307849223390739,0.011133536356638808,-0.031066995661362767,0.013352909608485652,False
260590,21,-0.008772636392468914,0.011122311894135305,-0.031165797805803818,0.012901443809015135,False
260600,233,-0.01078771049675831,0.010409331207729782,-0.03172108028076505,0.00905029616642321,False
260610,38,-0.00573080069142786,0.010854491920416352,-0.026224673156111506,0.016473816600780997,False
260620,111,-0.0018396039200529136,0.011040013034202647,-0.022827830534126275,0.020500655863951188,False
260630,13,-0.005836005879537561,0.010972779496839134,-0.027258901668589283,0.017180827146627588,False
260640,78,-0.008561649695239688,0.011018235598970751,-0.030782467054922588,0.013390386979760733,False
260650,35,-0.011529009066035698,0.01137486798630943,-0.034319510183552934,0.010127002774862013,False
260660,42,-0.008658274150679287,0.011185623427278156,-0.030747191296996882,0.013002082655928405,False
260670,6,-0.006240027363516998,0.011542443180437524,-0.029093106795595514,0.017316683150774802,False
260680,152,-0.010579916239460462,0.010597981056687196,-0.032017642211009896,0.010078243507764711,False
260690,10,-0.006891793017493395,0.011671631269508114,-0.029664747651628038,0.015641694299635224,False
260700,34,-0.012872412712850697,0.011487324195892367,-0.03638708830224115,0.00871019230405258,False
260710,3,-0.008264599861098443,0.01110867786328831,-0.029698250006545097,0.013432344670807691,False
260720,132,-0.008505203220721637,0.010840435840696314,-0.030727350673793855,0.013249895156758645,False
260730,74,-0.010167983069392973,0.01096144324837741,-0.03243369103642732,0.011719131468986576,False
260740,6,-0.009045538184898897,0.011300106960835962,-0.03151851420863002,0.013170130639045053,False
260750,39,-0.009534242954994006,0.011210101680484048,-0.03190262682018427,0.012088141060740212,False
260760,23,-0.008770005325689811,0.010914809947818321,-0.030833808081124264,0.012824958352334282,False
260765,33,-0.004186544226419716,0.01140830609932494,-0.025805849428050472,0.01857851731417701,False
260770,12,-0.005594652589354215,0.01123401847290855,-0.027298022358143836,0.016915278064102295,False
260775,20,-0.0075010127313975185,0.011175528648689637,-0.029835557320575377,0.014540425159140075,False
260780,17,-0.0066496517984921495,0.011524916408771941,-0.0291668822930906,0.016487452924227836,False
260790,866,-0.007453923796538695,0.009145273957061979,-0.025879796019869367,0.01068252296723234,False
260795,12,-0.006201574951150942,0.011317044945467042,-0.027943800499681832,0.01613806193391639,False
260800,31,-0.009989541064951042,0.011245018827881306,-0.03278481444735719,0.012200686960931578,False
260805,17,-0.009250488318551025,0.011350165455672771,-0.03195198944385366,0.01331328862882308,False
260810,36,-0.005169326258856569,0.011411692895276698,-0.027818638247372417,0.01798147141220655,False
260820,19,-0.008005608493578911,0.011303441438175492,-0.03056820490149285,0.014285025084201054,False
260825,17,-0.009439920164342933,0.011391601874102864,-0.032187524826940775,0.012524815070960236,False
260830,15,-0.007802772855496204,0.0113257157397035,-0.030510124238696354,0.01455906168966844,False
260840,26,-0.006917154499937447,0.011456142116394376,-0.029689474485426248,0.016122533999644823,False
260845,28,-0.005474816329779111,0.011662517585035575,-0.028341132935667507,0.017926983278244553,False
260850,33,-0.007787604614394938,0.011271972151806265,-0.030232068099647416,0.01469025277928832,False
260860,19,-0.00979009661677233,0.011217287034262266,-0.032235020337362724,0.01259184464068669,False
260870,13,-0.006559641359129123,0.011306863606865742,-0.029042112583616126,0.01579216797126291,False
260875,59,-0.0070927284934526455,0.01107661124573343,-0.02907539828493003,0.014693225195325267,False
260880,70,-0.0057619111772483035,0.011019202255570784,-0.027212457376953377,0.01624831020431054,False
260890,65,-0.0035999493194812143,0.011196138796804337,-0.024843397921397538,0.019586862306181993,False
260900,32,-0.010603294198478453,0.01132084372368084,-0.03336926051377606,0.011691199015731096,False
260910,14,-0.008387512610428017,0.011248924681038202,-0.030820203906424083,0.013864324757025094,False
260915,34,-0.010968165446624656,0.011103693068393481,-0.033615599295651,0.010511276000938033,False
260920,14,-0.0037682825136393636,0.011595637096833776,-0.026121492705733225,0.01976658751609162,False
260930,33,-0.005935357614008515,0.010836285453706011,-0.0269597156344517,0.015793730210644546,False
260940,74,-0.005328028590163627,0.01083246192039485,-0.025942763404968032,0.01621220211609407,False
260950,27,-0.010361552836182288,0.01108945615639765,-0.0329565773723848,0.010984523715390767,False
260960,459,-0.006357233688365862,0.009323274941366982,-0.024897049033634214,0.012577079560800132,False
260970,24,-0.009406773282266764,0.011388515040608267,-0.03212111576603505,0.01272600338576038,False
260980,32,-0.008788964140936311,0.011122106168315991,-0.031201855374744198,0.013489733171505014,False
260990,139,-0.0028195142772927126,0.010744440144348832,-0.02365602910668497,0.01935362796472002,False
261000,83,-0.0043934590051777685,0.01121188573767357,-0.02652053801794568,0.01780662284092269,False
261010,12,-0.007700479337063157,0.011239190237626043,-0.029898407853885135,0.014486014629518467,False
261020,43,-0.006537902449536406,0.011188312591022131,-0.028377485983596785,0.01636129561765689,False
261030,16,-0.009692374510092765,0.011582083843057176,-0.03310015067114324,0.012951119552572608,False
261040,31,-0.009473228059008269,0.011560607618933379,-0.03220415207705809,0.012671315563505474,False
261050,29,-0.004049311966115736,0.011494656358293172,-0.026707930242704944,0.019359541791107198,False
261060,72,-0.008792262560660022,0.010950233873642594,-0.030535408687140067,0.012835613116929333,False
261070,376,-0.00934304474419692,0.009508089024054358,-0.028140571217161812,0.009389717487532522,False
261080,38,-0.0036249414916731974,0.011332862272153363,-0.025413992140896707,0.019370851009532168,False
261090,81,-0.013514496082774987,0.011044983487974983,-0.03604090161415926,0.007888487043519812,False
261100,54,-0.00899591850477179,0.011228784670202404,-0.03130345314660891,0.013390944071299702,False
261110,789,-0.00979114181750846,0.008911265172696279,-0.027097053554454253,0.007931092727481109,False
261120,21,-0.005340246105360776,0.01113497259698166,-0.027021902478196504,0.017197206984705192,False
261130,24,-0.007264263500165032,0.011490394771306256,-0.03010306334380667,0.015521110874367288,False
261140,12,-0.009893877349019458,0.011388453291379946,-0.03303877342527952,0.012310288582165116,False
261150,30,-0.0057607978916711326,0.011431450729273337,-0.02790606020168836,0.01770484781998619,False
261153,9,-0.00809525890625418,0.011342362652605272,-0.030737210490361835,0.014496180811120913,False
261160,1727,-0.0109212008367981,0.00867428628528813,-0.02840780838630596,0.006082957437304602,False
261170,29,-0.007509359530141964,0.011467894816229144,-0.02999950317679518,0.015194781112417934,False
261180,36,-0.006198611933032315,0.011127368179613354,-0.02802163857158888,0.015711404416968933,False
261190,33,-0.009517099586811809,0.011347854151739712,-0.032557514049629054,0.012504562989741255,False
261200,8,-0.007572671984702516,0.011152514709450771,-0.029668204908990387,0.014504872267126746,False
261210,5,-0.00857901604646805,0.011725878513415985,-0.032266403316915215,0.014729053694565232,False
261220,121,-0.0138301657745488,0.010900226633394839,-0.035850449320013036,0.006905449000252505,False
261230,24,-0.008808912976838642,0.011386071097782249,-0.030896286923439056,0.013508778365584099,False
261240,31,-0.006815288207325269,0.011465528668548474,-0.029455919465976463,0.01592258544356837,False
261245,42,-0.008045854233233039,0.011253505848131257,-0.030392934386977922,0.013228202403551282,False
261247,17,-0.008163714092569644,0.011462829569921926,-0.030983524508059634,0.013942830861528827,False
261250,150,-0.00591177437570672,0.010795892853521156,-0.026959867533793737,0.01526052423017544,False
261255,23,-0.009953203771363604,0.011448533645688088,-0.03272543539718502,0.012978422045242482,False
261260,77,-0.0068516555107459055,0.010943273853835441,-0.028256986066768002,0.01499016087169282,False
261270,21,-0.006903683018896583,0.011268544876799581,-0.029245696601904344,0.015435952195839762,False
261280,9,-0.007394948895980733,0.011238626032488833,-0.029326354279297785,0.015030430020788754,False
261290,10,-0.006736159385402308,0.011103882536124153,-0.028451911532005672,0.015266709992594163,False
261300,77,-0.011475407979629362,0.011033360364613873,-0.033794806419509084,0.009419456075136294,False
261310,60,-0.006176354099490276,0.011133381587397212,-0.02818739682627342,0.015965622062842546,False
261320,40,-0.006841448870850749,0.011342449363594468,-0.029371216428710656,0.01602013872784259,False
261330,33,-0.004224436619080969,0.011121496615314851,-0.02591752449504507,0.018286073356023846,False
261340,22,-0.009366120413628422,0.011516548996250785,-0.03246597187617525,0.012595528138790002,False
261350,41,-0.006136779458892794,0.011370687419315106,-0.028683462112984642,0.016983110800833208,False
261360,36,-0.00785902370188346,0.011513270399436082,-0.03059268640221696,0.015087843836917598,False
261370,134,-0.005875933874363902,0.010795220977676535,-0.027043207295822772,0.015640041261398646,False
261380,21,-0.005929461088217543,0.011079828057253131,-0.027777456558447534,0.015803042542974512,False
261390,162,-0.01501441326694508,0.010835499752853757,-0.03754694541010128,0.00549800437261205,False
261400,32,-0.009420734718481797,0.011318676455540331,-0.032934003286187286,0.01342604192624458,False
261410,69,-0.006741572921303433,0.010900122154648341,-0.02806659463776609,0.014950090308248688,False
261420,51,-0.007148787781405981,0.011163514733895194,-0.029494893730521447,0.01522581584301969,False
261430,12,-0.008094873354177388,0.011600386503718016,-0.03130538489161658,0.015651815021737476,False
261440,7,-0.006389292556918896,0.011503810825147303,-0.028970861901499566,0.016116708165289807,False
261450,76,-0.006084068524728809,0.010861986262886316,-0.02741334960088694,0.015266887744255773,False
261460,42,-0.005744042991894831,0.011206224625480423,-0.0281792632309779,0.01704951239859472,False
261470,23,-0.010420938421796163,0.011355630790879315,-0.03355450782055637,0.012034713327078329,False
261480,36,-0.007868685375202031,0.011267406692022133,-0.029435457387779005,0.014432324105346107,False
261485,37,-0.007965593966766556,0.011443318638994114,-0.030817021902540348,0.014758746972901447,False
261500,31,-0.004754325293376598,0.011294329678449773,-0.026298583676164323,0.018344314219551572,False
261510,14,-0.007938049788505637,0.01138805470703937,-0.030355322330206394,0.014715192158492213,False
261520,11,-0.007275151889415467,0.011271364640010587,-0.029353346892494157,0.014935312369112094,False
261530,37,-0.007831616709325865,0.010984851774748727,-0.029343120848102897,0.01328566701617402,False
261540,75,-0.012636380885842768,0.011099414525905274,-0.03544899200254837,0.008670486587103161,False
261550,27,-0.007666725643053316,0.011322947900476844,-0.03013156396333127,0.014781383543024156,False
261560,83,-0.007189433782304179,0.01110347977069859,-0.029101904958694785,0.01476840649281123,False
261570,17,-0.008646449356448493,0.01138009766001629,-0.03150171556238891,0.013187253558569687,False
261580,55,-0.007811408696214634,0.011210577916565429,-0.031099939497879616,0.014679536149414352,False
261590,19,-0.008654787475698101,0.011241487851393837,-0.030750122799959027,0.013753316425502256,False
261600,28,-0.01027430471117537,0.011271671485489559,-0.033225226748144904,0.01158790987795754,False
261610,21,-0.00932195683281018,0.011344885740981029,-0.03244504891908358,0.012937714864310374,False
261618,8,-0.009248097487540947,0.011657221001519868,-0.03269870171133094,0.01326875976071504,False
261620,32,-0.0070389993277428144,0.011391972112380997,-0.02961082956623271,0.015532942250819104,False
261630,32,-0.004708516978333075,0.0109293686333335,-0.026054799556200065,0.0177052626826552,False
261640,137,-0.012970957273706389,0.010899322921346972,-0.03509466990204504,0.008215653143231489,False
261650,15,-0.005464260684891048,0.011026402708813244,-0.026928458728388602,0.016342859511832675,False
270010,32,-0.006753973135410952,0.011241758277527308,-0.029216545154630295,0.0158643524080018,False
270020,16,-0.008978927692525328,0.011295759303887874,-0.03160464867204686,0.013045643677608965,False
270030,402,-0.009545299525323462,0.010027861628469878,-0.02940198478090273,0.010402204392466976,False
270040,69,-0.004745176820541226,0.011046489023408585,-0.026041015934739814,0.017774900340614772,False
270050,30,-0.006024021518357918,0.011393347131522657,-0.028173511803209494,0.017111279219596386,False
270060,14,-0.006406934755494115,0.011287362589204797,-0.02916194005656534,0.01578636518736967,False
270070,27,-0.005381412758323437,0.011082298253421987,-0.027043622092704157,0.01719473895640759,False
270080,8,-0.007773832229625756,0.011240437401883982,-0.030078812892664765,0.013994513559012628,False
270090,17,-0.009266368941131841,0.011319531189984083,-0.032062321486689076,0.013272185485144587,False
270100,40,-0.01120336908004815,0.011009442414316107,-0.03384498249127353,0.010094245404403339,False
270110,21,-0.007828617583611757,0.011277126499326627,-0.029821108055177986,0.013816272939683079,False
270120,11,-0.008010123790127048,0.011577807278823782,-0.03104173322857196,0.01533393373279619,False
270130,36,-0.008099543004435232,0.011213453173543915,-0.030060507020744157,0.014044353085187545,False
270135,10,-0.00828161070144331,0.011304107537049017,-0.031181278265936526,0.013808402650725922,False
270140,46,-0.007664977800537786,0.011386305945283717,-0.030488701416303297,0.015187263974981678,False
270150,14,-0.008068409005011686,0.011482936381763887,-0.0313773186240555,0.014925138034011838,False
270160,34,-0.010699357842831601,0.011375995954475847,-0.03350106935826685,0.011436627072187209,False
270170,17,-0.010065555611710105,0.011496286161404608,-0.033210872948178295,0.012240894156690127,False
270180,20,-0.008421125842550621,0.011221269817716265,-0.030533463074255068,0.013598009535254082,False
270190,8,-0.009012773247914418,0.01161233764587925,-0.03225824273209324,0.01406501672396865,False
270200,22,-0.010686877196784761,0.01141493913329466,-0.03322186777352322,0.011715927533357064,False
270210,18,-0.010203334309827287,0.011342587620107394,-0.033354377732211976,0.012048716486121283,False
270220,9,-0.0065197414184269215,0.011484930776041282,-0.02903752408365605,0.015939993425316303,False
270230,93,-0.005904424672733633,0.011076715952947977,-0.027655551369091855,0.015604106431210709,False
270235,47,-0.0046528732133649,0.011295637947818453,-0.02693129009302614,0.01788336942157947,False
270240,86,-0.010945212095686751,0.010776981427863068,-0.03277126597811127,0.010195115089308149,False
270250,17,-0.0054821702548025495,0.011518466464778304,-0.02756905043818017,0.01765296835310503,False
270255,27,-0.008951456333753268,0.01160068855390392,-0.03214369947565945,0.013642047122322361,False
270260,32,-0.006104110096538319,0.011052530087896912,-0.027612698363771317,0.01616617592382638,False
270270,8,-0.008477647391559593,0.011479866259502187,-0.03148434421014074,0.0142514957209184,False
270280,20,-0.008920638457661209,0.011273816477637075,-0.031831586795318924,0.013513737066100614,False
270290,50,-0.008416777988629068,0.011089716600230828,-0.030404859882723678,0.013881780322506473,False
270300,28,-0.0077324008786527855,0.011660333999694295,-0.03120550340278562,0.015606647725108997,False
270310,35,-0.005577714367295241,0.011216186852782535,-0.02694470287514625,0.016926857961226876,False
270320,26,-0.008885653758111647,0.011381612947448482,-0.031514126080258484,0.014201045322382411,False
270330,29,-0.011148531733075133,0.011369640131817642,-0.03396723325094163,0.0109451591867227,False
270340,6,-0.007988154986433491,0.011469636470321678,-0.030901869538193252,0.014923928845972956,False
270350,3,-0.0070878095607381005,0.011732139275972251,-0.030412188985434345,0.016765357441689152,False
270360,16,-0.007076611718283338,0.011355810987041111,-0.029411929420746753,0.015422495304260254,False
270370,8,-0.007778444681804354,0.011261543210673132,-0.030638021363064538,0.01449317395008707,False
270375,15,-0.004488159558674324,0.011592384265892684,-0.02729605791475345,0.018964923906019015,False
270380,28,-0.011780276481298669,0.011402517798924131,-0.03495262152990661,0.009651799457944936,False
270390,4,-0.007453366177861059,0.011575807287515998,-0.030593230765852276,0.01570569827822504,False
270400,38,-0.013422047085858469,0.011388682015739065,-0.03673236029853313,0.008244052097788997,False
270410,29,-0.009762742711483977,0.011296201898728934,-0.03223835091069873,0.012859155848207746,False
270420,38,-0.0046871487641761585,0.011120466943881394,-0.02617787241568195,0.017688732291262176,False
270430,1409,-0.017307730804405518,0.008796701259949748,-0.03482549929243114,-0.0005739518713762164,True
270440,25,-0.004279724015387965,0.01148870372311853,-0.026326474217186056,0.019291939107589202,False
270450,49,-0.011100758522513228,0.011214244622429785,-0.03401591773713106,0.010960672090108307,False
270460,16,-0.00762746796766811,0.01121602802401802,-0.029448884646553014,0.014469046629651367,False
270470,89,-0.011923897413337149,0.010883031890286821,-0.03399219537253574,0.009316700040383066,False
270480,13,-0.008088964040918684,0.011122642390119343,-0.030532771284981133,0.014023582612259996,False
270490,3,-0.00755388557302655,0.011441502669035448,-0.030141215268370387,0.015683434254837356,False
270500,39,-0.007315497944565222,0.011333675862062204,-0.029838274528880274,0.01525171280839897,False
270510,47,-0.008086800465803071,0.01115440945455901,-0.030102114158169952,0.014379520202530081,False
270520,17,-0.008432555362940148,0.011337652160828306,-0.030807502004764568,0.01440339255387747,False
270530,9,-0.00860240901412498,0.011518214964586443,-0.03195098638471388,0.014293365975185221,False
270540,16,-0.005308536931009017,0.011286482592011144,-0.027460381885960297,0.018212315623751935,False
270550,46,-0.006572918901074746,0.011269670905103769,-0.029080105978919565,0.01583181289251115,False
270560,12,-0.008796449810922173,0.01138135267511072,-0.031387224126045964,0.013351716455186898,False
270570,43,-0.007610585020459196,0.0109457070520376,-0.029042674786864935,0.014428290952268092,False
270580,19,-0.004881815213839972,0.011057339856468448,-0.026455551776873226,0.0172421989499084,False
270590,10,-0.007257091083011134,0.011533937588320591,-0.03023790626945379,0.015250459187999285,False
270600,22,-0.009335837159684881,0.011280487716560737,-0.03151076377921264,0.013200569101551938,False
270610,21,-0.006498616332744938,0.011376039274443032,-0.029113372741174467,0.016156109144572318,False
270620,14,-0.009651087153137103,0.011375304984395746,-0.03259153861428397,0.013195300717873955,False
270630,120,-0.0070930393129866,0.011157316329114465,-0.029179531422147742,0.014816476896332562,False
270640,43,-0.008292437849606631,0.011479602020643164,-0.030680589296320185,0.01504090627246017,False
270642,22,-0.00756332242140188,0.011406511585384948,-0.03035895216277918,0.015300997986067504,False
270644,23,-0.008041120067694547,0.011286790335442751,-0.031318522174095004,0.014509635824787877,False
270650,20,-0.0038459645967173347,0.011451777985234399,-0.026012431554460806,0.019659833373737393,False
270660,12,-0.007553209526258226,0.01139136246123096,-0.029797247968756883,0.015008276830094825,False
270670,100,-0.00910513431777019,0.011075627267262866,-0.031371287886435194,0.01268035368460362,False
270680,25,-0.006403263023679303,0.011369532465123455,-0.029263855766373387,0.015986698072129345,False
270690,49,-0.012462283490851342,0.011142785054344729,-0.0348674550324483,0.008760257666807396,False
270700,3,-0.006605422318385636,0.011334929276219069,-0.029254475889210495,0.01626390834844566,False
270710,39,-0.008875856510632451,0.011311582866668151,-0.031843654634427836,0.013358967234115681,False
270720,26,-0.0059048239044591855,0.011274007272243808,-0.027851016129965274,0.016549235068077348,False
270730,28,-0.01258072326418245,0.011317825392938189,-0.03614024965092844,0.009368143510803643,False
270740,10,-0.008260589379184034,0.011655875190933064,-0.03104496443264057,0.01511649521005516,False
270750,28,-0.007389047249879406,0.011161506075748426,-0.029715219424062404,0.014722684978219863,False
270760,12,-0.00863943904782141,0.011411092931459761,-0.03127205064784209,0.014396931140383581,False
270770,124,-0.004020104617539008,0.010924593391832955,-0.025161999082339254,0.01810179593186584,False
270780,14,-0.010629606207148472,0.01160889657502706,-0.03417970212395419,0.012018215396358766,False
270790,11,-0.008657263756147544,0.01103185397403064,-0.03094098159088768,0.0130940841899072,False
270800,88,-0.008059180286331956,0.01091312933770246,-0.02997331766433712,0.013973782318951376,False
270810,15,-0.009206156657987574,0.011431609256504322,-0.03137185950329705,0.013157089971063754,False
270820,8,-0.009051731238741463,0.01127283631903521,-0.03140461980969042,0.012983463299152474,False
270830,37,-0.007563224123309347,0.01140068325373297,-0.030765693564725072,0.015201161182741554,False
270840,70,-0.008794658550237764,0.01105671726543616,-0.03038802958145962,0.01265407821188203,False
270850,44,-0.004031963117598758,0.010991040146573103,-0.02556954859454115,0.018266448493033285,False
270860,77,-0.01141475100623549,0.010728903758909577,-0.03350009849252325,0.009542049250284058,False
270870,13,-0.008597903278395724,0.011458570028695705,-0.031303888214341526,0.013770609181883638,False
270880,51,-0.0062419999006408135,0.011054704544251323,-0.028163173471213568,0.015828398547308636,False
270890,23,-0.007038135596925009,0.011146713410374862,-0.029327391820664316,0.01521325985565765,False
270895,15,-0.00847019442023599,0.011549492329433976,-0.03110159089974151,0.01428756434498883,False
270900,15,-0.005747802801547814,0.011601907266903362,-0.0283292509754547,0.017721599830198925,False
270910,30,-0.005232396395702967,0.011287502156327869,-0.02695161618948346,0.01719524836514052,False
270915,50,-0.010447415945852443,0.011198017942671952,-0.03320544722696893,0.011355807881063863,False
270920,44,-0.010507799047873776,0.011072557991878392,-0.032805500763855924,0.011333760932825567,False
270930,97,-0.004951619139737994,0.011020209315872002,-0.026227905757685965,0.016900021017712975,False
270940,30,-0.012159697596445267,0.011000241819313998,-0.03505765587487261,0.008339932143147115,False
280010,7,-0.009224919397107024,0.011406981172742236,-0.032547129212462195,0.013752428226984767,False
280020,29,-0.009626390354851317,0.01119275353153108,-0.03221016072051203,0.01224512719074067,False
280030,1140,-0.011539429695208566,0.008826456616810075,-0.029339199591476774,0.0059962199391189784,False
280040,12,-0.007267163735599265,0.011403244579792084,-0.030043880382259348,0.015489798681523347,False
280050,30,-0.005344013509197465,0.011556332352299031,-0.027901525469689475,0.01789456677406429,False
280060,67,-0.0039496163143496075,0.011537501852252415,-0.02632013591217066,0.0188592254803746,False
280067,32,-0.007983685144570997,0.011406154492726526,-0.03090092284824562,0.015020227259659688,False
280070,13,-0.007682902962218799,0.011437009552949308,-0.030401886932220457,0.014545790204834975,False
280100,37,-0.008470703273466254,0.011102388659321937,-0.030761827152694,0.013457071060276255,False
280110,9,-0.007198530492061213,0.011540766356891385,-0.029701757906538655,0.016765365545926773,False
280120,57,-0.005893848699819115,0.011124818516240635,-0.027631444140696067,0.01656262495067093,False
280130,77,-0.005041897831884271,0.011098702039585781,-0.027009032767723942,0.01702230937404126,False
280140,38,-0.00616927469303153,0.011297455441857288,-0.028576810612848783,0.01653571894699098,False
280150,36,-0.011513563124968738,0.01099768480878554,-0.03410162617288204,0.010162541306477936,False
280160,12,-0.00862937262297856,0.011369978559647555,-0.03178523360700445,0.014287565206858688,False
280170,31,-0.007863616345525782,0.01138458793857686,-0.03100645961332094,0.014674106809644946,False
280190,0,-0.00751680504504157,0.01145407034124846,-0.0305375509744479,0.015823817619765316,False
280200,9,-0.009313810583807262,0.011405949925633336,-0.03261187848069847,0.01272168286513705,False
280210,126,-0.001639774640848895,0.010878787711023742,-0.02182533659838679,0.020806245236626518,False
280220,10,-0.0055388049820648015,0.011825133839487622,-0.029029029026559468,0.018674983505752016,False
280230,25,-0.006508979092689501,0.011310998288214856,-0.02830434996834014,0.01638110123029845,False
280240,17,-0.007419377446476055,0.011660825661288333,-0.03092241785490092,0.01590818833569187,False
280250,6,-0.006822510779469589,0.01185772640643453,-0.030426230639116984,0.017349183765141395,False
280260,6,-0.008806326099261966,0.011529879305162865,-0.03181000372447417,0.014392441211925412,False
280270,19,-0.006815154028940933,0.011650284591517655,-0.030183783572340365,0.016405214129642808,False
280280,25,-0.005765939245822797,0.011288434225318264,-0.027792575791291928,0.016685000984230407,False
280290,146,-0.008545334520209473,0.010526704011178296,-0.029427437167917226,0.012009283871016284,False
280300,72,-0.011370713505386583,0.011091196453253906,-0.03414596046942142,0.010050887641993566,False
280310,9,-0.007815119334528364,0.011168582041477193,-0.02987529628058934,0.013924054973736928,False
280320,55,-0.011122138532917655,0.011152997890926802,-0.03330620798059554,0.010867482963414414,False
280330,20,-0.009270990338831756,0.011362582884236425,-0.031678091682865804,0.012855511513265323,False
280340,26,-0.0057058121240242815,0.011483922719835686,-0.02774722274037291,0.01740186560992385,False
280350,148,-0.011886995154226278,0.010827882289493244,-0.03371955843664505,0.009251560677405393,False
280360,58,-0.008888756718094167,0.01084207077019802,-0.030302059163191192,0.012296843166282727,False
280370,17,-0.005167305576382105,0.011594640728709164,-0.027419149092184434,0.017800609163859858,False
280380,6,-0.008765078214061785,0.011562272037641543,-0.031542909242785015,0.01389071757938913,False
280390,25,-0.003924982660993208,0.011462831586680076,-0.02604948542236459,0.019102896015650857,False
280400,29,-0.007346882508581462,0.01130960138643418,-0.029570341393522263,0.015095620979135457,False
280410,13,-0.008386027544731453,0.01114420544211826,-0.030845640623161946,0.013843487786321123,False
280420,32,-0.006410081681457118,0.011497865564328032,-0.02938335062710574,0.01667742944433329,False
280430,16,-0.0060571601571752015,0.011527009945054609,-0.028513770503461516,0.01649377973646758,False
280440,30,-0.006944142918263398,0.01135678864565735,-0.029940153672894012,0.015334406433229458,False
280445,13,-0.007556981198146647,0.011660513642775797,-0.031027804559646203,0.01540831490133075,False
280450,64,-0.005573436359385622,0.010768142132364914,-0.026718860563663394,0.015991864173536846,False
280460,34,-0.007979079137574233,0.011318566074383966,-0.03047569414949562,0.014410117392585978,False
280470,7,-0.005788232924138356,0.011663701183744915,-0.028317695366880547,0.017425313042131137,False
280480,394,-0.006417531474202344,0.009740915465968458,-0.025346862648534398,0.013535300738595449,False
280490,23,-0.009993960890760066,0.011454923386760957,-0.032713648650078184,0.011923857708595833,False
280500,1,-0.007572398454477462,0.011658124425929589,-0.030499479871287583,0.01550254472611038,False
280510,18,-0.0105386173294517,0.011554029493059849,-0.03332149954289514,0.012562900377251952,False
280520,13,-0.009427671186519023,0.011727241684484207,-0.03263897407947482,0.01304338514745983,False
280530,18,-0.004789169418889625,0.01173848503817926,-0.027412104263103566,0.018565167889870594,False
280540,64,-0.0006304222120026967,0.011369930582826223,-0.02302017641431185,0.023037524410948952,False
280550,30,-0.006568164801580238,0.011081470129478199,-0.02873514151075767,0.015409109485312279,False
280560,42,-0.0070381091574813984,0.01113150991697052,-0.028754518604143985,0.015036850721978875,False
280570,50,-0.011495403298465599,0.011427171977384076,-0.0345210962051215,0.010290828665050667,False
280580,26,-0.005663631994805604,0.01144475303598116,-0.02820084452172469,0.017843791031506323,False
280590,25,-0.0076831689734860155,0.011077656412943499,-0.029725645347439468,0.014518257331217952,False
280600,25,-0.0068683692649943,0.01157608312731221,-0.0298056400129701,0.0157217918785632,False
280610,13,-0.005445157612587426,0.011307594291494126,-0.02705412075353452,0.01726436492080684,False
280620,21,-0.004968700649924975,0.011328039841255364,-0.026871765003743723,0.018323824661999784,False
280630,23,-0.00942291623010318,0.011493742802104544,-0.03255263746603434,0.012926804327162396,False
280640,16,-0.00729242637653684,0.011291262329682295,-0.03007464835086068,0.01504404329026012,False
280650,5,-0.006919017505012568,0.011481225840913867,-0.029292403123004056,0.016045509586468262,False
280660,24,-0.005588279014092771,0.011317819068033586,-0.027738305229035455,0.017258532611677365,False
280670,180,-0.012245401394564122,0.010652447382126309,-0.03387722753274946,0.007723222939832122,False
280680,22,-0.007685673652593423,0.011265651981549473,-0.03012988413492848,0.014264946234209694,False
280690,3,-0.0089297752974441,0.011592209629813076,-0.03151650124405526,0.013832398248437513,False
280700,9,-0.0077934542266313795,0.011436524239262138,-0.030430409668952496,0.01428193427258955,False
280710,48,-0.009284356549769586,0.011356990682689453,-0.032218345709831286,0.012734881138314245,False
280720,16,-0.005217652342281327,0.011474999622548809,-0.027786265566638577,0.018547422902942208,False
280730,10,-0.007825705393291407,0.011827348624230107,-0.03164831892419593,0.015505921529874738,False
280740,86,-0.007616084234641496,0.011185862497128427,-0.03019347912267553,0.01489521009743904,False
280750,12,-0.00687366599727565,0.011552472960719398,-0.029751594610467055,0.015774436788818104,False
280760,38,-0.009556751973418817,0.011256963470158457,-0.03209070081053247,0.012770083644673977,False
290010,6,-0.008368410843096264,0.01155411102472757,-0.030840076351777834,0.01501102319124207,False
290020,34,-0.010117657373768085,0.011145349113450958,-0.03233561170547284,0.011928188446961542,False
290030,35,-0.004376670049180581,0.011312975179212295,-0.026841000535924423,0.018813747050947648,False
290035,21,-0.009259284752526704,0.011117151814342098,-0.03128939309870428,0.012867282451922452,False
290040,18,-0.009806151588975855,0.01154853691317727,-0.03333107364866097,0.012659614870094054,False
290050,21,-0.012370165745270851,0.011221719341457452,-0.03549164352854343,0.008797133071635453,False
290060,8,-0.009261614486802211,0.011518437943809908,-0.0329314265127835,0.013604199788668883,False
290070,272,-0.008049830936468211,0.010218418143546567,-0.027937470225741567,0.012335144284095469,False
290080,37,-0.007318238131733607,0.01132116376536258,-0.030167500299152612,0.015196286241951766,False
290090,12,-0.007135164601160742,0.011655301732826391,-0.030608021436348255,0.016160708180379475,False
290100,56,-0.005501516729356865,0.011375076922945739,-0.028327034618267483,0.017230385750181175,False
290110,31,-0.008366226381453618,0.011194412692748096,-0.03111276462549359,0.013792116867514775,False
290115,32,-0.008459428021945187,0.011674128029584044,-0.03189435807486829,0.01509406634417285,False
290120,38,-0.007421380988305822,0.011643207039933014,-0.030240828913562428,0.01608313139483644,False
290130,21,-0.007070417841014722,0.01151714053359539,-0.03010064781799374,0.01566337456027423,False
290135,23,-0.010893791932038972,0.011566886213721043,-0.03411572408943386,0.011321524796967072,False
290140,26,-0.00819672709630374,0.01162337248593714,-0.03128170392823484,0.014379911589999801,False
290150,5,-0.007680051708952427,0.011447206049496747,-0.02980258821736792,0.015142399522324266,False
290160,16,-0.0058485937391841705,0.01120814205462532,-0.02820290210959972,0.016557008842480056,False
290170,19,-0.005010861640662112,0.01123746276985602,-0.026853474083838532,0.017790146523257618,False
290180,10,-0.008477375918580719,0.011522527618957341,-0.03127181150319569,0.014499982042979228,False
290190,19,-0.009607694117171365,0.011333334871032982,-0.03220524243929268,0.012008118961271706,False
290195,12,-0.007838039030388435,0.011425247690874728,-0.031048978610473444,0.014683373742181188,False
290200,12,-0.008140222862476836,0.011460170223423114,-0.031050566692387614,0.013965150208364521,False
290205,20,-0.0076422869589310854,0.011525016421167067,-0.030376851699591183,0.014872323144401695,False
290210,75,-0.010560237561564456,0.011225376546501587,-0.03273872976883259,0.011606705253604601,False
290220,17,-0.008718144947138868,0.01157642471798474,-0.031761863852576164,0.014289968126506574,False
290225,11,-0.006817875901765876,0.011059094501696703,-0.028318397838504726,0.01573179808410257,False
290230,20,-0.008953104006046224,0.011375548569492232,-0.03186513991595195,0.01330950175226941,False
290240,33,-0.005120751732087333,0.01125177820224022,-0.02706630787391207,0.01697478261621253,False
290250,21,-0.010961184189194813,0.011374646458458891,-0.03393633644437112,0.01063043481216231,False
290260,17,-0.007276782577470579,0.011250630749360259,-0.02946919774797823,0.014738238226010164,False
290265,18,-0.007997088899656994,0.011362436209441645,-0.030765386965344282,0.015027935178166434,False
290270,124,-0.006182505520775473,0.010729139309309431,-0.027579224109302556,0.01543828289354841,False
290280,54,-0.016524463549314444,0.011596619492343987,-0.040557313654037634,0.005077120091140224,False
290290,60,-0.00755275345613963,0.01099206973379167,-0.029481806839237956,0.014358793185420125,False
290300,21,-0.007966516424037848,0.01175062940660563,-0.031103361274057804,0.015526236727075936,False
290310,9,-0.005331235536977079,0.011498273911278487,-0.027764133179616467,0.017773741723786624,False
290320,274,-0.01937567290976505,0.010553432901947832,-0.0414582048990003,0.00024286322234306788,False
290323,17,-0.0075662709493565265,0.011395667178792982,-0.030274647801959743,0.014932960284124153,False
290327,25,-0.006984053457661522,0.011409242643677351,-0.029309256495708615,0.015765805907083503,False
290330,20,-0.008974704705315379,0.011467501078355175,-0.03160996037166748,0.01285204017740057,False
290340,23,-0.007511186195177819,0.011232852511712297,-0.029949585857855236,0.014711073594231235,False
290350,41,-0.012308640553281671,0.011185592427312901,-0.034474377672523676,0.00905111449012689,False
290360,27,-0.00517504841842718,0.011236517638363627,-0.027142179234464513,0.01752435062062999,False
290370,22,-0.008782321054577191,0.011134529138536927,-0.031235869359822494,0.012698678721538598,False
290380,15,-0.008048641201388656,0.011032568252824487,-0.029910701383944596,0.014011334366990383,False
290390,134,-0.011622762699155215,0.01100109376600254,-0.0335065585825584,0.009470403488214223,False
290395,14,-0.00720954772440578,0.011570922928853677,-0.029456230235686737,0.015541300122743983,False
290400,22,-0.00433681454969802,0.011472384425339778,-0.026450586002879306,0.01912492285312129,False
290405,23,-0.006160676534400687,0.011121776763535762,-0.02800378775451718,0.015654442292454007,False
290410,32,-0.008468228200289167,0.011372083481265843,-0.030930329872933312,0.014081818167490202,False
290420,16,-0.010182422218881436,0.011472053797244424,-0.03333796856954827,0.012110626473937255,False
290430,21,-0.007460697587215153,0.011651929436071988,-0.030980630602871602,0.015592460578011374,False
290440,11,-0.009642137458399836,0.011323270532734455,-0.032609507223133966,0.012992437918860518,False
290450,20,-0.005200427662128473,0.011485382936706335,-0.027683016365931217,0.017930797037266095,False
290460,83,-0.007640200448878383,0.011057014319511406,-0.029776178821029998,0.01414388575530852,False
290470,33,-0.005740392858946331,0.011473881787851891,-0.028087792529638642,0.017053146346866912,False
290475,50,-0.009638802035291076,0.011300616701227008,-0.03240391432795869,0.012496286593147245,False
290480,6,-0.00751904454826683,0.011427458431841491,-0.03015764945636054,0.015014352323528275,False
290485,38,-0.006589345686193683,0.011537693398493342,-0.02941253025047235,0.01625758426169909,False
290490,42,-0.009153713225384308,0.01126316515680648,-0.03188025194756358,0.012643845379571838,False
290500,27,-0.008227261359092443,0.011377285696980445,-0.030593105834634256,0.014135434707567455,False
290510,16,-0.00985515809340211,0.011562982790485624,-0.03345277053613353,0.013033010927716712,False
290515,9,-0.008265298765615464,0.011590542561534684,-0.031396052564716004,0.01428747703172492,False
290520,71,-0.00940882105116521,0.011000153930590248,-0.031148877309247525,0.012057974827184537,False
290530,38,-0.006870511271763447,0.011497454281881783,-0.02895896052807684,0.01578822900210739,False
290540,40,-0.012004044749764362,0.011338762186121287,-0.035573768595271005,0.009631259296615319,False
290550,20,-0.00600679661951472,0.01140324198492151,-0.02864013701160097,0.016387276130045977,False
290560,66,-0.0009440876393315361,0.011405216477469478,-0.02287720981933006,0.0222826799175707,False
290570,528,-0.00503039478927549,0.009514578909181656,-0.02349104197489332,0.01375771655100322,False
290580,87,-0.00914571684840314,0.010865276050841251,-0.030888351136375468,0.012763881782339837,False
290590,49,-0.005637289935874657,0.010811361166371278,-0.027050789907217956,0.01642177180478089,False
290600,139,0.00551792566935864,0.011020107648238953,-0.014595578876166337,0.0282723937007619,False
290610,12,-0.006431301109187749,0.01149801323519773,-0.028866171990689464,0.01674309070386161,False
290620,50,-0.005902493180074849,0.011219761249137466,-0.027555952064700913,0.016332848377221407,False
290630,55,-0.010535118081117676,0.011302534826789275,-0.03287876391394955,0.011254415950663415,False
290640,12,-0.007939707830741686,0.011508532615463496,-0.030829653881426812,0.014766124415302397,False
290650,153,-0.0074945695733573065,0.01050032389473843,-0.027861141327241927,0.01308361107100026,False
290660,13,-0.007568542940097827,0.01140185232893481,-0.030637779424105258,0.015008954667328543,False
290670,41,-0.012186641724214261,0.011151845101614316,-0.03467699748703374,0.009030237925109085,False
290680,67,-0.008068400860696583,0.011006825981093935,-0.029768264400577466,0.013117558229167466,False
290682,31,-0.007426281192121093,0.011387256281531656,-0.030083008632383956,0.014736612895081077,False
290685,13,-0.005676932336000159,0.011356410161682944,-0.0280252094404164,0.01701827169031559,False
290687,33,-0.00760487269277517,0.010944385257099693,-0.02907849015899074,0.013998013711231631,False
290689,9,-0.00776796527573086,0.011756664836236342,-0.030498147269825346,0.015679369413110725,False
290690,24,-0.011622323017543713,0.011122750884576971,-0.03448967184355451,0.010098673200587402,False
290700,16,-0.009876873079283484,0.011364948857195927,-0.03285853750768059,0.011730551974574321,False
290710,53,-0.013444597873154043,0.011220335027204606,-0.036230119029518046,0.007509603192333616,False
290720,169,-0.006614201209454539,0.010742027537765486,-0.02756492054035381,0.014512595465459152,False
290730,34,-0.003987343208505136,0.01115357066868972,-0.02542199656554525,0.01827908273298332,False
290740,4,-0.007762957167467337,0.011344412124038451,-0.03023847534011533,0.014636471176928808,False
290750,83,-0.009928875200168899,0.011048796856333329,-0.03237114134984469,0.011762358612341237,False
290755,11,-0.008455651424426178,0.011212420460615902,-0.03090095791666871,0.013746893720707835,False
290760,34,-0.009002354575105202,0.011496366090176895,-0.03189246936043913,0.013355133682793731,False
290770,11,-0.008188135989520284,0.011369310139891616,-0.030517026178298073,0.013756472708215945,False
290780,53,-0.0060837028152788426,0.011291506257601216,-0.028417949907113715,0.01673695515976197,False
290790,34,-0.008164455037933107,0.010961867508900124,-0.029689653134888038,0.013410056710370133,False
290800,35,-0.010862344969415913,0.011412211033266518,-0.0337384868244172,0.011330734997592665,False
290810,30,-0.005323887952628282,0.011282566109409316,-0.026564752051536925,0.017810865597042178,False
290820,29,-0.008930921979687558,0.011364444230249123,-0.03143339277298637,0.013380219427097021,False
290830,28,-0.002395219378140493,0.011530197276907671,-0.02483198531173087,0.020981979615167998,False
290840,84,-0.006388841400632827,0.011195109556901037,-0.028067785844794507,0.016152629494066123,False
290850,34,-0.01056811055836436,0.011324776232010326,-0.03377395829901328,0.011693754441425274,False
290860,29,-0.008617191599740148,0.01101595600651775,-0.0304368851982357,0.01315411707537098,False
290870,15,-0.008697472235375649,0.011196242778084299,-0.03082079785808313,0.013083935374969945,False
290880,4,-0.006879559073234892,0.01145948222768641,-0.028818031865366293,0.015967572410627528,False
290890,18,-0.006761632600315029,0.011509397317756095,-0.02933759069166083,0.015527300945863952,False
290900,5,-0.009561213332909319,0.01125690927147836,-0.03192929046275574,0.012437182499680302,False
290910,10,-0.009502437706544895,0.011356209477553477,-0.03223352910972673,0.012988753759151189,False
290920,18,-0.0055725531979597944,0.011189761538281693,-0.026760064817975757,0.017653213287066254,False
290930,47,-0.013731096888921214,0.011285578703767838,-0.036833541156807016,0.007799032778101286,False
290940,28,-0.006439186366164584,0.011351352572049559,-0.02939271287713806,0.016160228639479614,False
290950,10,-0.007860832562007598,0.01131719484666851,-0.030706268847067154,0.01445160719617378,False
290960,24,-0.009862822549336025,0.011451965124479123,-0.03246900044789664,0.0124494318017892,False
290970,17,-0.0070397836166101345,0.0111030434586774,-0.029266940169745407,0.015158870320851751,False
290980,82,-0.00845705575817141,0.010943697380483178,-0.029975979184008815,0.013145491944100363,False
290990,68,-0.007960632486129526,0.011351802433457686,-0.03023951316736543,0.014773222530892739,False
291000,20,-0.007655608865635469,0.011419240610264293,-0.030544832973511453,0.015077681098035589,False
291005,122,-0.007813878252860682,0.010963867655538487,-0.029860245896560507,0.013737279121064549,False
291010,9,-0.009826823513056063,0.011633400721298691,-0.03317507792275488,0.01316788254975208,False
291020,3,-0.00803808079257266,0.0114237087568455,-0.03063069951936429,0.014367773641036223,False
291030,8,-0.008196032071744479,0.011637690313596141,-0.03126607854577757,0.014666280543924375,False
291040,36,-0.013656678587344663,0.011242265399108815,-0.03691488640401634,0.007452685708037571,False
291050,69,-0.012809495640141163,0.011275125971196879,-0.03528950127206221,0.009167012855667594,False
291060,49,-0.008345044458098833,0.011059131898846924,-0.03038580383940683,0.012888967427401667,False
291070,90,-0.009878905636488276,0.010512289614204312,-0.030745936716419984,0.011019788782301327,False
291072,219,-0.0028214815325446523,0.010199490828864436,-0.022439839292192284,0.017730429051978476,False
291075,23,-0.009161772924944198,0.011251154184646455,-0.031627647676461104,0.013965373840179953,False
291077,6,-0.008310723881029498,0.011382889911889696,-0.0308248762099921,0.014135670983667815,False
291080,1083,-0.01515948653978236,0.008972144916984053,-0.033081797916585075,0.0020806011880124867,False
291085,36,-0.006142022269157177,0.0117201026589832,-0.029027402384068764,0.018121239219183835,False
291090,6,-0.00810900310992218,0.0113789960505958,-0.030955611975936593,0.014688997801467244,False
291100,20,-0.008267068090540739,0.011639778378224436,-0.03181133296789119,0.014232375179129099,False
291110,53,-0.012916296453679608,0.011424549340352525,-0.03656386696641311,0.008657253614426982,False
291120,58,-0.009011302668196724,0.011043516082716807,-0.030687578470752222,0.012636353892988526,False
291125,3,-0.008346627724109419,0.011276076755118604,-0.031026443688959675,0.01375855669835068,False
291130,14,-0.011480610807462295,0.011631607563987659,-0.03485278263974666,0.011004590722521107,False
291140,21,-0.011260159950441868,0.011763892271487194,-0.03509292931385947,0.011439822631724812,False
291150,11,-0.008686124414496352,0.011351562532436148,-0.031466462256482364,0.013325397440476481,False
291160,25,-0.005942216479511479,0.01133819805813849,-0.027859275726916075,0.0162123004636853,False
291165,7,-0.009895082430022767,0.011432496249911828,-0.03301946722647934,0.012848544007639837,False
291170,113,-0.004093073020524655,0.010928135142064463,-0.024849825887728813,0.018253111959432387,False
291180,27,-0.009663105431143584,0.011280635873872761,-0.03246667187259213,0.012231579053539315,False
291185,12,-0.00774601733285973,0.011438046925531494,-0.030578482340265438,0.015106109279794205,False
291190,30,-0.008614410469626977,0.011277314161323578,-0.03080139586509627,0.014325546883550127,False
291200,9,-0.009621777140194973,0.01159881538139926,-0.032738881504885305,0.013352462852713493,False
291210,38,-0.010947819438002332,0.011474877685837149,-0.03417944812083231,0.010831286667982078,False
291220,58,-0.011800222670013814,0.011381282087670348,-0.034902673726305,0.010407989109904632,False
291230,19,-0.005272827447022265,0.011494935591022047,-0.027574053717868852,0.017923866406931274,False
291240,21,-0.007586485200147156,0.011302679400210838,-0.02990403090795394,0.014910019630829784,False
291250,18,-0.00937578329268034,0.01165692915700629,-0.03209609063320167,0.013288835886146438,False
291260,6,-0.009046186196607246,0.01133762930178523,-0.03168249324806025,0.012635786647942812,False
291270,45,-0.012510739638014133,0.011295162045283658,-0.035569269300490036,0.009227463219738267,False
291280,14,-0.00945097680742597,0.011399717695350241,-0.032152759780728055,0.012958787688991058,False
291290,44,-0.007701420502626659,0.011324216185334152,-0.030907265002827124,0.014552971996020719,False
291300,23,-0.010480913208830274,0.011052807194507956,-0.03251203088936606,0.011148121692765252,False
291310,25,-0.006624728005221654,0.011423291205152532,-0.029001676763716608,0.01631134806922797,False
291320,61,-0.00818435990600531,0.011170209672080277,-0.030341666804177797,0.013506170635117118,False
291330,5,-0.009167369143835149,0.011583542069901928,-0.03250096265308003,0.01380443427028628,False
291340,15,-0.006066340090179212,0.011047203687174621,-0.028108858939904877,0.016452033298677064,False
291345,24,-0.0064849879682119535,0.011244320019304201,-0.028998253027470375,0.01594073925547967,False
291350,27,-0.008934260788727054,0.0114558971011982,-0.031944202681676526,0.01352829626831572,False
291360,388,-0.01433266295346975,0.009959687658566103,-0.03416904948225082,0.0045691203644577455,False
291370,71,-0.01204305492904386,0.010850462304861194,-0.033833507152033794,0.008681862655507517,False
291380,15,-0.0115782834663728,0.01143021978073397,-0.0348987294262705,0.010566455061019756,False
291390,75,-0.008506345880869091,0.010927467459045615,-0.029620695856121867,0.01293527967205264,False
291400,76,-0.01146182705409127,0.011218324237669261,-0.03404778810389601,0.010034579649236187,False
291410,16,-0.0062548940378526685,0.011603344952107146,-0.028678526570630396,0.01691938161658349,False
291420,13,-0.008104525345159616,0.011520652438106604,-0.03021926549740963,0.014944910626674739,False
291430,14,-0.007093277765979666,0.01142791191573694,-0.02930709589567682,0.016071113514098345,False
291440,46,-0.005668428129580579,0.011085977614625469,-0.027576520515975034,0.016482398059275913,False
291450,23,-0.0037572224712780185,0.011245373934183798,-0.025161304498320675,0.019327279952699974,False
291460,111,-0.010664276623850694,0.010792088623326309,-0.03183947378585696,0.010725209237367738,False
291465,54,-0.007635365000026311,0.01104357903315752,-0.029609729805745878,0.014074330978906426,False
291470,93,-0.008885487551963897,0.010853070363465797,-0.03073845743565428,0.012199379097012672,False
291480,438,-0.005190650736520826,0.009532454336922755,-0.023669541301418698,0.013792076267640695,False
291490,57,-0.008260409599235746,0.011070357936185183,-0.03025788544238626,0.013189068193645459,False
291500,25,-0.010869102473850702,0.011274504817919261,-0.03374324992175795,0.011316629527377064,False
291510,19,-0.009776564970954641,0.011159730095908404,-0.032237680423160914,0.011553769575994502,False
291520,18,-0.007971525014463375,0.01117937034617246,-0.030526673265834865,0.014336388333464253,False
291530,11,-0.0065904037923954824,0.011178203764533367,-0.028981207898005068,0.01595352400499737,False
291535,25,-0.009079448155154251,0.011477234637520164,-0.03140527227523958,0.013254474501795037,False
291540,10,-0.006092431388969715,0.011443300385174307,-0.029228181185222177,0.01649451274673061,False
291550,45,-0.005148244805375393,0.011629638326230375,-0.027647681297771398,0.017956741275688942,False
291560,109,-0.0034970061231982628,0.010903850339458336,-0.024107764358556345,0.018563659178786916,False
291570,4,-0.009747173326062768,0.011432228150026,-0.0323836849293613,0.012853415657415504,False
291580,40,-0.005729411806244321,0.011557069694787911,-0.02841644925871361,0.01748430641521341,False
291590,10,-0.008834124967218658,0.011451062426471089,-0.03166290467392387,0.013874845119368186,False
291600,13,-0.005605182143561894,0.011451409240711646,-0.028056140007336493,0.01756910541556741,False
291610,44,-0.009011798483385666,0.011335789555051861,-0.03182552162963481,0.012900367033277113,False
291620,26,-0.006381687000447458,0.011442563500117324,-0.029276606172061792,0.015994529988925258,False
291630,13,-0.008536265014647876,0.011558253466862093,-0.03190234594791501,0.014546694746841358,False
291640,161,-0.0140156356256241,0.010485315072649845,-0.03463850946147435,0.0059832432823441455,False
291650,51,-0.008327382225121964,0.011269440831098166,-0.030854956252170503,0.013807481858741056,False
291660,18,-0.0065688665387816725,0.01151515386347591,-0.02887217149505029,0.01612485456335575,False
291670,14,-0.009249383431783538,0.011237339557259246,-0.03186962893452612,0.0128988299517673,False
291680,38,-0.008092156985834358,0.01130993790513167,-0.03068294420930196,0.014106877289297904,False
291685,14,-0.008202775150509352,0.011066725270998742,-0.030363440225654,0.013703814247359308,False
291690,18,-0.011747923634222751,0.01110262788610088,-0.03417384547948067,0.009787744099419017,False
291700,72,-0.0031063215497153383,0.011118877325978393,-0.02460368943123949,0.01996678963898769,False
291710,38,-0.005647945979502435,0.011273417765610045,-0.028500459038489228,0.016678070136900463,False
291720,25,-0.007991121264897153,0.011643868435571735,-0.03200605049963047,0.014729497551390826,False
291730,42,-0.008259463539258088,0.011149649265802362,-0.030577279754500735,0.013755124002617818,False
291733,19,-0.00805262788584645,0.011282749246887493,-0.030285700741981003,0.014411950043475863,False
291735,13,-0.005859476290171467,0.011429547620950444,-0.02822514469625264,0.01711292550303443,False
291740,18,-0.007003931576424142,0.011220552831140007,-0.029396621267199257,0.015170607428364772,False
291750,122,-0.00959707579094369,0.010862108367894854,-0.031559193425484924,0.01181363687616947,False
291760,80,-0.012590130963891352,0.011186086816702323,-0.03524476377824796,0.008612134054078577,False
291770,46,-0.006806199878723482,0.011284848706421768,-0.02861577164214544,0.01584651901390817,False
291780,34,-0.006720338641356288,0.0111874803421449,-0.029044301536389653,0.01592732709393193,False
291790,8,-0.008637712073223707,0.011472788947585931,-0.03109782539965531,0.014099924552774083,False
291800,268,-0.013468877422490913,0.010190710075432036,-0.033998207998889335,0.006141346746365685,False
291810,50,-0.007943888836305712,0.011296857186904076,-0.030709314400987217,0.013943843156248989,False
291820,16,-0.005587366777311293,0.01156285609523261,-0.028374821412093843,0.017543315452984272,False
291830,27,-0.00959500148994557,0.011194575879947868,-0.03193863867994939,0.011842321668385905,False
291835,44,-0.0040790936400626815,0.011015776442725675,-0.02525044985829821,0.018763268894039863,False
291840,557,-0.009106453240717849,0.009531072966559011,-0.027970888714319186,0.00941609244849423,False
291845,12,-0.010371982186723187,0.011525432764901264,-0.03384165681833786,0.012277279998643259,False
291850,32,-0.012951692093149813,0.011325277743245599,-0.03575606152981049,0.009004678818830426,False
291855,15,-0.009369616537554977,0.011393086576132678,-0.03251543366911196,0.013730420429649646,False
291860,8,-0.00937102954071031,0.011821704818670713,-0.03219400326602239,0.013733967940702706,False
291870,4,-0.009544503877274955,0.011342302720378648,-0.03218482960338827,0.012819750940119487,False
291875,11,-0.00872580886095022,0.01140744662835443,-0.030799863555873313,0.013273622985074264,False
291880,38,-0.0057457717130088536,0.011468316128955896,-0.028737755396899677,0.017621455895515968,False
291890,3,-0.008014582413914144,0.01134968707039312,-0.03105877263558193,0.014568574773708027,False
291900,4,-0.007138879788300548,0.011413620211170122,-0.029755721914576292,0.015054930311685725,False
291905,6,-0.007103286593544626,0.011866310143851913,-0.030812620785407797,0.01638028336382383,False
291910,9,-0.007504485600025885,0.011591233058613818,-0.030663469293856452,0.01626294773568946,False
291915,52,-0.007254367061335059,0.011178027891117817,-0.029426395146940454,0.01486564220953423,False
291920,307,-0.0020908019455036027,0.010139281255564537,-0.021532219577262406,0.019122988887067736,False
291930,19,-0.009220278047300384,0.0114979713503431,-0.03276523571961895,0.013047309372883141,False
291940,10,-0.010187712203040142,0.01153373402886848,-0.03364281496528639,0.012237984187837846,False
291950,48,-0.009937544252375686,0.010888910460156689,-0.03227711689129052,0.011060453809481594,False
291955,176,-0.010043386311571619,0.010499855918234081,-0.03133702232511452,0.010282123334232288,False
291960,15,-0.006636943177782474,0.011636756634583096,-0.030008187391290023,0.01692221081609376,False
291970,30,-0.009240647602084855,0.010989567586836566,-0.031926062727739124,0.012547041189387924,False
291980,73,-0.010158068448882675,0.010749141783642406,-0.03200235875567938,0.01050235534527933,False
291990,13,-0.007827099659823693,0.011378355040431887,-0.030597613900463106,0.014739791987957896,False
291992,37,-0.00920407872114089,0.011170765917552523,-0.031799378175699514,0.012428031668979177,False
291995,13,-0.008414171121059218,0.011259101885407756,-0.03030275332945939,0.013607953689377438,False
292000,10,-0.005504079964956205,0.011338612358205427,-0.027384371462454787,0.017061418942021837,False
292010,23,-0.011686354892145622,0.011458598674258877,-0.03499525099745272,0.010392315418124914,False
292020,20,-0.007206304616503432,0.011216506829373243,-0.029746797082890623,0.014815663277204384,False
292030,4,-0.007702349156098599,0.011397006120181906,-0.030324706103897217,0.014810213877741058,False
292040,22,-0.006503098123246773,0.011548458234705256,-0.029525062130495296,0.01580940462033166,False
292045,9,-0.009008775755783568,0.011546533178632207,-0.032483815199667934,0.013852240813896837,False
292050,46,-0.008092405932212188,0.011324281898864282,-0.031095223743923036,0.01471218991934491,False
292060,49,-0.010371477200610065,0.011127691273107653,-0.032480276504408837,0.011119105043390535,False
292070,32,-0.006092127226492261,0.011340007540258155,-0.02857692380469874,0.01686290406519146,False
292080,9,-0.008175299318378123,0.011203145377505271,-0.030075956601163932,0.013823273771641503,False
292090,16,-0.007324932732920361,0.01123272033181307,-0.029581369504071642,0.015639645507521924,False
292100,84,-0.006005807571814915,0.010629753412136332,-0.02672828299805683,0.015043869043419946,False
292105,16,-0.006484455275096373,0.01158036509372939,-0.02965635076669869,0.01685277460827986,False
292110,25,-0.008482074822707207,0.011273070684527013,-0.031088457149231,0.013541504973591955,False
292120,43,-0.006708470997489528,0.011292361385032363,-0.028950382242746965,0.01574437223664763,False
292130,17,-0.0036344981241054728,0.011544857208408595,-0.025242944926769012,0.019806042809389506,False
292140,32,-0.003131202376776308,0.011220258386316292,-0.02438549694383835,0.01955021307710085,False
292145,17,-0.008640427861808238,0.011157983617284171,-0.030669070471764672,0.01269482224904427,False
292150,73,-0.006476263323797499,0.011015649687965288,-0.028422479880257884,0.015461841749365084,False
292160,14,-0.007826102666428775,0.011476862773891282,-0.030094436107983267,0.014695319762354886,False
292170,55,-0.007208640528637825,0.010900350472632013,-0.02878236785634815,0.014548175710261672,False
292180,12,-0.008479633930985879,0.011527665110757507,-0.031491363610918574,0.01412469345123272,False
292190,26,-0.008153465581792765,0.01123175106783559,-0.030226734484985314,0.0140165074493652,False
292200,41,-0.0023510549397085154,0.011229256015564815,-0.0237068855446422,0.02050545358487207,False
292205,34,-0.009145994237904062,0.011296667218828195,-0.0323541651713532,0.013462684808131379,False
292210,13,-0.008534735795104092,0.011404692322288494,-0.03098323310699223,0.014073928625548194,False
292220,12,-0.006574445294175867,0.011374126810245936,-0.02872238380381214,0.01613115251537226,False
292225,23,-0.008005960906068931,0.011218949113544539,-0.030135270884263446,0.014041899573020515,False
292230,49,-0.008820202233243604,0.0115035142206853,-0.031623659969469725,0.013786130305881269,False
292240,32,-0.007355271645802857,0.011418813717235302,-0.02999272771195962,0.015511988679674116,False
292250,45,-0.009495784508397484,0.01102736081314397,-0.031528397890716105,0.012674294365415135,False
292260,27,-0.007752973102734425,0.011248452381543357,-0.03006366045975254,0.014597249231474348,False
292265,12,-0.00976128980550357,0.011497495427340444,-0.03317047185169159,0.012458847663321306,False
292270,29,-0.009400901980980557,0.011428158671377307,-0.032470418111792125,0.013075497746895835,False
292273,9,-0.004079056118678176,0.011978164258652535,-0.02767130701369929,0.02061280087660857,False
292275,8,-0.008089235345221603,0.011062977919203448,-0.03040817475680699,0.014051404756369679,False
292280,17,-0.012529717900319504,0.011635909607444747,-0.036455215883840354,0.010114580916901851,False
292285,17,-0.007617078132386624,0.011413118547608335,-0.03026756207036218,0.01484809801446028,False
292290,70,-0.009888388130807021,0.011174038734763596,-0.03228364482369303,0.012032680490258126,False
292300,59,-0.007649240337950993,0.01116595970253577,-0.029628172096589536,0.01510948045581599,False
292303,19,-0.0048575723416926925,0.011745897966503861,-0.027686591069349877,0.018404799911412716,False
292305,15,-0.008017566526397069,0.0116511121386864,-0.031573564994268374,0.01491231734435008,False
292310,32,-0.01078902519240512,0.011318827928384855,-0.03350265757992081,0.01095145312421017,False
292320,25,-0.010782314604910522,0.011307484073022789,-0.03366510743946833,0.01127677752308048,False
292330,8,-0.009660841455862245,0.011382543176944348,-0.0327056772291858,0.012325209011592548,False
292335,26,-0.008167168917590017,0.011053898670983053,-0.029835647727692715,0.013693522808059747,False
292340,29,-0.008952467402443888,0.011133346883023337,-0.031033278879934977,0.012490238948658418,False
292350,21,-0.005985911495953804,0.01153437819279134,-0.02857256566064715,0.01682760963010409,False
292360,29,-0.009357681034337177,0.011335046626017213,-0.03198342227048085,0.012883745955756667,False
292370,66,-0.009634989414058118,0.011027044401067632,-0.031444155200636814,0.012046228001440708,False
292380,40,-0.012863689179546146,0.011028348393917965,-0.03542892124389805,0.00815942058651696,False
292390,19,-0.008311148211212099,0.011578758283542127,-0.031445531807953196,0.01406542378377113,False
292400,205,-0.015181213862812553,0.01064209398247724,-0.03722044791704327,0.004810194069407585,False
292405,14,-0.006047848924013941,0.011585283732141927,-0.02953619971273839,0.017998487369581793,False
292410,10,-0.008815161507917876,0.011411239237232373,-0.031607255970090495,0.01354136797134663,False
292420,13,-0.005617145178706863,0.01117009526424669,-0.02731706118131244,0.01683269813071519,False
292430,36,-0.012769192734989677,0.011323127508534736,-0.03579383841567001,0.008669069692056417,False
292440,55,-0.004849975412499548,0.011085107111107802,-0.026101702560393236,0.01763633555775581,False
292450,13,-0.0063504157043278485,0.011166738406024888,-0.028385209093324967,0.015936734302081285,False
292460,32,-0.007088503368889379,0.01126537981864981,-0.02912550658644791,0.01565920553737307,False
292465,4,-0.008397581408286533,0.011674115664486381,-0.03161738853254888,0.014901857126784624,False
292467,18,-0.00760370462966217,0.011257773514654226,-0.02933248305964547,0.01430541045247132,False
292470,4,-0.007553588232166588,0.011745431818984887,-0.0311564363993566,0.015667522519881526,False
292480,28,-0.007778982243653483,0.011361224464587148,-0.030354385886568275,0.014105779579600347,False
292490,7,-0.009158473523716125,0.011518629170751561,-0.032291381142084886,0.012997091683712993,False
292500,41,-0.011874439662768549,0.011092895342344608,-0.033899053302148714,0.009324467838856706,False
292510,62,-0.008668376226034329,0.01098642885993169,-0.03091383364511644,0.013154496308341347,False
292520,59,-0.002469287069460016,0.011279249912202565,-0.024181884080221365,0.0211544471858792,False
292525,48,-0.01465539345672507,0.011311017426522789,-0.037937029248567705,0.006846169286717659,False
292530,269,-0.006863707035918518,0.01029676403207578,-0.026909526719442984,0.013334547076395073,False
292540,14,-0.007671997300349504,0.011210612162306783,-0.02978029929495189,0.01455518032279096,False
292550,48,-0.011508748452039655,0.01097800799181364,-0.034193549917106256,0.010546565391393734,False
292560,25,-0.009312677653108024,0.011303184328837666,-0.03145639487423465,0.012680510656247163,False
292570,16,-0.008516973500073178,0.011200633386866313,-0.03066403233135406,0.01347962348434979,False
292575,64,-0.006955722713709754,0.011094720295373294,-0.029137797100557812,0.01551168078279624,False
292580,23,-0.005853934740650618,0.011448322354317114,-0.028576911089211784,0.0173568572656487,False
292590,48,-0.005179257058566758,0.010992491850632873,-0.026757525962054315,0.0168111028049267,False
292593,8,-0.005739248165536593,0.011670361158390895,-0.028637127028546455,0.017639260168280674,False
292595,14,-0.01022961106034675,0.011359660983713118,-0.03269738903952207,0.012046690591719268,False
292600,68,-0.007418789208297465,0.010888423489444552,-0.029253422783248346,0.014306657111117518,False
292610,13,-0.006773018571940686,0.011433997381002247,-0.02884738960137097,0.015633469373657904,False
292620,32,-0.00821456449715917,0.01137864633116974,-0.0311242260724348,0.01453597093163341,False
292630,36,-0.007415612715549033,0.011222314002429066,-0.029618902135102404,0.014852016413805928,False
292640,30,-0.01067549673773475,0.011480867288838473,-0.033598271148562044,0.01142710123137527,False
292650,21,-0.008573997851911035,0.011421368041099776,-0.031054668144054158,0.014280143963450297,False
292660,91,-0.00751093163633348,0.010921942801376596,-0.02956756456265403,0.014423599228678675,False
292665,18,-0.009213663048699023,0.011560246516994358,-0.03279233197518273,0.013744472153158882,False
292670,14,-0.009099143450600799,0.011148990583869034,-0.0309380747233768,0.012561923842629559,False
292680,17,-0.008223912360280363,0.011348731526264534,-0.030802638164463124,0.0143428891352181,False
292690,17,-0.00978264059575271,0.011117586595306646,-0.03225134149494064,0.012178890616467855,False
292700,69,-0.007689694174667827,0.010965103831557172,-0.02921088115480574,0.013528343188695318,False
292710,19,-0.007387775308616219,0.011503168033970342,-0.030149971302187377,0.015544184492225157,False
292720,53,-0.008261618870199968,0.011042017401095044,-0.03031753354769848,0.013839614233174303,False
292730,31,-0.006920799959385054,0.011253526563256927,-0.02949738251916353,0.015242018732648414,False
292740,3938,-0.005086061854784888,0.008101005154986149,-0.02094514714935751,0.01109991752018826,False
292750,20,-0.007497794474855598,0.0112308200212038,-0.02979922922640305,0.014832104039923036,False
292760,17,-0.009238510333860656,0.011289144635132744,-0.03168505159640014,0.012662102382515198,False
292770,37,-0.00661965336282083,0.011227393298001693,-0.02832878993029406,0.015920098667708764,False
292780,7,-0.008308620981775844,0.011544274174169065,-0.031512784730572084,0.014088932822348304,False
292790,12,-0.008735489667959288,0.011540838389237081,-0.03147000611375938,0.013351193578525593,False
292800,53,-0.00886818864365405,0.011396945130070835,-0.0313972690042184,0.01354684590850813,False
292805,27,-0.009284178252388933,0.011393437986209336,-0.03233248251724327,0.013354321114584285,False
292810,59,-0.009348278565440031,0.011125248396239979,-0.03124864738550706,0.012872483848558103,False
292820,31,-0.008836132803611074,0.011305017951153103,-0.030810054691234115,0.01366662903508956,False
292830,6,-0.008982885657138461,0.011319838213343938,-0.031560368641808764,0.013142877620632409,False
292840,76,-0.010408719816884179,0.011059383736019916,-0.03259777187958755,0.011453576046544114,False
292850,15,-0.00836662862516198,0.011604825087530121,-0.031488290839797296,0.014846410866899737,False
292860,73,-0.004993633596842081,0.01092861577406142,-0.026140343876262514,0.017497229149638104,False
292870,152,-0.0067661175621952455,0.01065548741078585,-0.027619259551819247,0.013986154225524726,False
292880,60,-0.007556153219868675,0.010806708753571969,-0.02912597805913493,0.013841451409779885,False
292890,69,-0.009522002872652572,0.01095287383600543,-0.03100085246212844,0.011681061234638511,False
292895,10,-0.009521470312398842,0.011463330027128526,-0.03254197353617424,0.013167977406547585,False
292900,25,-0.006253459687709981,0.011201509735321335,-0.028445990668921107,0.015789792301960693,False
292905,23,-0.009889230807652936,0.011493964704819124,-0.0331338913908708,0.013022982444535178,False
292910,22,-0.007577903555999118,0.011253833487185476,-0.030009580725095922,0.014963799048574889,False
292920,54,-0.003747880324913825,0.01120748282306847,-0.025591226275900672,0.01954812490959893,False
292925,36,-0.006982501638153214,0.011058521984238992,-0.028358834927194158,0.01544284008264065,False
292930,36,-0.007635411415917938,0.011065327511628788,-0.029997173374222145,0.014407079334211354,False
292935,18,-0.009142855655627273,0.011190488613069876,-0.03144209245377901,0.012683279502249208,False
292937,16,-0.009312170781402375,0.01117659475399279,-0.03157191113569909,0.012476978044086515,False
292940,16,-0.008282551196810288,0.01156961492878962,-0.03163711251393642,0.01465242584453079,False
292950,55,-0.005977828318175993,0.011216829803626328,-0.02749223281644372,0.01652308312196364,False
292960,29,-0.006533966838146333,0.011293292713567346,-0.028961698821594092,0.015793901109827892,False
292970,27,-0.009366900737086516,0.011269847821058354,-0.03168189843175904,0.01310818643248289,False
292975,13,-0.007447384309642637,0.011111249235183243,-0.029268347673255514,0.014289935725106093,False
292980,15,-0.006767256434687512,0.011316466896793373,-0.029284273645402634,0.01584011248856039,False
292990,75,-0.00637173644630146,0.010995630822353252,-0.028058049430996088,0.015422597191404326,False
293000,15,-0.009741471615135165,0.011413906491751996,-0.03244019826824615,0.012773679335626932,False
293010,136,-0.014053309920863672,0.01086624742898522,-0.03698752412075217,0.006630840566833579,False
293015,56,-0.008951464869190275,0.010890676899046945,-0.03102571744918206,0.012462971550246288,False
293020,67,-0.007091958892855436,0.010868538388542669,-0.028914379604857935,0.014255149123340622,False
293030,21,-0.007433030205530976,0.011164507725122256,-0.02930579181807063,0.014298405391765565,False
293040,11,-0.009011680385416096,0.011414689209459688,-0.031808197158690175,0.013963391984250052,False
293050,110,-0.004456792074797174,0.010847583205827658,-0.02543802390241016,0.017307391361701157,False
293060,16,-0.006333072775878429,0.011561673743198232,-0.029470201838927748,0.016380059242947723,False
293070,218,0.001835725033555807,0.010579711756975963,-0.018059213617277824,0.02365678174598305,False
293075,21,-0.011153795680019025,0.01130908812507927,-0.03385454686767713,0.01114863625413737,False
293076,14,-0.008073698173034966,0.011507847506996374,-0.030632697372103303,0.014396389607714154,False
293077,55,-0.0026097466802082318,0.011109043539476263,-0.02360962956465425,0.020424104542909008,False
293080,38,-0.004435911687554391,0.011345453285923339,-0.026779796705780828,0.018720190826945444,False
293090,12,-0.005794260570437025,0.01152971182702306,-0.028603052980270924,0.01707880606949747,False
293100,32,-0.00969624596783427,0.011256652304098363,-0.03225080559814889,0.012684092076656203,False
293105,19,-0.010471377936366915,0.011122018251052333,-0.03289488244291705,0.011388011393490036,False
293110,5,-0.008767655189221724,0.011581383827883165,-0.031957552791821914,0.014354898780224222,False
293120,23,-0.0074450117798912805,0.011568141965793097,-0.03054306500886939,0.016020779260156815,False
293130,20,-0.01064425076747448,0.011049777803636201,-0.03309778168282591,0.010652956992087228,False
293135,173,-0.008571156076043644,0.010495595191298007,-0.02933588213546352,0.012023784159898137,False
293140,4,-0.008947627077162883,0.011479802624970156,-0.03227995028554111,0.01333298087936171,False
293150,25,-0.008576502653513273,0.01111197564474224,-0.03052312703301102,0.013518664442689994,False
293160,20,-0.0041282242751834505,0.011524140702429818,-0.02668133134747782,0.019416298066900223,False
293170,17,-0.00736357856626361,0.0111113063814285,-0.029766528563753496,0.015118164897290402,False
293180,15,-0.00820844568936962,0.011289697255388744,-0.031186258217485302,0.014497757149289773,False
293190,75,-0.011317329745843176,0.0109331892572373,-0.03380564704277332,0.009567625516378941,False
293200,49,-0.00934199225966364,0.011149281868456769,-0.03164206404478861,0.012337182615280077,False
293210,29,-0.008818922216403813,0.01161059892048629,-0.03117619632904306,0.013868405916884954,False
293220,45,-0.008509955235481273,0.01121894397109322,-0.030936912988902342,0.014073807990625931,False
293230,20,-0.007917000806061211,0.010986057457074297,-0.029880217637250794,0.013423543292448626,False
293240,16,-0.011464898484497455,0.011463556985341778,-0.03481108580439126,0.011069585075402283,False
293245,28,-0.005954571013839909,0.01123157904100119,-0.028197733296784086,0.01660790206832023,False
293250,37,-0.009377256987222835,0.011379556474056769,-0.032000978285544074,0.012931361021787902,False
293260,13,-0.005507743271564099,0.011188564752110127,-0.02696821870531082,0.016497670566512395,False
293270,42,-0.005872503979624751,0.011075306809007313,-0.027237460335056606,0.016223539474099113,False
293280,19,-0.006556155892573783,0.011310192360251064,-0.028923590744466213,0.015701893012673204,False
293290,214,-0.00177167678560355,0.010421763462848376,-0.021669101428716364,0.01956829903824739,False
293300,30,-0.010006961806269987,0.011035684674586788,-0.03246069654734606,0.011521579808169065,False
293305,16,-0.007294723174916426,0.01126404560800006,-0.02936032772546307,0.015760583371686777,False
293310,12,-0.007659154614380322,0.011278283139043879,-0.030373438173441732,0.015217587585388043,False
293315,23,-0.0054321115766076756,0.011803196898631964,-0.02818930161567087,0.018217568121165015,False
293317,14,-0.007954746360723108,0.011537068006785901,-0.030899936389996416,0.015317001536378194,False
293320,62,-0.009355727714373829,0.011176025209121586,-0.0319592816455218,0.012223219967164958,False
293325,5,-0.008669754703605335,0.011421218077151183,-0.0310163714239562,0.01375121887965071,False
293330,545,-0.010239539459957678,0.009545232166268883,-0.02983774496916193,0.008320810799129134,False
293340,8,-0.008548525485019715,0.011063066679142803,-0.03022671173598857,0.013249498945294955,False
293345,15,-0.008245663180804474,0.011250779117630458,-0.03041547174333177,0.01405387998446664,False
293350,40,-0.004367174764031281,0.01143791811877053,-0.027053665909301753,0.019045592567133326,False
293360,107,-0.006471119076079013,0.011002766508835962,-0.027973911604934645,0.014993863031592173,False
310010,9,-0.007612437627949289,0.011559275251660756,-0.030084367991548268,0.015591395164086096,False
310020,23,-0.004904506340511251,0.011352638092062587,-0.027062637524171207,0.017511630507980002,False
310030,20,-0.00791943180756741,0.011361018574997899,-0.030405715989204673,0.01433269952689893,False
310040,3,-0.008175473741649905,0.011464438245626271,-0.031136025006145245,0.01478942028506891,False
310050,4,-0.006210244024298489,0.011108509325470105,-0.02788244412963938,0.015399994772057548,False
310060,12,-0.0071687322681244095,0.011721042824913347,-0.030373730686376037,0.01563428933462639,False
310070,0,-0.008034298662125452,0.011664382052092559,-0.031052293809023527,0.014853868878775144,False
310080,2,-0.007564622667186957,0.011540376389746167,-0.030060903859749324,0.015006258040638347,False
310090,36,-0.010511776601315073,0.010903559458361314,-0.03323568844603467,0.010353469704393088,False
310100,19,-0.006853876447394276,0.01142010944513062,-0.02948074338990967,0.015361597533554386,False
310110,24,-0.007361199800114771,0.011396900474043343,-0.030128361159833222,0.015659880758992488,False
310120,4,-0.008169380916286705,0.01135027397425255,-0.030140801169344054,0.014398856336926998,False
310130,4,-0.008346126542199342,0.011752669673078057,-0.031692292997603407,0.015122994911322954,False
310140,4,-0.009737240780434956,0.01185596954704837,-0.0336504405726167,0.012780894085699315,False
310150,49,-0.008140141237740539,0.011115826974060146,-0.02960221984732587,0.014262434511342252,False
310160,74,-0.008680610879429312,0.011033847370541021,-0.030694143185399123,0.012991929029276084,False
310163,12,-0.0071729832101834635,0.011658622158666311,-0.02993248719168915,0.016706564932981286,False
310170,54,-0.008132211351192646,0.011154401481917976,-0.030079115488859526,0.014498858612081774,False
310180,8,-0.008040233187280737,0.01190477228693419,-0.03156958239658311,0.015754652427548657,False
310190,26,-0.00378782492509475,0.011253411123068779,-0.025225262717901088,0.019058996191625495,False
310200,11,-0.00710570564623493,0.011320937873376251,-0.02936214848899662,0.01585908361409145,False
310205,3,-0.008860182286138534,0.010979553984992332,-0.030813674753413452,0.012582579700226583,False
310210,11,-0.00978020608373236,0.011386465629143768,-0.0327282122670171,0.011708856358861493,False
310220,4,-0.008444952653956906,0.011594357190315001,-0.031160563531100458,0.01414793749347489,False
310230,10,-0.008384570348356884,0.011365417337727012,-0.03127981159970168,0.013571207234435981,False
310240,6,-0.007519608937811736,0.011676956300133772,-0.030948575579029983,0.015541732060144805,False
310250,6,-0.006635408599215947,0.011237494658854055,-0.02882757950285759,0.015568613454849126,False
310260,32,-0.007087525218497132,0.01110998368869101,-0.02972638314408388,0.015346058421714897,False
310270,9,-0.008197511870065418,0.011494542139045928,-0.031201678297350585,0.014797630880921247,False
310280,12,-0.006823822193163291,0.011785308992008326,-0.030592666454865438,0.01680120282886255,False
310285,5,-0.007509731171597443,0.011362234731957242,-0.02993028251042866,0.015488758896140304,False
310290,6,-0.0056162083789601525,0.011732077212514647,-0.028966531941076006,0.01786339166964238,False
310300,8,-0.008011267068523419,0.011228210609581476,-0.029997100928548685,0.014427713213203044,False
310310,2,-0.008464410423331343,0.01137521856471145,-0.03111361141471342,0.013813625605727058,False
310320,1,-0.00709798180099186,0.011682647327453697,-0.03009979692136962,0.01611909552249057,False
310330,2,-0.007443619611902995,0.011206679818563393,-0.029724603270555285,0.015114788674625165,False
310340,48,-0.014419979646367568,0.011315227535821502,-0.038125077443886,0.0062000191622478265,False
310350,120,-0.004815829739907435,0.010645314572936236,-0.025617781586098693,0.016729725387736757,False
310360,4,-0.006023492413927758,0.011474142613881326,-0.02894693246439734,0.016744899583814258,False
310370,1,-0.007630390578925204,0.01139206301878805,-0.029907431788677594,0.014801235194246445,False
310375,13,-0.00783741412655891,0.011495955465043454,-0.03066004584011186,0.015149092179267788,False
310380,1,-0.008173629880148641,0.01154987662027121,-0.031190670475746127,0.014426465381633839,False
310390,8,-0.008440938968371963,0.011396621043490525,-0.030634753030544342,0.013952944061996778,False
310400,133,-0.011049759774986526,0.010525682134708737,-0.03230358261653458,0.00947799036008354,False
310410,6,-0.005658944182004634,0.011154165812993213,-0.02714976434000891,0.01733481574452614,False
310420,42,-0.003799513892062565,0.011473629236808648,-0.025914125168613245,0.019515551489707583,False
310430,10,-0.007835778374384783,0.011418167263719248,-0.0302157234350344,0.014635493862803182,False
310440,3,-0.008392228639525441,0.011470576869961812,-0.03144877713607593,0.014108852425950044,False
310445,7,-0.007015182160969751,0.011424382179388756,-0.029484036936156175,0.015176090940910356,False
310450,19,-0.00647850186073545,0.011321398854869151,-0.028907743766547415,0.016126601996183144,False
310460,13,-0.00624389125458414,0.011510705752854945,-0.028761558461363107,0.016497564603287027,False
310470,20,-0.00799435269893894,0.011612068573617641,-0.0313739055293829,0.014902685265499819,False
310480,2,-0.006632398613260059,0.011774848109711473,-0.03004572908202064,0.0172564330227945,False
310490,19,-0.012003485132171159,0.011417558373279756,-0.03554485277663425,0.009925818190129124,False
310500,8,-0.009981133355350048,0.011659566295621386,-0.033292605872335915,0.012445066491131971,False
310510,22,-0.008710714433932013,0.011222197948660358,-0.0310372894064585,0.013243536226189265,False
310520,6,-0.010082916985293181,0.011663441936198159,-0.03317533720316203,0.012723211716934019,False
310530,9,-0.007855021062720414,0.011468563518368117,-0.030706746351044138,0.015054312168466796,False
310540,35,-0.007696471121273371,0.011323834378843597,-0.03045631687663041,0.014859319510362928,False
310550,5,-0.007986351820323792,0.01135237986704071,-0.030417276251117113,0.014331262526259575,False
310560,103,-0.005294554219872514,0.011048238136969132,-0.027486337482713733,0.017130964557047913,False
310570,1,-0.008130897578057707,0.011287255075264896,-0.03007027042673786,0.014477621142249649,False
310590,20,-0.007359674116982887,0.011279307421308185,-0.029564747548538786,0.015369783446356417,False
310600,16,-0.008892242491499098,0.011661979391603955,-0.032101830988082176,0.014900427526770992,False
310610,5,-0.009431185553460682,0.011616922231955712,-0.03288237855777985,0.013097951974039719,False
310620,2143,-0.0014520408952650857,0.008420556206890445,-0.0181457181329228,0.015484891998828926,False
310630,27,-0.0044881267684100945,0.011121446507395482,-0.026212194862130573,0.01762732288470646,False
310640,5,-0.007141105423283901,0.01126147094607356,-0.029577706896264048,0.015291557092663437,False
310650,7,-0.007364497432713846,0.011180585390112619,-0.029752307388202705,0.015001102249755571,False
310660,18,-0.010177496637927552,0.011434718091180096,-0.03340313394732076,0.01194163784135282,False
310665,9,-0.008503397270680205,0.011164547385794272,-0.03064137819315724,0.013458713198688495,False
310670,530,0.001647819222499678,0.009664041511215913,-0.016613514052718534,0.021030620849380014,False
310680,3,-0.00812418316035706,0.011357408304777588,-0.030678899701349023,0.013971718815959903,False
310690,12,-0.007622591483855485,0.011400484890748104,-0.030299941760467814,0.015128355080913756,False
310700,1,-0.007812738755859711,0.0115609923396749,-0.030602298973136294,0.014663763403637186,False
310710,61,-0.011256212668056226,0.011178276516069082,-0.033154193824658854,0.01065353440484379,False
310720,5,-0.006927821650351321,0.01134923899566454,-0.029688025062209505,0.016285342038846764,False
310730,53,-0.007461934985152795,0.01095998057357937,-0.02930427784245103,0.014035314784514268,False
310740,63,-0.008330447094405832,0.011085210545107234,-0.030077271702713255,0.013359083557347438,False
310750,5,-0.006450679110719652,0.011702932717376716,-0.02923357301194105,0.01694698731317862,False
310760,2,-0.007536661449848023,0.011838848521096786,-0.031142078924197285,0.015775879637197017,False
310770,6,-0.007919198151077217,0.01140582223525709,-0.02994908313661896,0.01511717711625112,False
310780,12,-0.007595501713605677,0.011181494110741466,-0.02953584482853881,0.014847879559660458,False
310790,4,-0.007439592522367033,0.011578886597531342,-0.03051298260300722,0.015508666852573204,False
310800,16,-0.008461927646993234,0.011505119356419229,-0.031906229665631364,0.014700776155335483,False
310810,6,-0.008198579676240766,0.011465127684975202,-0.030981672649936516,0.014404455733057472,False
310820,2,-0.00761869182503696,0.011591219174549135,-0.03046318153620454,0.015373264484861768,False
310825,17,-0.0038850714311124,0.01171189882300907,-0.026360989837421,0.020105507544967163,False
310830,11,-0.010322515888336456,0.01144107397578721,-0.03369556906207441,0.01147561043500662,False
310840,20,-0.00973793167148371,0.011436631527357577,-0.03251345451716324,0.012400310746781313,False
310850,2,-0.007854017961478414,0.011332784659172136,-0.03052068805220322,0.014592992638771214,False
310855,22,-0.006403459037214401,0.011312605469902664,-0.02924239557067372,0.016072050869372807,False
310860,30,-0.00863476188837577,0.011444438413662154,-0.031484087814936196,0.014084466830976802,False
310870,4,-0.00816092929712738,0.011412941862804473,-0.03135464316038226,0.014904812369912198,False
310880,3,-0.009131352764842868,0.01166985087561559,-0.032532754848201464,0.014532990160634758,False
310890,9,-0.006773985778258659,0.011266836387252092,-0.029312651190068293,0.015609437651310896,False
310900,33,-0.007948499383730597,0.011144452631792682,-0.029553157619476807,0.013498973206889886,False
310910,9,-0.008914137922502587,0.01178878553777891,-0.03198526438403953,0.014203817153611083,False
310920,11,-0.006812471124383737,0.011532906912506273,-0.0296566915056835,0.015867662096008112,False
310925,4,-0.00831269801661506,0.011946541939947897,-0.03204973893222736,0.015245154987845854,False
310930,23,-0.007041938177386269,0.01134991862749904,-0.029599798861771536,0.0157162966530016,False
310940,31,-0.009100640339938912,0.011272417754228777,-0.031766097051490784,0.01321102600034097,False
310945,8,-0.007511407909161258,0.011307694438841952,-0.03003232790517163,0.014900789979408323,False
310950,11,-0.00902119198296197,0.011568241591744782,-0.03275874807592435,0.013941280953922344,False
310960,3,-0.00789703378971423,0.011428783262545116,-0.030853160115375894,0.01475784829671527,False
310970,10,-0.008568434539381104,0.011567944789048603,-0.031658101648748355,0.01475003860419252,False
310980,3,-0.007042048980976572,0.011386643837111363,-0.02931088299176498,0.015597802345885151,False
310990,8,-0.00810827888106909,0.011221004234349763,-0.030687965802758146,0.013842080816819227,False
311000,38,-0.007103569774493114,0.011416592106088223,-0.030092689031081594,0.015917289592981138,False
311010,5,-0.007487967848187204,0.011681807220688697,-0.030703592124356693,0.01544115976726665,False
311020,7,-0.006901392673758353,0.011348819325014293,-0.02975409384283682,0.015575738182827844,False
311030,11,-0.006508278202180124,0.011815968058596275,-0.03014248447916548,0.016472831474182603,False
311040,4,-0.008446337728535647,0.011340880450558838,-0.031288908635676474,0.013810617631538045,False
311050,26,-0.007407604217482499,0.010921321991772615,-0.0287950688290443,0.014445047921116656,False
311060,20,-0.008342781472723463,0.011447296425175005,-0.03097053802787932,0.014255092242671403,False
311070,13,-0.010286886734884931,0.011482052155012348,-0.03323177393543875,0.011671646384377208,False
311080,4,-0.007536194854903405,0.011675689652118279,-0.031191091037476963,0.01576360312108195,False
311090,20,-0.008832249531608853,0.011708957792942664,-0.032220461696563736,0.013846096400318777,False
311100,14,-0.007581313552148379,0.011301578961494155,-0.03017036916289857,0.014476564291367707,False
311110,14,-0.008624695825993088,0.011317288412659181,-0.031184295841538298,0.01408844856436083,False
311115,5,-0.009581040075991573,0.011507968415665685,-0.03250717335186389,0.013196883818358898,False
311120,35,-0.008730415661630688,0.01099614802147325,-0.030582689925677354,0.012954079931748418,False
311130,9,-0.007224871990063067,0.011709851830610065,-0.030285935482976208,0.016479058546632636,False
311140,10,-0.007697623115765956,0.011585020984812466,-0.030373626025353772,0.015475983745365683,False
311150,31,-0.009326697467420876,0.011012667649754605,-0.03182622460207843,0.012862233355697982,False
311160,24,-0.007344190555062261,0.011356953635996123,-0.02991050509024654,0.015520810426924806,False
311170,0,-0.007792763833913251,0.011256712525133297,-0.029789724992643672,0.014568463041481457,False
311180,7,-0.007150344253824516,0.011437275278317872,-0.02965289670833381,0.015445327396065875,False
311190,0,-0.007638028354797253,0.011117825560944282,-0.02954113434340271,0.014468305828303288,False
311200,17,-0.008860621591156847,0.011048474530382574,-0.031154337489684346,0.012900481989793926,False
311205,8,-0.008511970549549877,0.011508404779616753,-0.03164116108392669,0.014290579678735,False
311210,7,-0.009687468438511954,0.011294080837000101,-0.03210402654300023,0.012122400311265333,False
311220,4,-0.008915639192280346,0.011467358788457156,-0.031666525448598486,0.013827969798642537,False
311230,39,-0.007887129733364095,0.011294213065550038,-0.03034696500557883,0.01445729544462543,False
311240,7,-0.008471551002053698,0.011484838299213087,-0.03147174051638057,0.013833985383271295,False
311250,12,-0.00770447728664065,0.011497701035123422,-0.030779071028293886,0.01468099830055703,False
311260,12,-0.008861095055206075,0.0115707936521935,-0.0319616616164711,0.013631788145168734,False
311265,2,-0.007276756652125754,0.011320298174702405,-0.029923785852220598,0.015289377262236226,False
311270,23,-0.010912040973086738,0.011560284103159336,-0.034172660857418054,0.011419736939829374,False
311280,11,-0.008490296975319191,0.011052674062226844,-0.0307422245803111,0.013341531752583081,False
311290,7,-0.007688091591522533,0.011482951333360749,-0.03078503283528923,0.015649005830973676,False
311300,38,-0.007788115874261699,0.011241267011623632,-0.03009286230136401,0.014571962973393637,False
311310,10,-0.008359299282916108,0.011526557245359954,-0.03141513569556292,0.0144025887243181,False
311320,22,-0.007016563373309322,0.01130698826009181,-0.029803872854276242,0.01571198473423741,False
311330,29,-0.01165963336437675,0.011291790423880938,-0.03419618822979263,0.010417154676109203,False
311340,155,-0.00842267269153646,0.010501748960259539,-0.028844065165893284,0.012550737469005922,False
311350,4,-0.006977112506905792,0.011458531537570869,-0.029766263915820396,0.01585005684351911,False
311360,6,-0.006749745413161527,0.011357772348467108,-0.028933831867564676,0.015824485281280012,False
311370,27,-0.0099697698434351,0.011522071028642793,-0.03324030092471965,0.012659573048346879,False
311380,3,-0.008830387931668881,0.011655194699238303,-0.032000899220836716,0.014262036465921715,False
311390,17,-0.00822888240792796,0.011360197766014742,-0.031050139610446947,0.014223678952998304,False
311400,4,-0.009202449505228184,0.011094356026253416,-0.0314265624335088,0.01278565069367541,False
311410,12,-0.009588750206457101,0.011625031406155412,-0.03367357356796835,0.012930038821967365,False
311420,19,-0.002971162652492158,0.011427806397859924,-0.024762710223144867,0.020025275083348098,False
311430,23,-0.00373089650318261,0.011380164070089268,-0.02580754586971129,0.01944143888328653,False
311440,17,-0.00776532084818248,0.0114757710623036,-0.03055456835658426,0.01532407380516459,False
311450,9,-0.008005264629600535,0.011266374231315214,-0.030431946541134316,0.013881189498589644,False
311455,5,-0.009959020158015214,0.0115275120179073,-0.03286649132804182,0.01261298096465661,False
311460,5,-0.0082995771164438,0.011637055427314717,-0.03159117621445467,0.015211632119211527,False
311470,2,-0.006953720002141335,0.011210480794901553,-0.028841661160958886,0.015526278700100189,False
311480,3,-0.00797036973631946,0.011695124332607443,-0.031219253549085498,0.015512136932837449,False
311490,2,-0.007689219103623321,0.011354969327888306,-0.030830647795683418,0.01457905409986183,False
311500,2,-0.006634800347362031,0.011521603866750024,-0.029566976346393676,0.01634085729274763,False
311510,17,-0.009269418301907507,0.011195846206610497,-0.03195712229744258,0.012598911747212557,False
311520,5,-0.005792603420654187,0.011572047514415406,-0.028564751276112278,0.017634923911587785,False
311530,73,-0.006017845114149259,0.011372203323961489,-0.028649573122672564,0.017050715221342404,False
311535,5,-0.006461481779784199,0.011454514343150216,-0.02847813414534361,0.01606315094782422,False
311540,3,-0.008256969652987878,0.011335301319959848,-0.030739086642200007,0.014160958322639009,False
311545,23,-0.00848435719087679,0.011618220100419388,-0.03207410889269889,0.01396913357199038,False
311547,4,-0.006714214565596213,0.011684473036487425,-0.029553419480796945,0.016392737040473095,False
311550,12,-0.006504363108829765,0.011582110114698708,-0.02867779101158632,0.016585406649111744,False
311560,2,-0.007262082157644898,0.011196423592615804,-0.029568119154637987,0.015179107452786854,False
311570,5,-0.007377763851289528,0.011351452139077253,-0.03038750644022645,0.014700632935080464,False
311580,7,-0.008640559136381891,0.01163916777656671,-0.03192838091337935,0.014050054141797457,False
311590,1,-0.00787938059336014,0.011415748672865773,-0.03050020525460486,0.013905812520639655,False
311600,7,-0.008528799764852088,0.01138681539365517,-0.03153014658297665,0.014251985834732733,False
311610,20,-0.007928967692422816,0.01153590479245972,-0.03047158319303827,0.01494957731824501,False
311615,24,-0.005876282005075732,0.011113046465359199,-0.02696332865831393,0.01687482378639944,False
311620,1,-0.007837630034865976,0.011357491947267285,-0.030396469723762358,0.014784670245066857,False
311630,2,-0.007959987607264322,0.011552913510784224,-0.031273548683242,0.014785158797456196,False
311640,2,-0.007815963503867027,0.01138756550482595,-0.031107880405739415,0.014780749702114175,False
311650,8,-0.006679179475259518,0.011591450862393795,-0.029235359394560012,0.016214402069937413,False
311660,24,-0.009486102454505261,0.011298504645119943,-0.03245138699543608,0.012806659157258942,False
311670,7,-0.010440374873849328,0.011378329840570996,-0.03341716679590939,0.011295340078100586,False
311680,7,-0.006007286597242755,0.011805472022711922,-0.029046278671736623,0.0176743944623422,False
311690,5,-0.006536644376755202,0.011604525351928578,-0.029176142625769126,0.01674327240204516,False
311700,9,-0.0067974049510465045,0.011396059947338352,-0.029485846348403268,0.016156122225799457,False
311710,4,-0.006908301650432519,0.011582045254567722,-0.029180858808529272,0.0163914571665591,False
311720,1,-0.008343376788503866,0.01156715753150891,-0.03141005525765045,0.014840964991746088,False
311730,29,-0.005427574343954644,0.01138816730626331,-0.027723506959795,0.017439968428330246,False
311740,1,-0.008003785085902286,0.011354277341931014,-0.0304409992045112,0.014348384348803443,False
311750,27,-0.005576940286106229,0.011235026547724743,-0.02774384631720759,0.016566995896030962,False
311760,5,-0.008468811726207412,0.011413194861128458,-0.031856586707744286,0.014090375887549083,False
311770,12,-0.006566553317801671,0.01160841934306358,-0.029332964761956522,0.016142899775578368,False
311780,13,-0.007932430644209208,0.011411693182977032,-0.030545332667455072,0.014914600940663308,False
311783,6,-0.009795375893676562,0.011228908394948441,-0.032342109027344086,0.01192684264023062,False
311787,5,-0.008662938170834283,0.011522734873562054,-0.031327141308580546,0.014043944861006763,False
311790,12,-0.007233189301472189,0.0117438616855953,-0.03088490522923299,0.01654058097685127,False
311800,66,-0.008388374185415857,0.010941999098156605,-0.029958933481062603,0.013226588247264191,False
311810,7,-0.008243684126511762,0.011395905009680704,-0.030778880486177825,0.014206848757805651,False
311820,6,-0.008777875012762327,0.011863323435051278,-0.032559357498866105,0.014619760484572938,False
311830,155,-0.0024783088578719885,0.010493191357957126,-0.02296383849074846,0.01893686983976579,False
311840,19,-0.00612229466810183,0.011191983453150135,-0.028014518778158335,0.016145899096296663,False
311850,1,-0.006988184541081432,0.01154892148337758,-0.02961923242747926,0.01627441657796958,False
311860,616,-0.002959770647847805,0.009341564355765478,-0.02094425522834384,0.015801769574616053,False
311870,11,-0.006589362057018325,0.011360810092111968,-0.029321543703539902,0.016038264730528794,False
311880,16,-0.010320960885534353,0.01130483484836709,-0.03291541006652382,0.011856895592865166,False
311890,11,-0.009599134340039589,0.011215445319115776,-0.032195172558113175,0.012244870387036994,False
311900,6,-0.007945054342179882,0.011628923757742972,-0.03110191253996515,0.015133212382454748,False
311910,46,-0.008386726833009233,0.01113608504293765,-0.03051381155479111,0.014482114654225244,False
311920,6,-0.007680474235367244,0.011412459772285336,-0.030129018152865714,0.014761578957618798,False
311930,22,-0.006916621483028609,0.011218121769606553,-0.029280528479751825,0.015916527106079832,False
311940,102,-0.00971622880400627,0.01122745179050136,-0.032371957236775724,0.012728374828664948,False
311950,13,-0.011119159958817354,0.011215400522960347,-0.033803396130518436,0.011302081464373257,False
311960,1,-0.008343102032229783,0.011248210803334902,-0.031125414468756968,0.014000369788924388,False
311970,1,-0.0069352008561742425,0.011061312784898442,-0.028387699660091043,0.015563147507559324,False
311980,3,-0.008145709067819517,0.011688118928311442,-0.031781970251405195,0.014578286046183716,False
311990,1,-0.008429289371140378,0.011606199621454583,-0.032012015398093466,0.013895312616737637,False
311995,5,-0.007018876712822872,0.011401703499960026,-0.02917792638986526,0.015934401690725356,False
312000,4,-0.006846818043831794,0.011541475289906438,-0.029396627714037043,0.01669909937865515,False
312010,7,-0.006660065801005997,0.011728877322037867,-0.0293986891795139,0.01734522820505753,False
312015,7,-0.00969502859663286,0.011779860255522363,-0.03346050879633445,0.013193941306150233,False
312020,12,-0.00650778948650873,0.011536616383765476,-0.02938110628436215,0.016373428734353854,False
312030,6,-0.007279683391284513,0.0113818545161024,-0.030012604162561664,0.015772812647077854,False
312040,5,-0.008702224992807466,0.011582814888124963,-0.032413985111428414,0.013898133027060127,False
312050,8,-0.008855622332883605,0.011617939968428756,-0.03193128297125319,0.013856227153108386,False
312060,4,-0.006592847761206023,0.011433188711371379,-0.02867178672753292,0.016012435235987773,False
312070,3,-0.00783164141280449,0.01143458743002479,-0.030909184542750778,0.014995621551695613,False
312080,13,-0.008268325029223113,0.011443467208757507,-0.03091131722306845,0.013951014630740034,False
312083,5,-0.006976449810708885,0.011546522531290154,-0.029764438625617676,0.016008637849581214,False
312087,6,-0.01010781212528653,0.011563246893259407,-0.033421896846293285,0.012799255788814998,False
312090,85,-0.010643022154491423,0.01072881731079,-0.03272365721198708,0.010291083760019692,False
312100,3,-0.0076378158675126945,0.011309065973395918,-0.03028424361585415,0.01523155952734123,False
312110,8,-0.00838502047379052,0.011410034217241315,-0.03136851368501277,0.01395810883386163,False
312120,4,-0.007036093110886159,0.011756837960172692,-0.030438919342155386,0.016309808988331346,False
312125,13,-0.007918883637281585,0.011543573132530724,-0.03099417002361272,0.014817440721079834,False
312130,5,-0.008353803356126246,0.011652931114203029,-0.03130133316177826,0.015093649179629395,False
312140,4,-0.008024662061325459,0.011559412349444817,-0.03082546403209195,0.01492539373502185,False
312150,4,-0.008853396970336666,0.011531134648763826,-0.031312140981217866,0.013832285987077596,False
312160,54,-0.0077161341652601054,0.011226634606014344,-0.030094521179221317,0.014981520054436915,False
312170,2,-0.00829952860811235,0.011552662252957464,-0.03170538342044724,0.01446284113572011,False
312180,6,-0.008071761288323303,0.011326883675527418,-0.030554165791333555,0.014272105170591543,False
312190,3,-0.00807471894974488,0.011249997581091901,-0.030679504832203067,0.014566393597790744,False
312200,21,-0.008999497174910009,0.011468289367998343,-0.03180717382075484,0.013833555916286528,False
312210,9,-0.008909168269777104,0.011809778096093224,-0.03259399197859885,0.014107222323572088,False
312220,16,-0.00935398681436986,0.01144113829911247,-0.032416797219119664,0.012866928952870052,False
312230,175,-0.006939096031502989,0.010436390034845835,-0.027306836184609468,0.01372010869445529,False
312235,4,-0.009166656736879416,0.011395542712989405,-0.03159759776995423,0.013067276866358429,False
312240,7,-0.008964845653415439,0.01137053621240146,-0.03158005140803269,0.0129711485424673,False
312245,9,-0.00804886573994409,0.011404725805015243,-0.029933318870796515,0.014024654498725113,False
312247,1,-0.008188932964985435,0.011471851782844473,-0.031333241191908445,0.014420966343706754,False
312250,3,-0.007796419251985976,0.01142921704664105,-0.030263026652612202,0.015288865593785271,False
312260,4,-0.007965449892747145,0.011810174664322014,-0.030774308833517987,0.01584228659549793,False
312270,2,-0.007487112708598698,0.011633218808830356,-0.030521044802778508,0.015475365289863315,False
312280,3,-0.007351149133962194,0.011424345824059566,-0.029520786298509898,0.015512588239679808,False
312290,9,-0.006872498695656105,0.011438323823172846,-0.029675224033232226,0.015663204465224293,False
312300,9,-0.0066270981484222065,0.011147966495404558,-0.028850924014471244,0.016292580108418334,False
312310,5,-0.008926556481250562,0.01147670338101026,-0.03197218598492757,0.0134762385321149,False
312320,10,-0.010073544708417728,0.01123933590269992,-0.03296187464101612,0.012147581313029693,False
312330,4,-0.007710702506942986,0.01153201597946932,-0.03052826261098099,0.015542850773936988,False
312340,3,-0.007826127684786357,0.01123557716942784,-0.03000154972834249,0.014562267241870581,False
312350,5,-0.008653148478384425,0.011391463745400643,-0.031497262358818945,0.013336400709677813,False
312352,15,-0.008377849568247539,0.010993220938212953,-0.030655187634171153,0.012674332595290445,False
312360,25,-0.00706590951407214,0.011376383518686826,-0.029507983395561304,0.01570505368862459,False
312370,15,-0.005586848400345134,0.011641883467618186,-0.028420051594671734,0.018223211600036125,False
312380,4,-0.00887996565261087,0.011382375268666292,-0.0315314639143354,0.013488066391603864,False
312385,5,-0.009025273258642268,0.01133027119074106,-0.03234793240910887,0.013761172325573823,False
312390,15,-0.00837018929338547,0.01159879125697073,-0.03103066575053268,0.014599675232019365,False
312400,19,-0.00901946336826462,0.011579258054547133,-0.03234821688760129,0.013399596820683358,False
312410,110,0.00038655029217028183,0.011141050190731153,-0.020679680549406172,0.02292288623779643,False
312420,20,-0.005283621356844819,0.011275756778770175,-0.027369097551469355,0.017258972403459142,False
312430,33,-0.007433973016189825,0.011234738014411952,-0.029926511165282187,0.015412930632142984,False
312440,6,-0.007303338827955148,0.01155419948319682,-0.030213252814789142,0.015630854859737957,False
312450,8,-0.006943412700992204,0.011159505637678696,-0.028933384569716798,0.0160429408768634,False
312460,5,-0.007736777531378588,0.011532518260250625,-0.030431411245832943,0.014894867361935835,False
312470,2,-0.008010798853539565,0.01119408136835574,-0.03049173027101644,0.014197131592045584,False
312480,11,-0.007808372509661304,0.011858288258498896,-0.03186562932427217,0.01577654140988142,False
312490,9,-0.007311181537310416,0.011389496957369096,-0.029931776733775794,0.015149121812981742,False
312500,5,-0.00718870046921866,0.01152270471978329,-0.029700968242107807,0.01612384008496343,False
312510,48,-0.005809879936554635,0.011201594495267472,-0.027721681867806384,0.01636289434151302,False
312520,0,-0.007904437132006698,0.011682706963282016,-0.030753684621832925,0.015051672285915096,False
312530,3,-0.007160598714915908,0.011237736890860895,-0.029325282638069102,0.015263235760839674,False
312540,3,-0.007919817630015143,0.011689295868368187,-0.03127600103022376,0.014987838835771658,False
312550,3,-0.008173646105128378,0.011650850424442845,-0.0318976194333051,0.014489283801085948,False
312560,13,-0.009679005034996116,0.011888572005406032,-0.03315349336144495,0.013902086704088032,False
312570,10,-0.009170196091741606,0.011531237090860926,-0.03204261345928874,0.012942812349856789,False
312580,5,-0.007300113765595394,0.011365787717025379,-0.029266841685087558,0.015053100950466811,False
312590,3,-0.007856010414028277,0.011282532165879032,-0.030268007857939958,0.014434270930170813,False
312595,9,-0.005542731172377941,0.011266627909271451,-0.027624069800816754,0.017132895134520806,False
312600,10,-0.0073364870814404855,0.011344397562157132,-0.02959206765717233,0.014754238636423724,False
312610,65,-0.01014355588662152,0.011087647085248098,-0.032698211546245026,0.011748140669254462,False
312620,8,-0.007424244443518485,0.011087399564826083,-0.029736180292973608,0.014976887634746352,False
312630,2,-0.008173330907372931,0.011486643831934016,-0.03110235448238486,0.014643471867207441,False
312640,5,-0.009098629699825203,0.011417114011500468,-0.03223537065343456,0.012761715090938826,False
312650,10,-0.00910718954773949,0.01188271368432711,-0.03266471388720952,0.014212747016845073,False
312660,7,-0.006643755387754232,0.011653018448934033,-0.029559616305586168,0.01642505060557505,False
312670,23,-0.007432150034764931,0.011041802800625713,-0.029065763891748697,0.0146599402524845,False
312675,7,-0.007903413509336904,0.011428228720147912,-0.030455697027494975,0.014479403402265025,False
312680,5,-0.006455179493675472,0.01161280950100381,-0.02955752621497461,0.017118426048777075,False
312690,12,-0.008025968195776586,0.011254759731880526,-0.030086617536748343,0.013732102097193813,False
312695,4,-0.007939112326788192,0.011391747443074772,-0.030296005635464432,0.014302519842192675,False
312700,13,-0.009230570954163285,0.011265468528002039,-0.032080175793443626,0.013120489958618725,False
312705,6,-0.006220880150590848,0.011549533448325188,-0.029332273038654627,0.016902674389895133,False
312707,6,-0.01006011787997196,0.011282763306408672,-0.03284589111290823,0.012073978140719978,False
312710,51,-0.0069882549276365025,0.010859501529830373,-0.02863479548121865,0.014532054503194138,False
312720,4,-0.0088159768376331,0.011509573856513872,-0.03190482854612244,0.013402864644769386,False
312730,17,-0.007983477270704744,0.011610754989551789,-0.031635813445767165,0.014546857778582908,False
312733,10,-0.011029728014675612,0.011656521196605612,-0.03404764211502075,0.010957140752690954,False
312735,4,-0.009104215441142711,0.011512236314083333,-0.03237566765801378,0.013475753679551615,False
312737,4,-0.007864381180201824,0.011392921281017468,-0.03054406875035059,0.014885340453587447,False
312738,4,-0.008039400733208744,0.011605211562158192,-0.031316518841290206,0.01480012840070303,False
312740,2,-0.008555207004583067,0.011667101439464313,-0.03164011877271785,0.015216067093892205,False
312750,12,-0.00784957168430964,0.011393541472759809,-0.03028496344448582,0.014621825308778752,False
312760,12,-0.008197487555595932,0.011217282398040746,-0.030267506066513617,0.013909102736719066,False
312770,424,0.004123725705596031,0.010218991537801444,-0.014811556829196876,0.024850542732329787,False
312780,9,-0.008024873296906964,0.01159627531633968,-0.0313163119760585,0.015512472756126895,False
312790,2,-0.008142441615699382,0.011096390796075436,-0.03017267779626527,0.01387447677671945,False
312800,33,-0.006493166676861351,0.011003636209295153,-0.02787563029517513,0.015167915111240358,False
312810,15,-0.009588230029076838,0.011505754740085233,-0.03251623286764856,0.013914301351245115,False
312820,11,-0.008613650434105226,0.011244910347765936,-0.030976150706751443,0.013644225361478713,False
312825,9,-0.010287735305960426,0.011246849822585073,-0.03289215402893744,0.011716979285464052,False
312830,21,-0.009547072935993002,0.011199320653535249,-0.03183746476919233,0.012772340480569076,False
312840,9,-0.005528429054787656,0.011744548194601264,-0.028601523304499235,0.01776090663771688,False
312850,2,-0.00780246359732439,0.011430653941868091,-0.030374320580617686,0.014679872451284642,False
312860,9,-0.007332053608543544,0.011663076666095193,-0.03060087976707787,0.015543453983392711,False
312870,54,-0.00860216657163627,0.010836975835566504,-0.03001540350246491,0.012771456902965569,False
312880,8,-0.00899321679276178,0.011435189723647859,-0.03216086764042292,0.01335913587926865,False
312890,10,-0.007122266341685348,0.011414308375369909,-0.02949006539965268,0.0155549992051277,False
312900,5,-0.008902419183843678,0.011567864852318638,-0.03183466793414849,0.013889345188104668,False
312910,1,-0.007222198519762507,0.011423814451872438,-0.029776451190984158,0.015669454400528228,False
312920,5,-0.0075642817485841365,0.011839457967171856,-0.030538590166893368,0.015744075006782585,False
312930,8,-0.0070527391131375745,0.011319190925083988,-0.029539831990583226,0.01538188599842564,False
312940,7,-0.009823428113136799,0.011683389294909073,-0.03285723641715962,0.013243564424763796,False
312950,13,-0.009509734815914482,0.011351144835282824,-0.03194360243344914,0.01276566496852702,False
312960,8,-0.006250515668623557,0.011676440266841755,-0.029451298863875566,0.01667675037391812,False
312965,8,-0.00778983760805043,0.011224648996196952,-0.03041263154015634,0.014624873026896712,False
312970,5,-0.007560471655472884,0.011391289383808356,-0.03005651931347143,0.015355847325933104,False
312980,210,-0.0033681593405221603,0.010450530899247957,-0.02381435772954063,0.017495546834225405,False
312990,2,-0.007327590164560065,0.011282486533848432,-0.029881496002518028,0.015492372765487853,False
313000,1,-0.008308627252829614,0.011270187510305377,-0.03087146763023063,0.013325370788715717,False
313005,8,-0.009611898194538565,0.011878061879292844,-0.033792365873915854,0.013914465281972623,False
313010,51,-0.00842281651715894,0.011134237728822565,-0.03045960120609495,0.013595838809506768,False
313020,16,-0.008083018191660577,0.011444955072227855,-0.031118580143462606,0.014878160000223843,False
313030,8,-0.008396916262294739,0.011366385965421891,-0.031026111000519618,0.013770749784948974,False
313040,6,-0.00560241344299132,0.011440729633054246,-0.027833549088255208,0.017151781350567552,False
313050,8,-0.0065245150374862405,0.011101954818941698,-0.027824118702691344,0.01549793359830334,False
313055,14,-0.008649113212177074,0.011096313018090618,-0.031213787592494453,0.01315699663282188,False
313060,8,-0.009712024840308786,0.011711365768394209,-0.03367717100229133,0.013538545474033228,False
313065,8,-0.00797490762356771,0.011331705480900364,-0.030132760054177494,0.014317642856619798,False
313070,5,-0.007901465337540818,0.011431534525054115,-0.03012738805930131,0.0140948426060484,False
313080,2,-0.0083298017078193,0.011435090471638175,-0.031271058863598766,0.014133397086504216,False
313090,17,-0.00831908929931437,0.01138346663292638,-0.03104208043745098,0.014571770480027816,False
313100,8,-0.009311287903066167,0.011630087321462541,-0.03216259375683104,0.013445173697420104,False
313110,11,-0.009468606900213568,0.011504893979949417,-0.0330474299712505,0.012959032847251778,False
313115,15,-0.009262856592466624,0.011265574752514275,-0.03196622175736177,0.01267735063662595,False
313120,17,-0.009351251422193277,0.011124306452157291,-0.03129712945090152,0.012136065142948906,False
313130,193,-0.010967041211157337,0.010419918539414869,-0.031762223452841354,0.008771001420445125,False
313140,1,-0.00815778439894947,0.011615670319896377,-0.03126850848552792,0.015276646675386266,False
313150,7,-0.008728237078213892,0.011090879635888888,-0.030597813838043844,0.012864915372620328,False
313160,12,-0.009961224045040417,0.011405327964594716,-0.03320330230033901,0.012431199738702025,False
313170,109,-0.007351884339612993,0.010444270524864746,-0.027437711660485312,0.013119078969923382,False
313180,10,-0.009594363339393851,0.011483595458235067,-0.03249580292941167,0.012879452439396694,False
313190,48,0.0006495358544915098,0.011348055540065256,-0.021260702095185963,0.023915565877148822,False
313200,2,-0.0063257824652943025,0.011599636737721561,-0.028927744460575684,0.01693432352855146,False
313210,31,-0.0068764100630714494,0.011367807240462494,-0.02928046624960855,0.015856183188152104,False
313220,15,-0.01202225017012239,0.01138174944151854,-0.03572985128095529,0.010031343587192,False
313230,26,-0.008523136123210595,0.011231655701862518,-0.030771289973843215,0.013755051678475209,False
313240,90,-0.00179938167209586,0.011152660490330844,-0.023063803500109736,0.020649683930977485,False
313250,34,-0.009212072411234246,0.01140393166175854,-0.03215818025412106,0.013419455891929563,False
313260,3,-0.0076744586230088705,0.011369799439299411,-0.02960533684125635,0.014870493256140292,False
313270,37,-0.0062189356503365555,0.011302447620343038,-0.028837270779003953,0.016317991577935866,False
313280,2,-0.008629609906682201,0.01202268964577195,-0.032617989055915515,0.015547338870039049,False
313290,11,-0.007117046853534993,0.011374660461342341,-0.029453122439973212,0.015226376378387438,False
313300,6,-0.008490211829361737,0.011520389972770138,-0.03167337277005029,0.014575950781902314,False
313310,12,-0.008614566915648247,0.011254748537305757,-0.031004794019505982,0.013834369189633896,False
313320,10,-0.007631134553773834,0.01133588495490067,-0.02980978006994474,0.01499174095152999,False
313330,21,-0.007426283476841186,0.011394645960181348,-0.029495064818580954,0.015005142736684721,False
313340,8,-0.006701840520607424,0.011237899177145474,-0.029182845410512578,0.01618823121419881,False
313350,21,-0.005538740778302362,0.011491186736115008,-0.02789328652183698,0.01793322674981913,False
313360,16,-0.006614981364999858,0.011442123383012339,-0.029461299476529847,0.016018149645587402,False
313370,10,-0.00982558830432774,0.0115341218048255,-0.03263015508313736,0.012868479951272459,False
313375,13,-0.008773459562815084,0.01123016455057493,-0.03095378873381173,0.013568436479362766,False
313380,92,-0.005735339903641876,0.010710606020113816,-0.026957998262670393,0.015479024085731756,False
313390,9,-0.006833913922538784,0.011225161612356739,-0.02913189333166987,0.015623801079138737,False
313400,16,-0.011267166199700803,0.011191066492229302,-0.0334060601626408,0.0102373959212346,False
313410,5,-0.008707234735981319,0.011135339809548174,-0.031594167634683396,0.013572215608479,False
313420,117,-0.002786472794665929,0.010819121902904577,-0.023813662453219052,0.018983715327727073,False
313430,4,-0.00799606519821845,0.011490615628920665,-0.030528691921180812,0.015089085214271603,False
313440,42,-0.011509677340128335,0.011432436776845783,-0.03486834332479491,0.011273486993921361,False
313450,9,-0.008140041388970547,0.01129926715408632,-0.030443480188844626,0.013819356682944886,False
313460,19,-0.009117384667190523,0.011283551634725235,-0.03201566803778066,0.012721147748648824,False
313470,10,-0.00814493127893153,0.011619067168866988,-0.031187578515956813,0.015253393797378067,False
313480,9,-0.007569564991282109,0.011468384704174047,-0.03076525856706116,0.015544553121199008,False
313490,14,-0.008835133230815324,0.011360507325430116,-0.030894156750036206,0.013162955093315193,False
313500,2,-0.008450142223630391,0.011546522635956626,-0.03109142599744394,0.014943897992106705,False
313505,50,-0.004974945930371531,0.011142247817175972,-0.026681612978981056,0.017569867624561364,False
313507,4,-0.007934052099141333,0.011508581066305984,-0.03012715446454076,0.014782633496851882,False
313510,91,-0.006423621938986263,0.010925702448332096,-0.02785575878601305,0.015596335198276473,False
313520,120,-0.01380845339147674,0.010861670700919618,-0.0361862669854017,0.00701189572568859,False
313530,8,-0.00823674855232917,0.011517574061505208,-0.03136986438423464,0.014359417518012124,False
313535,8,-0.008540889990479642,0.01172450688981925,-0.03247222521458629,0.013947961978469236,False
313540,3,-0.006709166348247346,0.011318741322280688,-0.028072739842484137,0.015648825764632134,False
313545,2,-0.00769042309505678,0.011255344426199236,-0.030448679202756825,0.01470882855000475,False
313550,13,-0.008765329075446271,0.011312467910748848,-0.031159481874007702,0.013440512364150777,False
313560,11,-0.008256730064300525,0.011374331479448229,-0.030704519642472825,0.013933943033181745,False
313570,11,-0.008107971778003428,0.011463357866936745,-0.03071460611284544,0.015057686455666859,False
313580,33,-0.010279134780702604,0.01171771472938868,-0.03349510832678957,0.011906967711656542,False
313590,4,-0.007615808298926804,0.011642614605946037,-0.030659979426358945,0.015556092203534834,False
313600,20,-0.010616804562795356,0.011243070030952578,-0.033499774659998094,0.011621436997818905,False
313610,5,-0.008044570231968888,0.011710391165144479,-0.03163902031855146,0.015001701633606559,False
313620,85,-0.00897746182104962,0.010913047519636225,-0.030988657781385407,0.0123890867199906,False
313630,76,-0.012109571266142134,0.011114883744367745,-0.035365499770058276,0.009034020617799818,False
313640,2,-0.00901692893994482,0.011538045293528653,-0.03222374557007817,0.014293556121367908,False
313650,19,-0.008381576006663739,0.011281497106336129,-0.03155394981246394,0.014407302059600752,False
313652,5,-0.008693522496082025,0.011702289462787709,-0.03188974675578976,0.01432083583012051,False
313655,9,-0.0076008910618046875,0.011428995706237023,-0.03006209434671051,0.015080863942503525,False
313657,5,-0.008091103625772629,0.011530141676831052,-0.030853967112357047,0.014551820804393904,False
313660,8,-0.00735807407881604,0.011610342627532801,-0.030163725739847262,0.01577299099274396,False
313665,33,-0.005307646709624045,0.011077687302960094,-0.026503034265145116,0.017110738712450432,False
313670,605,-0.005181405005853418,0.009532672095547135,-0.023650377790601945,0.01407603335228901,False
313680,6,-0.007194056023118114,0.01144644672018968,-0.029868975562372693,0.015413026199247936,False
313690,10,-0.0066403861524296295,0.011318190254883814,-0.029403639624092964,0.015808140050626383,False
313695,8,-0.01019072164843151,0.011363255294659156,-0.03304361054815464,0.01217974654503202,False
313700,25,-0.006849573733781019,0.011431684215622203,-0.029731795371353502,0.015511667105284656,False
313710,2,-0.007681321468225239,0.011030148520609177,-0.029302221935877244,0.013935273117868664,False
313720,53,-0.0072137829332046535,0.01146473316933794,-0.02984455434332857,0.015802712483151217,False
313730,8,-0.009040740706024841,0.011354970544237813,-0.03188481808699002,0.012927675376459577,False
313740,16,-0.008244442818294832,0.01129022487002033,-0.0305818731790917,0.014325091712406653,False
313750,31,-0.006249925314587396,0.011137907781841917,-0.028083985911342507,0.015420089939533537,False
313753,11,-0.008872862277462623,0.011502839334773444,-0.03201675246801739,0.013645786189485438,False
313760,61,-0.00723403215989186,0.010810813195041182,-0.028844931593778315,0.014573003595908502,False
313770,30,-0.0086017686524507,0.011478158100716337,-0.031241618136438824,0.013859638212929862,False
313780,14,-0.006617929803613713,0.01127629726354359,-0.028302635427233973,0.01577345125948832,False
313790,4,-0.007661160742208122,0.011524675648113858,-0.031011286262378188,0.015163579253719308,False
313800,3,-0.007803606209190117,0.011480851605981222,-0.030593517625574447,0.015481771804619099,False
313810,9,-0.01057288818368006,0.011465807064109408,-0.03410078290390807,0.011685116475528567,False
313820,131,-0.01060589534726493,0.01064508485695763,-0.032167030175820795,0.010389083312404662,False
313830,4,-0.008493135564732045,0.011791000218361197,-0.032083694536570874,0.01492110340983185,False
313835,6,-0.006399637831398707,0.011271646495843965,-0.028378834420783317,0.015909653787965865,False
313840,43,-0.004989371423732346,0.011090169514969954,-0.02645399349101846,0.01747325509449896,False
313850,5,-0.007720207495553515,0.011447765713072933,-0.03062156975160493,0.015524620870414514,False
313860,13,-0.00831721268763419,0.011755123619461953,-0.032137913145581204,0.01484764596154911,False
313862,7,-0.008773834422328868,0.011210648160771684,-0.03115152542434973,0.01309974222649125,False
313865,9,-0.007597075737129166,0.011520166695878622,-0.030353688525735483,0.01552589226243496,False
313867,17,-0.006173657607705819,0.011443657122957519,-0.02873549678737344,0.016431743595106955,False
313868,15,-0.0071228620178905725,0.011321676936703742,-0.02923845323832071,0.01574508829160089,False
313870,4,-0.008093197902106287,0.011595047512206327,-0.03152393818722749,0.015077130760185724,False
313880,21,-0.0074618170477049085,0.01144487217107572,-0.02988225943819435,0.014954778696325874,False
313890,10,-0.009808702933292616,0.011349804883245704,-0.03251242559511232,0.012183718438195094,False
313900,43,-0.005518300864037074,0.011120305625261334,-0.027286567722168895,0.016616458232165055,False
313910,3,-0.008099075736782623,0.011602393343527613,-0.031668510642232806,0.014816868406245116,False
313920,29,-0.007806224357478635,0.011314945150679124,-0.03047610080966274,0.014442976813118626,False
313925,2,-0.007842952177448107,0.011557097300212602,-0.03065688517301599,0.014804485861609928,False
313930,38,-0.004638025330770321,0.011119856907439182,-0.026202829656289877,0.018015434202996606,False
313940,89,-0.011800671054405115,0.010873167888847839,-0.03410743691599348,0.00966178126795889,False
313950,21,-0.010138869028419036,0.011237220695031788,-0.03284997024769078,0.01182280990517341,False
313960,21,-0.00476839917363408,0.011482098530150453,-0.026601185231210783,0.018068042841691574,False
313970,8,-0.009212659582785089,0.011498112949388236,-0.032392870780044644,0.01349914332275891,False
313980,18,-0.009040907884277525,0.011394887793188636,-0.03146799950298611,0.013624478152944295,False
313990,11,-0.007349425849764059,0.011595623255708511,-0.030556844256061384,0.015993657678709305,False
314000,86,-0.006736393599120582,0.01095293902494221,-0.02792083686206678,0.015217231865065708,False
314010,6,-0.008639501992481228,0.011570799625560832,-0.031366137843219156,0.014242896841417227,False
314015,28,-0.0026163775185237526,0.011506025746166436,-0.025107999701772007,0.020739851650033867,False
314020,3,-0.008768229035520268,0.011729273608909565,-0.03280145835546739,0.014682449384745812,False
314030,6,-0.008445258358368362,0.01118202322733275,-0.029733717929167385,0.013810687181637228,False
314040,1,-0.007977548655943521,0.011337187706411463,-0.030151231402473833,0.01463133470535031,False
314050,20,-0.012928267396922986,0.011620120830351707,-0.03610096404552391,0.009801916127842552,False
314053,14,-0.009199403587881133,0.011389466587599978,-0.03226864674162353,0.013358195456605236,False
314055,14,-0.00603995019494698,0.011441864303942968,-0.028194695599516564,0.017060253674255232,False
314060,1,-0.008041165110537664,0.011591043674415885,-0.030945398580499946,0.015254140166612081,False
314070,38,-0.005159640356595272,0.011448714374180298,-0.027270529560967764,0.01798260556172378,False
314080,12,-0.007848946570601643,0.01163650484115644,-0.03082218018626584,0.01505082597167033,False
314085,9,-0.0069580436981875465,0.011573266644199455,-0.02998411488329581,0.016905797757615117,False
314090,28,-0.008326923691944243,0.011216770072882848,-0.030488188386825304,0.013612651523737824,False
314100,10,-0.008636584573182898,0.011328419293639591,-0.03150711357419763,0.014411730621483194,False
314110,37,-0.00956688501992365,0.010933680919394659,-0.031306959382422866,0.012106896825839921,False
314120,4,-0.008979548427293937,0.011325900394374727,-0.03196469430572061,0.013222067451500149,False
314130,4,-0.008938305651647263,0.011630762682893056,-0.032545998588452384,0.013536819900422315,False
314140,36,-0.010367491678917116,0.011386725686650015,-0.03326345566317202,0.011932682837066043,False
314150,10,-0.006508035817559639,0.011819872327540983,-0.029477640136903953,0.01698066824911286,False
314160,10,-0.00822700564970067,0.011285050245276686,-0.03066584987138365,0.014711664745586321,False
314170,7,-0.007792693304583052,0.011269324798103405,-0.03017126626363009,0.014371552772649458,False
314180,32,-0.01179266242128264,0.011508646138456043,-0.03558373695196082,0.010377673066424257,False
314190,4,-0.007332172186723966,0.011481006607669509,-0.02968081759709267,0.015636887159750507,False
314200,13,-0.006969092363527445,0.011254450025328868,-0.029137787451593615,0.015194405043190796,False
314210,1,-0.007807385842292127,0.011522415718172727,-0.03129822829256378,0.015191813597776134,False
314220,14,-0.010498355760044514,0.011465411016557982,-0.03343858283188422,0.011823753004047118,False
314225,5,-0.008691578491807982,0.011576492200175346,-0.03207589202094168,0.01413167173602399,False
314230,6,-0.007042801444489609,0.011608685595364094,-0.029485442058052005,0.016499581075140452,False
314240,5,-0.00918646888605417,0.011473570165352618,-0.032114523583582126,0.01339438919903765,False
314250,0,-0.00753105571313992,0.011355229865220917,-0.030256231994783205,0.015207134481356126,False
314260,3,-0.008316854903816546,0.011440168079451613,-0.03158525981957615,0.01406945041223854,False
314270,14,-0.0074682804097752084,0.011378408319868484,-0.02985274760365313,0.01532524845358596,False
314280,14,-0.006749095167692092,0.011521090625515212,-0.029462724164168688,0.015757877097929897,False
314290,30,-0.006315777132395027,0.011333546707646169,-0.028624626889928735,0.016902987982107185,False
314300,10,-0.009128201641378187,0.011355686317823206,-0.03166013017840518,0.013128510020282872,False
314310,49,-0.004854575162486082,0.011234022636585956,-0.026677086249490424,0.01797650960065091,False
314315,10,-0.008137186292780077,0.01127168541609736,-0.030389771063000705,0.014540164381614427,False
314320,15,-0.008862651922171899,0.01122868631974462,-0.03115737092864399,0.012916010897250564,False
314330,472,-0.008145753598165866,0.009822952390333296,-0.027529109367065086,0.011186666485743978,False
314340,14,-0.007410500481968109,0.011328162520477332,-0.029295097804783538,0.015509946412653623,False
314345,6,-0.007815487862008632,0.011454775625090853,-0.03058405182059628,0.01492395500889815,False
314350,8,-0.00724027464984452,0.011078797396341572,-0.028977230125174114,0.01475949353762175,False
314360,2,-0.008377417889058637,0.011591087637349166,-0.03211284513613506,0.014528092045096976,False
314370,2,-0.007995565939180204,0.011568249922919684,-0.030737514887377977,0.015186751131363285,False
314380,8,-0.007741822555450138,0.011391528685337958,-0.03065642289439646,0.014801788476598486,False
314390,105,-0.0050309241342753165,0.010558293894134207,-0.02543818584227765,0.016142121599303137,False
314400,22,-0.00952763700015479,0.010983395766890986,-0.032004063751437335,0.011819426579974293,False
314410,17,-0.007269751849946404,0.011375979958456663,-0.02930304669973375,0.01571772379947464,False
314420,3,-0.009219414615841942,0.0112831878175437,-0.032025166511833694,0.012889371874324854,False
314430,51,-0.006909844858513936,0.011219282269006465,-0.02876926584656849,0.015365850331444138,False
314435,7,-0.008958162141831306,0.011580725414376634,-0.03250673212198421,0.01413110569298042,False
314437,4,-0.007582694261559574,0.011167749355747932,-0.02945984392959402,0.014357245421018773,False
314440,2,-0.007028892488001345,0.011458914021045133,-0.029883318692680343,0.01576710942883739,False
314450,4,-0.007560704354700404,0.011530700059840526,-0.030268580541560487,0.015395796291217904,False
314460,27,-0.011896072167648505,0.01134013046474334,-0.0351538245306311,0.01045011186022281,False
314465,11,-0.010122406333972917,0.011123033311012012,-0.03248167335374601,0.011939383934916814,False
314467,6,-0.007355465760115732,0.01128531652672762,-0.030387841144705694,0.014953146668574986,False
314470,25,-0.009050995052668119,0.011290486471445987,-0.03223419015323927,0.013269442918703193,False
314480,96,-0.0047710854659998095,0.010874119151703436,-0.026144961241303683,0.01734337770645876,False
314490,4,-0.008419895841092585,0.011087351375015975,-0.03018973289694976,0.013419060305686115,False
314500,20,-0.007708407656359307,0.011276368586653861,-0.03032795795282583,0.014175350137957227,False
314505,13,-0.008252992226176334,0.011271023008538774,-0.031168301300407986,0.014045800304919689,False
314510,9,-0.006855284553349506,0.011489374745228254,-0.029071867149305448,0.015977902932204687,False
314520,138,-0.006401948273947341,0.010779676380438549,-0.028092899839690842,0.014577248957532114,False
314530,38,-0.005090702215825235,0.01112547940583252,-0.026459824970530073,0.017406316077772852,False
314535,11,-0.009319396096074815,0.011425896834697838,-0.032093022854232524,0.013573062734782931,False
314537,4,-0.008112432004375102,0.011451668303596625,-0.03059733859293189,0.014407434439624656,False
314540,4,-0.007473101700954595,0.01160187020262527,-0.030720476093565475,0.015524564784476908,False
314545,11,-0.006153970781428435,0.011586833109634756,-0.028970385644756656,0.017565800360854693,False
314550,2,-0.006828548899676496,0.011282048081641812,-0.028787020180841883,0.015558872908846355,False
314560,36,-0.008228261018353864,0.011322267515259306,-0.03081776627262935,0.013972696187411877,False
314570,3,-0.009249371524300491,0.011589096463642867,-0.03243573851337789,0.013718248737971615,False
314580,5,-0.009025125326386352,0.011323788430705159,-0.03252754945347166,0.01274616373396242,False
314585,7,-0.009006882468006605,0.011355175475616732,-0.03143182534102489,0.013464633837217894,False
314587,7,-0.007682739203764592,0.011544774758407646,-0.030760411012786613,0.015694273871876187,False
314590,35,-0.009612328502627157,0.01138425962429947,-0.03302802128072864,0.012401476597590859,False
314600,24,-0.010674488056474153,0.011405000487014639,-0.033913649208705876,0.01189738713140415,False
314610,78,-0.005314748040214155,0.011396716792726129,-0.02710164689720006,0.017681037876199346,False
314620,9,-0.006024581876320975,0.011466678512486029,-0.028637594103365745,0.01690862640120874,False
314625,5,-0.009048167514667865,0.011499254647850381,-0.031250965982249676,0.013503993726104089,False
314630,37,-0.008154688876022005,0.011284936065831327,-0.030575641925443445,0.013808387997327195,False
314640,1,-0.008004134828938652,0.011642602839274804,-0.03137900146417907,0.016445029620007802,False
314650,8,-0.007042931019706207,0.011465665732336993,-0.03008737907838974,0.01605411320750539,False
314655,7,-0.008639241956934161,0.011805155165483987,-0.0320817626730985,0.014877816939925338,False
314660,1,-0.008039555698209189,0.011791977478211967,-0.03152505948498898,0.015328416134837557,False
314670,5,-0.008588645302879764,0.011577440055452415,-0.0313000904818252,0.014230173062914459,False
314675,10,-0.007881532696529128,0.011101740444356757,-0.029812953505678155,0.013951868530585356,False
314690,11,-0.007008200079380421,0.01116958285566968,-0.028821198836755865,0.015238670988125287,False
314700,147,-0.00711644236128855,0.010500561755949381,-0.02770519786618922,0.01384972121349969,False
314710,85,-0.00930275492459442,0.010934673185753844,-0.030976727284662133,0.012384977118356814,False
314720,23,-0.011159139652019813,0.011559348484844733,-0.03509736014265843,0.011487067844818696,False
314730,13,-0.0065003842014509094,0.01146759464351262,-0.02957900045305006,0.016953664038695335,False
314740,15,-0.007731802185584753,0.011309595323247861,-0.03058992783220185,0.01469164094836159,False
314750,3,-0.007719888892458278,0.011585124371057237,-0.03108649487741168,0.01568629668720437,False
314760,20,-0.007946908883561098,0.011168023946972052,-0.02997653320303593,0.01418318243892518,False
314770,6,-0.007756763520146111,0.01165654158587228,-0.030777603868773245,0.015832379461511555,False
314780,0,-0.007955071388365046,0.011336331504942438,-0.03049159770253294,0.014108334789123465,False
314790,130,-0.011103708709328138,0.010555214290709514,-0.03178745122423308,0.009613187795461517,False
314795,1,-0.007821634822342235,0.01142889344952246,-0.031045056372186672,0.01507937502038975,False
314800,161,-0.012396862112218535,0.010388240937975825,-0.034098269368208464,0.007467446733522875,False
314810,98,-0.008566531539155655,0.010913957819205856,-0.02999950555381172,0.013049545363733933,False
314820,5,-0.007702061489506588,0.01157668050370544,-0.030474759932411086,0.015154260627442528,False
314830,11,-0.011958287746522068,0.011221870729098646,-0.03451032963180607,0.00984682426399062,False
314840,3,-0.0061428789808162946,0.01160961393905446,-0.029041474555870257,0.01695620545541068,False
314850,8,-0.008187368758035855,0.011385978030691931,-0.0310092596835829,0.014080649047985417,False
314860,25,-0.0036816611345597138,0.011535408631748758,-0.025685763779430864,0.01985542379982457,False
314870,20,-0.009585425371250718,0.011457207650812783,-0.03276415079472588,0.012535750553102468,False
314875,8,-0.006373581494544608,0.011465911245129681,-0.028623046940946303,0.01620910732241802,False
314880,3,-0.007993817100540014,0.011357601633659715,-0.030888611339906284,0.014357443855202677,False
314890,1,-0.007749373701049291,0.011673497126685507,-0.03057489076528221,0.01532083240725861,False
314900,1,-0.008697224832706137,0.011418470350712919,-0.03130574101123532,0.013987943087735533,False
314910,9,-0.008008981400791282,0.011273622578609416,-0.03111953992999402,0.014634400109160067,False
314915,17,-0.009346388163042932,0.01122554227356532,-0.031911634939412604,0.012507573203275345,False
314920,2,-0.007081448504642813,0.01140864590233733,-0.02962205312183982,0.01568343516053372,False
314930,63,-0.0009678582661517424,0.011325984845088994,-0.022626694696001877,0.022389157249075222,False
314940,2,-0.007534988871135544,0.011781697112015856,-0.03068296217838647,0.016581384488540917,False
314950,5,-0.007031146891237781,0.011649016532564165,-0.03068579484615724,0.016188755291547518,False
314960,4,-0.006934633981471613,0.011556077415341193,-0.02929902407259944,0.01671360460945709,False
314970,6,-0.007475573164361056,0.011366072418252902,-0.02976819916499753,0.01573452353543634,False
314980,22,-0.009684515867189441,0.011446373264154696,-0.032970358722528334,0.013164484717859243,False
314990,22,-0.007275206658020855,0.011653739480502063,-0.030304662882370548,0.015175598914919144,False
314995,11,-0.0052850473813660665,0.01128419113677665,-0.027443443215946266,0.017540982642703668,False
315000,9,-0.007646998142817156,0.011165639293859265,-0.029492476836117318,0.013942670509790357,False
315010,3,-0.008716841328716042,0.011665201662763013,-0.032012069904174,0.014495242312557416,False
315015,21,-0.007633954647073411,0.01160717535397855,-0.030337123726659105,0.015485967302371692,False
315020,2,-0.00867512531810903,0.011555744658316002,-0.0314915633097799,0.014207005577378239,False
315030,5,-0.008201554059085877,0.011364702199901157,-0.03020693766507935,0.014123396337286633,False
315040,4,-0.008823390233162129,0.01131467244203294,-0.0322439448632626,0.013841287385810258,False
315050,5,-0.006084752250665824,0.011063529193086405,-0.027993563277305695,0.016216376854430295,False
315053,4,-0.007700469112528755,0.011567501783686896,-0.031047793278848993,0.015499220810461102,False
315057,8,-0.010964334666477794,0.011239367787100038,-0.034290162773989906,0.010932122023761643,False
315060,4,-0.007490987526473193,0.01142229273714145,-0.030109937550344367,0.015223646815462741,False
315070,5,-0.007688084917839697,0.011428520399092276,-0.03024655709953019,0.014752125974354375,False
315080,19,-0.008576706116847155,0.011296919990540909,-0.03108934016672999,0.013704685120358077,False
315090,5,-0.00930547534442164,0.011443585952489427,-0.032162864306229645,0.012723338507294863,False
315100,8,-0.0065484693709353,0.011395667548385387,-0.02919267571179536,0.015923737642054278,False
315110,12,-0.007579042964653457,0.011673825410577416,-0.031093222359166693,0.015359929947609758,False
315120,66,-0.008481216924146,0.010866940948323016,-0.030163668602277406,0.012728135757724298,False
315130,9,-0.00780767363879919,0.011501004518218672,-0.031163501269844206,0.01511613541314313,False
315140,34,-0.005541345390589136,0.01153420465854651,-0.028475089995843885,0.017319830485682353,False
315150,33,-0.0057754417759815525,0.011042134195698392,-0.02708245736098262,0.016331780939087,False
315160,13,-0.005764750164941753,0.011228422520805604,-0.028132580631679553,0.016645808499608932,False
315170,18,-0.006832796220264579,0.011408375428831977,-0.029120799361381115,0.01542462556843836,False
315180,146,-0.0027089339337530386,0.010452087010062922,-0.02324131839754839,0.018110191948446677,False
315190,11,-0.006011830520436769,0.011609241316673806,-0.029102483104109126,0.016937151537625986,False
315200,32,-0.006342833023669537,0.01113502560392039,-0.028496758060145795,0.01607391940237149,False
315210,68,-0.0026435490410664,0.011121204772839245,-0.024053920892848645,0.020020694863046546,False
315213,5,-0.00822387008755638,0.011461271347700515,-0.03057369201340214,0.014973714528872374,False
315217,21,-0.006944285442947425,0.011398771877067077,-0.028833018969480644,0.01548206878241677,False
315220,32,-0.00747351557342245,0.011042203591566576,-0.02890693208926084,0.013887497809634577,False
315230,5,-0.007785697723581812,0.011620764870446436,-0.030499302235787222,0.015664777321377697,False
315240,10,-0.00791624991736901,0.011434236805954203,-0.030715470076911566,0.01453188092469427,False
315250,144,-0.016281822350016375,0.010916227571078761,-0.03966481117747526,0.004049923791289028,False
315260,4,-0.0064341529964353035,0.011494454596958595,-0.02931836635572676,0.01652426609311513,False
315270,11,-0.00881086979119229,0.011630402448914428,-0.031492925598939195,0.014249719271261695,False
315280,21,-0.00790752094079717,0.011053692682080046,-0.030142195238424773,0.01392461036149082,False
315290,9,-0.008608381658955009,0.011454688324971781,-0.03148768983930746,0.013886078031866684,False
315300,2,-0.007363159821299092,0.011412300286186915,-0.03038440990655393,0.015219135010357918,False
315310,2,-0.006964186094097248,0.011773838527950843,-0.030208829732113134,0.015772471052761063,False
315320,2,-0.00765988445447798,0.011583007247973776,-0.03108002227297571,0.015444279284862035,False
315330,6,-0.006717586808686266,0.011674255151849597,-0.0300665070609621,0.01649972421391837,False
315340,15,-0.00852403932918027,0.011399576121509507,-0.03163407435118826,0.014391751234638301,False
315350,8,-0.008433049260499682,0.011371943362176456,-0.030418479341995742,0.014034220782399631,False
315360,18,-0.006340511150509984,0.011378151991471668,-0.028494154184467217,0.016721070982301457,False
315370,4,-0.007864995272566115,0.011607979265735638,-0.03132232038301524,0.015282720361879379,False
315380,0,-0.007909145459936514,0.011704838569133057,-0.031114102740046667,0.015134916825288792,False
315390,16,-0.0062829269189384,0.011485620905361676,-0.02886422699020907,0.01675952925290313,False
315400,17,-0.007104857141739059,0.011366887939920176,-0.029899400899059993,0.016062329972539327,False
315410,8,-0.008204236617308966,0.011661767224512168,-0.03194456407861714,0.01497192671015649,False
315415,7,-0.0073672043853311945,0.011383457552537482,-0.029893465651825445,0.015204506683688621,False
315420,9,-0.006176547959601319,0.011652144289090468,-0.02907123787167176,0.01739782499292643,False
315430,28,-0.009297996557029384,0.011136511636166071,-0.0319280201736614,0.012022154244296028,False
315440,6,-0.005251233482534236,0.011804956692561368,-0.027838676158000064,0.018066421997906354,False
315445,6,-0.007484427038207089,0.011413711817363916,-0.029855136857070263,0.015640351825834686,False
315450,8,-0.005828371409681659,0.011352552225799284,-0.028402987116237587,0.01735470035122778,False
315460,364,-0.001072036892040472,0.010034011292514758,-0.020053097976843393,0.01911125544440696,False
315470,5,-0.007685439163638188,0.011529750395741018,-0.03092415624456038,0.015471084175795043,False
315480,10,-0.006812158288993205,0.01141835050056773,-0.02935519676287672,0.01607212985636932,False
315490,14,-0.007607729739973601,0.011571358849045555,-0.030340989258222574,0.015427821697532115,False
315500,3,-0.007279565202937986,0.011710542562785085,-0.03078785568136702,0.016083265741222492,False
315510,7,-0.0062024055803102055,0.011363373319415658,-0.028455533268093778,0.016323210015672926,False
315520,4,-0.009113706609203907,0.01134478574719769,-0.031861430279184054,0.013225141927522535,False
315530,3,-0.007506231298111439,0.0116606740167833,-0.0306610369623864,0.015917308753120384,False
315540,4,-0.007455663753453503,0.012162080815130023,-0.031583737702304965,0.01650119141020847,False
315550,18,-0.005100992201471043,0.011450448382301696,-0.02670738958020537,0.018050746356451305,False
315560,30,-0.008988509215211103,0.0111411199891226,-0.03110205910937039,0.012967325554129164,False
315570,9,-0.00643633085604587,0.011395336395729226,-0.029284319285233677,0.01618523120582287,False
315580,19,-0.008543757017783543,0.011521170862100411,-0.03124511234645694,0.013717762859278776,False
315590,6,-0.009245840635587184,0.01143766860744146,-0.03219597817053533,0.01316185811171155,False
315600,13,-0.006395084435407752,0.011502170913886854,-0.029096794024997992,0.016243578562658487,False
315610,2,-0.007628878200877861,0.01124608360158553,-0.03008783808210669,0.01483682577155687,False
315620,1,-0.007674611143861094,0.011499291551579919,-0.030544931683330563,0.01513549551033029,False
315630,13,-0.00814948883132467,0.011566269796913943,-0.030774049250756844,0.014655342059770359,False
315640,3,-0.008014222407369114,0.01124828200917549,-0.03013309472505998,0.014546299060474647,False
315645,5,-0.009412209008138625,0.011511681827535964,-0.03233558184359308,0.01304427226273728,False
315650,14,-0.007708074825438788,0.011213095175314608,-0.030196747895902355,0.014632752641717098,False
315660,13,-0.011876318971096773,0.011688871531107814,-0.03557685313338892,0.010715012897792071,False
315670,139,-0.006592034640549637,0.010612037686343839,-0.027845121683248326,0.014382834631716574,False
315680,19,-0.008850135691670164,0.011379063068891884,-0.03156984329179276,0.013581313067437135,False
315690,27,-0.0052252142001098295,0.01119260610677048,-0.027021423712795763,0.017009107226257807,False
315700,42,-0.007793113084617211,0.011395899363457933,-0.030692626719665116,0.015161559869333348,False
315710,11,-0.006582363136796906,0.01142437793695875,-0.029326214385975803,0.0160222305001389,False
315720,31,-0.011223794080752135,0.011283463967600606,-0.03394092017528192,0.0112576375220166,False
315725,16,-0.00841891237402479,0.011831776916020791,-0.03230901917287647,0.014435706313799049,False
315727,2,-0.00799323917496588,0.011680121407287455,-0.031754346921355966,0.015988919037213944,False
315730,6,-0.005775621847295155,0.011562470469386651,-0.02791334034458267,0.017740952510059194,False
315733,5,-0.008901701718449449,0.011613890874693472,-0.0323333819191334,0.013395877707080879,False
315737,3,-0.00755649360655865,0.011404507894512255,-0.029730500195763322,0.015126167902053051,False
315740,6,-0.00752720327994843,0.011501848186753962,-0.02999238292061347,0.015581875287091197,False
315750,5,-0.00827054189442979,0.011502797030246172,-0.03119012503434185,0.014561335562107269,False
315760,1,-0.007802354044477263,0.0115542680171644,-0.030779840340425996,0.015292310296898197,False
315765,10,-0.006780816842303394,0.011455322609822289,-0.029556920716410473,0.016718769550169845,False
315770,19,-0.007062355392541363,0.011444199414724408,-0.03025508570551964,0.016067765260542405,False
315780,224,0.00038306337384177443,0.010437246755388721,-0.01954134819887991,0.021995150992283483,False
315790,25,-0.0035230119695208715,0.011287356734088275,-0.025576471647317234,0.019535842140716454,False
315800,19,-0.00816179671614276,0.011775610115244754,-0.031600198344256064,0.014929402722751657,False
315810,4,-0.006326364600765807,0.011292758230650434,-0.028656646331834942,0.016095144763996292,False
315820,17,-0.008453600896200845,0.011397697724323115,-0.03127720799036491,0.014089624952977296,False
315830,5,-0.007242258609816774,0.011454618397469354,-0.029940859424741836,0.015840115483850125,False
315840,3,-0.008504639404640702,0.011591870120721067,-0.03145030976845072,0.014078756829370988,False
315850,5,-0.007612662054124603,0.011286697622492712,-0.030357267783050743,0.014973614885680065,False
315860,3,-0.00741448420774768,0.011773424695619003,-0.030690906280152735,0.016219566622420828,False
315870,2,-0.007482836030663808,0.011436836242205364,-0.030411559661500595,0.015185303052551901,False
315880,3,-0.007693851258399116,0.011551059488986782,-0.030174555659759322,0.014769492998139351,False
315890,20,-0.009215529664202726,0.011287164477940976,-0.03137869078605811,0.013000651709521754,False
315895,49,-0.011329883039220341,0.011164446781842228,-0.03386696259049707,0.010518563862089386,False
315900,3,-0.008027627790551356,0.01141898425088153,-0.03033546114352324,0.014796094100451164,False
315910,1,-0.008431514777204092,0.011572971605950413,-0.032263159500453,0.014705417360023862,False
315920,5,-0.00819191777253125,0.011419824989494409,-0.031084532485170104,0.014071089964962483,False
315930,3,-0.008689732338384831,0.01141999551314303,-0.031434877949428015,0.01344081736376034,False
315935,10,-0.005962966021577084,0.011604601557275896,-0.0288415655443707,0.017992661841403246,False
315940,6,-0.008548072272330376,0.011552471730406568,-0.03141569959828607,0.014622406302500014,False
315950,14,-0.006916058810407095,0.011571734345326067,-0.030231764890381138,0.016154207669506492,False
315960,40,-0.006825878814674874,0.011365268317645328,-0.029842128012181283,0.01587172193733205,False
315970,4,-0.008247882767758558,0.011228316248843512,-0.030371752420719173,0.0139316929782005,False
315980,20,-0.005697295594747282,0.011483499686384577,-0.02824605746571355,0.017513205415135895,False
315990,13,-0.008698350690928365,0.011634893235705823,-0.031591956935267354,0.014612763477611472,False
316000,1,-0.00758556608786841,0.011617682376315748,-0.030952516295607017,0.015018731188160694,False
316010,2,-0.006529439289103093,0.011238953965332628,-0.028580426308731137,0.015609078679034185,False
316020,2,-0.008509079287546968,0.01167248108181008,-0.03064753543287604,0.014605996672877696,False
316030,8,-0.008351431286286905,0.01137542736400253,-0.030951581888386464,0.014205378004820312,False
316040,24,-0.009281035325717338,0.011410353232062648,-0.031886834871572935,0.013203170999170453,False
316045,10,-0.0075950841927258875,0.011245970077392139,-0.029493843091197753,0.015021074227288269,False
316050,0,-0.007903491740883973,0.011608234140080862,-0.03130703847307881,0.015231620768068636,False
316060,2,-0.00858626748509448,0.01168268119568118,-0.03154603697350773,0.01463272223083694,False
316070,50,-0.00649345607773138,0.01096357271724075,-0.027988040644395477,0.015229136837930455,False
316080,5,-0.008977030467588375,0.011268836736632313,-0.03175999316896949,0.013314601634312754,False
316090,3,-0.0076160011436609285,0.01119740278182343,-0.029808910230149064,0.014787189445534902,False
316095,5,-0.007754278175122464,0.011871770988266058,-0.03164681455508428,0.016051185849045913,False
316100,11,-0.009139599598446305,0.01145290519980346,-0.03226663870436754,0.012724792601065474,False
316105,7,-0.006924159272151972,0.011346634156096668,-0.02956217767860329,0.01547344456707118,False
316110,82,-0.01774176570412522,0.011432512998985834,-0.041445679410114025,0.003744389486660337,False
316120,6,-0.009946972388329235,0.011485983607406576,-0.03307345890653388,0.012529101448274281,False
316130,6,-0.008415745249653288,0.011469627685690547,-0.03060489791734814,0.014516216512787384,False
316140,5,-0.007544764702509607,0.011680197869105971,-0.03025843149908058,0.015823086348667345,False
316150,12,-0.008149771123977849,0.011158485754019426,-0.030496012143684366,0.013933270797999423,False
316160,2,-0.008243292968723422,0.011343859592415202,-0.03068875178822523,0.01414701690957479,False
316165,4,-0.008800205418585805,0.01138838459744466,-0.03158844020720101,0.01312304485533346,False
316170,12,-0.007692717432401127,0.011686240280761944,-0.03041698805265466,0.015658511836780672,False
316180,9,-0.006170850088509605,0.01155115121741591,-0.02856468241219229,0.016429578018546123,False
316190,11,-0.009127364328878784,0.011446892229244629,-0.03212178725946598,0.01294512389177623,False
316200,24,-0.008902364212269209,0.011308771851827125,-0.03152791767548059,0.013605128998055249,False
316210,63,-0.006131239232493487,0.01114063691136893,-0.026821436399943166,0.016209988755797138,False
316220,6,-0.007173350741027848,0.011644974638993395,-0.030304062886689624,0.01580639849400568,False
316225,4,-0.008715991098406817,0.011382798736957913,-0.03197822663200678,0.013487821986334006,False
316230,5,-0.00826671580466044,0.011353531339813028,-0.030579570505239673,0.013716871091305772,False
316240,27,-0.007755199926190106,0.011564309896566701,-0.03044820873649841,0.015110870637016416,False
316245,33,-0.008952327005507061,0.011349967625889293,-0.03177804123058173,0.013399218185767866,False
316250,74,-0.015178141705751777,0.010990387135796462,-0.037512794017577476,0.005368400934808751,False
316255,23,-0.007851902434524754,0.011650444252903363,-0.03022231993523621,0.015440398559975355,False
316257,3,-0.0065469720624679794,0.011373678249540742,-0.028546307896629573,0.016864520666228105,False
316260,9,-0.007563302311419371,0.011176520852239387,-0.029434715274586847,0.014924567160631437,False
316265,4,-0.007313151937698504,0.011644107030674642,-0.030382631773859938,0.014924596327522332,False
316270,29,-0.012748134521244127,0.011850540742540988,-0.037232371759683865,0.009663181704112121,False
316280,23,-0.007695954461851618,0.011212850247728487,-0.02973439453880456,0.014744414010510881,False
316290,25,-0.009607415751836195,0.011200016999529038,-0.03199101350893383,0.013014128974627,False
316292,35,-0.005353377079695651,0.011234555461524893,-0.027318505706454055,0.017076072571440157,False
316294,10,-0.009506189364557691,0.011558229782454299,-0.032951872731401655,0.01328005669864363,False
316295,32,-0.005142103575902107,0.011088574548050154,-0.027111765656990368,0.016877243562753667,False
316300,4,-0.007737231325120542,0.011327277829794381,-0.030112711353229852,0.01505626022922335,False
316310,1,-0.007094355991895653,0.011556335691943143,-0.03052014915086048,0.016134320400964488,False
316320,5,-0.006403070794408395,0.011437989960011583,-0.02840510771717085,0.01684061953551261,False
316330,2,-0.007221429278034581,0.01160114962413634,-0.030198448815224377,0.015683373723643375,False
316340,4,-0.007114381609679328,0.011616235460339071,-0.02978064525029891,0.016119300634034685,False
316350,6,-0.006753240111526391,0.011388062695260789,-0.029005122066746665,0.015594513626305699,False
316360,0,-0.007774076634474928,0.011272823857272143,-0.02999153483316456,0.014644545259077515,False
316370,37,-0.009300634861453409,0.011522924368567824,-0.03229127158493722,0.012840736887634837,False
316380,7,-0.007485250705547108,0.011475194661515779,-0.03042673238609408,0.014794809320917654,False
316390,6,-0.009379581710720591,0.011216252997221067,-0.03201670070367604,0.012923214581976403,False
316400,6,-0.009021551502397385,0.0113811455857445,-0.03190983546803375,0.013714213421059402,False
316410,6,-0.008912567551774607,0.011479295151649607,-0.03179378404172995,0.013684403356396289,False
316420,12,-0.0124980352361125,0.011250526730211157,-0.03550190602691108,0.008638408495776106,False
316430,7,-0.008746822470882184,0.011835796766485721,-0.03243202725519629,0.014855824748169945,False
316440,8,-0.007972738085316972,0.011539095799545433,-0.03105020964967339,0.015069086488216999,False
316443,3,-0.008196062822914822,0.011480742830976724,-0.03101200387229359,0.014365845370134458,False
316447,10,-0.008090961971374199,0.01124323020633804,-0.031100242522095273,0.01377317689754193,False
316450,13,-0.0071545643682706,0.01138658555335745,-0.029868592601312503,0.01576989959879926,False
316460,8,-0.008582805824736337,0.011662343126436334,-0.03133261349199314,0.01365927057308802,False
316470,69,-0.009779455515131942,0.011310024881569663,-0.03275225072760896,0.01191427577178298,False
316480,4,-0.0078109191618964385,0.011663740891286549,-0.030898815618816577,0.01507141620340264,False
316490,1,-0.00823001803174475,0.011664667649780283,-0.03172081320353693,0.014870360921492595,False
316500,14,-0.00619174597269116,0.011365087982213593,-0.02825450522486017,0.016476256245576842,False
316510,5,-0.008287537448629813,0.011401945553117611,-0.030942441036047798,0.013974152376674692,False
316520,3,-0.007761087536538535,0.011658687650711116,-0.030526271786077832,0.015997368155414693,False
316530,13,-0.009263352248999577,0.011599481503039721,-0.032925252943176844,0.013339628355711059,False
316540,3,-0.007702779995007936,0.011412730539488209,-0.030079858839306115,0.01445749873063566,False
316550,8,-0.008833384486915338,0.011634017571665205,-0.03213471302761725,0.013937210072561369,False
316553,34,-0.007057405935029835,0.011431251003182558,-0.029484360907802435,0.015587920071286192,False
316555,15,-0.010491756905995265,0.011485741180755118,-0.0336522666587758,0.01199734485459784,False
316556,2,-0.007813202707515033,0.011531980276066974,-0.030986722212583945,0.014847573980368924,False
316557,10,-0.007682427212282119,0.01172556261408261,-0.03090286775624023,0.015909595682213017,False
316560,6,-0.009270281401130398,0.011460353450834465,-0.03269751192288304,0.013228868987617647,False
316570,6,-0.0077317329976074834,0.011537188675888984,-0.030545316329248444,0.01546369165555503,False
316580,1,-0.008322532820235632,0.011652981415721207,-0.031555024407524446,0.014544506999517185,False
316590,3,-0.007313754984983881,0.011704827335979263,-0.030868784261230825,0.015597151564307004,False
316600,6,-0.00783816198253669,0.011484657665996446,-0.030342775462408766,0.014985318336552474,False
316610,4,-0.009196665723640512,0.011553198878691592,-0.03241476633812027,0.013477709396733267,False
316620,5,-0.0067319281631807735,0.011658910521943162,-0.030683671080830206,0.017040706341596296,False
316630,9,-0.006133778587534325,0.011115151757868076,-0.028174471761576433,0.01577955278619881,False
316640,1,-0.007642782641798279,0.01142180600288733,-0.03000669464848824,0.015240667710456263,False
316650,11,-0.009115250469022382,0.011498977067119921,-0.03272981961388711,0.012993431010067575,False
316660,0,-0.007678879347911059,0.011395769503879718,-0.030737197710412823,0.015247047038822233,False
316670,8,-0.008070835020330597,0.011453847745838555,-0.030846249997505272,0.01413012401432342,False
316680,16,-0.007150353863358632,0.011246495451957769,-0.02934674536691753,0.015338397760149388,False
316690,7,-0.0093567109735385,0.011425835321511741,-0.03172769311029706,0.013108714683057392,False
316695,5,-0.00851936270639325,0.01116875981364383,-0.030490177683896336,0.013693821240577761,False
316700,1,-0.007873928208879307,0.011276036745025444,-0.030877792978981522,0.014573799561129685,False
316710,18,-0.00833874609937279,0.011193850504584437,-0.03097406522345609,0.013188288323785834,False
316720,236,-0.009532733672621793,0.010453368003510924,-0.03003767605677945,0.011107826876244703,False
316730,2,-0.008862225181130761,0.011497389080889828,-0.03186088206539681,0.013754189198761318,False
316740,6,-0.009719745544741724,0.011548295022542112,-0.032791260227182206,0.012699218269239011,False
316750,3,-0.008175649050446654,0.011363014460045217,-0.03093214066783709,0.014229675293858282,False
316760,32,-0.009006845307314704,0.011012895576014717,-0.030981813163246812,0.012982276097684323,False
316770,6,-0.007115418406572824,0.011376500744902216,-0.029303136260820747,0.015366657868709778,False
316780,7,-0.006503057925651121,0.011235216954509353,-0.028883941621569983,0.0165057610032085,False
316790,6,-0.008066660185902947,0.01180308973223129,-0.030773142718203302,0.015113421625958759,False
316800,35,-0.0047225141807884004,0.011324097059389018,-0.026424254773444678,0.01899542670352407,False
316805,1,-0.008328829952540015,0.011394424112897124,-0.03062585326042944,0.013507413636076375,False
316810,4,-0.00734300977082195,0.011590574715209823,-0.03060452246893908,0.015619977215304415,False
316820,0,-0.008039630067665237,0.01164665638331537,-0.030544447731703752,0.015025115295169426,False
316830,0,-0.007749599084086964,0.011559530717020228,-0.030806474462269775,0.014996213332096426,False
316840,9,-0.00824935746128656,0.0114806295596285,-0.031248148321666207,0.014885446056696465,False
316850,6,-0.00667182462530502,0.011822025476496065,-0.030194952610739664,0.017515950584514724,False
316860,210,-0.00955453502353376,0.010442399509462583,-0.030266957015376746,0.010910736424029335,False
316870,56,-0.012350054332085835,0.011193940756450815,-0.03525971460594954,0.009383715596735903,False
316880,7,-0.009625220831742496,0.011442027368758515,-0.03237891494114897,0.012355231810863343,False
316890,8,-0.007702320491335716,0.011331779482811291,-0.029969547194593722,0.01540828486513935,False
316900,12,-0.009913745463091305,0.010949810317434378,-0.03205041944003778,0.01185902564964809,False
316905,1,-0.007174033345280523,0.011357908038091086,-0.029387722640528045,0.014973954737215954,False
316910,6,-0.007278586023690644,0.011573935981861419,-0.0302067634242927,0.015935257667826868,False
316920,3,-0.00781911328703736,0.011753156842322775,-0.03058710600559657,0.01595454867783061,False
316930,103,-0.003280113532886172,0.010545868007820995,-0.023929244969469268,0.018141227672630506,False
316935,25,-0.012278672631408345,0.011689965534029881,-0.035784341430172874,0.009982650273923714,False
316940,75,-0.008238762378614206,0.01111567774927167,-0.030391150453074358,0.014295299411178321,False
316950,14,-0.007923684450449543,0.011604599536300603,-0.0309673078292358,0.015254533835634741,False
316960,23,-0.007850032944207807,0.01135920020379802,-0.03058244494152481,0.014702956021908983,False
316970,17,-0.007042809425430008,0.011533189529632773,-0.029511686713397604,0.01601541522655184,False
316980,8,-0.008134886410209399,0.011390565583959024,-0.03120090531785023,0.01409379840828633,False
316990,106,-0.006950714879195614,0.011005619831326342,-0.028225092598531863,0.01429059896394196,False
317000,12,-0.009011026242593007,0.011512710777057743,-0.03225582893040327,0.014084269771379441,False
317005,19,-0.008150693068786354,0.011343244134979296,-0.030393052718661495,0.014419458574311983,False
317010,369,-0.003018752260292457,0.00979954770645695,-0.02204733622573758,0.016787547433569375,False
317020,736,-0.002880255030985057,0.009178850867550773,-0.020678071068126858,0.01591334224635946,False
317030,9,-0.008827923470132054,0.011173031217244198,-0.031030589347158105,0.01305748472548419,False
317040,97,-0.012549067273195363,0.011183993415922671,-0.0354320873668178,0.008716454227901155,False
317043,4,-0.008589435256452076,0.011461411633161516,-0.03201718931799816,0.014393921841114245,False
317047,3,-0.00828528197261661,0.01147235055770845,-0.030954533282949483,0.01433791985255804,False
317050,7,-0.007972180611154542,0.011258113988576332,-0.02986365835681569,0.01474185221679237,False
317052,13,-0.008270706347083889,0.011258890314956816,-0.030862773841291286,0.01356221038071155,False
317057,4,-0.00789773417461185,0.011446912182864227,-0.03080885553077026,0.01529219557866253,False
317060,5,-0.007537993872360803,0.011621148810478306,-0.030491322187262707,0.015245054750705818,False
317065,5,-0.006125834291036331,0.011857593875988488,-0.029600555341256263,0.017832650993643295,False
317070,153,-0.0026189295057555155,0.010730407312270882,-0.023111823985970833,0.019241440727228228,False
317075,12,-0.007084393975565889,0.011352754983674721,-0.029581101765059667,0.015406055239799115,False
317080,36,-0.007510338331686448,0.011010642282740062,-0.029540098794386318,0.01417994179645623,False
317090,39,-0.007036897428576953,0.011011170540128828,-0.029118783845089,0.01469050254720934,False
317100,23,-0.006748717542915569,0.011370963556601521,-0.029245353691903495,0.0157264087151311,False
317103,15,-0.012107437779788375,0.011559569598327525,-0.03534148187676945,0.010025175405906203,False
317107,3,-0.008143180971093187,0.01139041879320692,-0.031176116208621103,0.014265045805899185,False
317110,5,-0.00872531048636194,0.011533445478375877,-0.03156439874999537,0.013827726285623643,False
317115,9,-0.008187456879098,0.011266500442069245,-0.030064241461097065,0.013783312551235284,False
317120,148,0.00021333524627332857,0.010714081617923716,-0.02050181989209975,0.022011163490414386,False
317130,63,-0.010867981611302698,0.011049735906360578,-0.03324592690353651,0.010358809698685408,False
317140,1,-0.008183507699496264,0.011548113980846937,-0.030922745224301343,0.014449497312638263,False
317150,3,-0.008769580617626383,0.01162573564391135,-0.031965124627214216,0.01341198882707666,False
317160,10,-0.006008069123945624,0.011347640437728635,-0.028306215680502893,0.017177447467207344,False
317170,8,-0.005774472944217103,0.011377957658191253,-0.028167112404595913,0.016613841124142124,False
317180,9,-0.008346542264919377,0.011745683191339921,-0.031555405106798884,0.014681120720454861,False
317190,6,-0.006377214920398636,0.01144717573721821,-0.028537279747202677,0.01624759244996071,False
317200,43,-0.0032147164126712633,0.011324745442955973,-0.024807543584628985,0.01963039078133291,False
317210,5,-0.008025921666462443,0.01106565653282061,-0.030124294791815595,0.013742222553506725,False
317220,0,-0.007958550009096283,0.011516390307326126,-0.03075459091534317,0.015145004791367819,False
320010,30,-0.0073803067694412925,0.01146392396427039,-0.030129727533270288,0.015308169715688914,False
320013,9,-0.007320201495322228,0.011498019647743957,-0.02999267681177939,0.015597518736758678,False
320016,13,-0.006944560990490783,0.011383578885215018,-0.029491312209292853,0.015705873365389984,False
320020,32,-0.010595654674341303,0.011368065198510796,-0.03355607997076988,0.01164413709219101,False
320030,15,-0.008214990465214532,0.011427042786964839,-0.031069486009228365,0.014033121605664044,False
320035,9,-0.00598774750058045,0.011697682320895027,-0.028886978283937496,0.017222944918195388,False
320040,25,-0.0051795448318156636,0.011473025841332654,-0.028058988185188323,0.017809192963823307,False
320050,9,-0.008493041022696561,0.011300259758991536,-0.031244796211630586,0.014056735240019744,False
320060,113,-0.0074090508197936856,0.010548603243247382,-0.02817254209181437,0.013188934034556208,False
320070,15,-0.008330208586382469,0.011179399943467616,-0.03079756992422031,0.013484408329019051,False
320080,37,-0.012648574128241085,0.011274938756266966,-0.03549802670778912,0.009003453117135895,False
320090,53,-0.004399089631199987,0.011289229423516196,-0.02638407485853259,0.017996510463712714,False
320100,17,-0.008438259902612925,0.011563459871656816,-0.03137065250590585,0.014146050279825519,False
320110,17,-0.009988323694305652,0.0114884895608571,-0.03263932350149026,0.012222943351035263,False
320115,17,-0.00737988012757246,0.01143425954038181,-0.030045241195851613,0.015232421013643617,False
320120,245,-0.008252775527658952,0.010479089802606182,-0.029101291218279743,0.012173840009540842,False
320130,475,-0.00876941967509899,0.00966304168071225,-0.027528877042797047,0.010478847253911776,False
320140,29,-0.00590717277722208,0.011219438636938724,-0.02772104141827724,0.016880213398799984,False
320150,151,-0.010702266042075453,0.01098216233465705,-0.0330505621769134,0.010409200461416183,False
320160,43,-0.006476507387666569,0.011092932144096967,-0.028422505688658544,0.015180676690258438,False
320170,16,-0.006869354250197136,0.011436932959247663,-0.029549419648184815,0.01635080723439888,False
320180,7,-0.008795737145729775,0.011465970010166297,-0.03224160401432333,0.013977346996279484,False
320190,36,-0.006933004332963389,0.011100260344602104,-0.02871844715454575,0.015195246344553584,False
320200,6,-0.005969541286645657,0.011559613116221874,-0.028928955479630484,0.01709632238945975,False
320210,33,-0.010038922920655096,0.011705075045738334,-0.03351030868686539,0.013218140383145473,False
320220,16,-0.00820588952547392,0.011630586251423864,-0.03172665283330433,0.014847278533482763,False
320225,13,-0.008533770005147429,0.01148521761860627,-0.031112730711893848,0.01388764569091792,False
320230,42,-0.010415366257707144,0.011302563666912789,-0.03296358903497531,0.011182840745018382,False
320240,124,-0.006260740380062092,0.010982237375114277,-0.027532368725107167,0.01535251497741678,False
320245,30,-0.008269673020917297,0.011490285281113358,-0.03143177686638825,0.014837182272184678,False
320250,18,-0.006939291019740786,0.011515338395280097,-0.030107069749586896,0.015752690282028192,False
320255,13,-0.0059038464765538215,0.01128090481723593,-0.027862709277175355,0.016842867100477797,False
320260,10,-0.007579498832369712,0.011386674864801443,-0.03027032364773488,0.015431922725523918,False
320265,17,-0.006250174428157709,0.011261789869252739,-0.028714241667030696,0.016312627426869192,False
320270,12,-0.01048726816845893,0.011480412344922907,-0.033319455775895956,0.011988200697200382,False
320280,47,-0.009841841059877805,0.011185845407769601,-0.0322471332220339,0.012089064068187346,False
320290,8,-0.007939372496083974,0.011582758397064984,-0.03123065249651225,0.014518119684611733,False
320300,27,-0.009114220102520078,0.011463877423961197,-0.031690708129432636,0.014052437131540921,False
320305,38,-0.007775927337304522,0.011494706186626973,-0.030296549968475583,0.015150001316387789,False
320310,16,-0.007046737894782981,0.011513234003120789,-0.02989888495973769,0.016057220702777184,False
320313,18,-0.009160683912684767,0.011346633317568815,-0.0321712009672616,0.013255341575117291,False
320316,4,-0.007086300288378123,0.011647106664108368,-0.030630213607270185,0.01605149999623987,False
320320,206,-0.004323680945423362,0.01011123434541086,-0.024106807870439794,0.01615195334984577,False
320330,14,-0.008717029907233621,0.011260131693669975,-0.031690404215575736,0.013330717859272586,False
320332,55,-0.003939679871122764,0.01118892538138351,-0.02602852397797938,0.018550673364088832,False
320334,21,-0.007047025020322304,0.011318083548636991,-0.029235222022201877,0.015679898614682546,False
320335,9,-0.009180129341010455,0.011452442364810519,-0.03207800824266545,0.013756557823256218,False
320340,18,-0.005982720349070418,0.011374975520202894,-0.027722025024278014,0.017218441082352962,False
320350,19,-0.00844205605051507,0.011324480858839995,-0.031045550760905215,0.013665193470342119,False
320360,6,-0.00867409571530819,0.011504217953054563,-0.03132113385175466,0.014089711513146135,False
320370,16,-0.009856147587177034,0.011392634488773817,-0.03208222305303526,0.012354553145651351,False
320380,14,-0.008220428518237934,0.011080746114428658,-0.030549946262341685,0.01307154773887501,False
320390,54,-0.011827016007626064,0.011434172310277371,-0.03509869584157135,0.010502070264680677,False
320400,20,-0.012109559990004836,0.011778985864967543,-0.03567003366686661,0.01071572773857206,False
320405,30,-0.008897279726162917,0.011428170408997898,-0.032035752611333,0.013633341657056505,False
320410,26,-0.006787972872216579,0.011390300532123874,-0.028964696369657646,0.015780123486419034,False
320420,25,-0.008904531311338424,0.011120923717542931,-0.030912578678021278,0.012627297817512208,False
320425,10,-0.008375121269402685,0.011168322243673649,-0.03087301941378488,0.013840007938188506,False
320430,10,-0.0069895268329788545,0.011439738955751243,-0.029991228368911608,0.01588083393506332,False
320435,15,-0.008755796486510216,0.011338708590711734,-0.031100989347856555,0.014123775213756911,False
320440,6,-0.007160165093519087,0.011430923852360123,-0.02971012122988613,0.015451228819593002,False
320450,12,-0.007731949131057414,0.011549300443539285,-0.030837774220340463,0.01554333207210181,False
320455,64,-0.005365876334392191,0.01093868835231251,-0.026756989207224042,0.016792004530656674,False
320460,24,-0.007198382677130351,0.011646990829403884,-0.03039344372021672,0.015895178986838364,False
320465,12,-0.006909960431088471,0.011639640171925477,-0.029786041149224323,0.016388980716718723,False
320470,50,-0.012743091594655172,0.011107463195637669,-0.035557545906707955,0.0084388365556323,False
320480,12,-0.008118008659198917,0.011214236602026705,-0.030833598563973587,0.013975414068162998,False
320490,202,-0.012002521380420008,0.010422012638822907,-0.03308330685111585,0.008237992541578124,False
320495,13,-0.00822773225046126,0.0112301623713566,-0.030529726880637334,0.013980190899931652,False
320500,632,-0.0009628004331091774,0.00924782450098292,-0.018677236215702657,0.017676907613764947,False
320501,45,-0.008541751403278678,0.011299558054959557,-0.03180510300329944,0.01380005492844288,False
320503,36,-0.007172541500434272,0.011186016472111681,-0.029230926333321954,0.015338652486863214,False
320506,20,-0.006494420231311082,0.011748816273891644,-0.02936800073208855,0.017346015792163955,False
320510,85,-0.007946938557799819,0.010956651397340731,-0.03008100779385018,0.013424410920242333,False
320515,9,-0.009627860244905638,0.011344625440050585,-0.032236528764558604,0.01279538995402352,False
320517,16,-0.006656063558060056,0.011574352158900028,-0.029033355245286167,0.016699915169843316,False
320520,515,-0.009007059745289668,0.0092625311563519,-0.02751337316134564,0.008968885645388286,False
320530,274,-0.003027718912672672,0.010324317349491918,-0.02290471847624226,0.018019622620251412,False
330010,184,-0.0021944718579638553,0.010444383169747905,-0.022095930170457887,0.018602608515693793,False
330015,13,-0.010712680323341658,0.01130392221419638,-0.03310425431673542,0.01108969213613665,False
330020,143,-0.01195202359142467,0.010496243963320955,-0.03339223444536691,0.00793449843568004,False
330022,24,-0.009062668851557541,0.011611258138041109,-0.0322835585630075,0.01434503451559537,False
330023,61,-0.007848361706120612,0.011080054813866546,-0.029339875438741683,0.01356053708443981,False
330025,41,-0.008586979504225977,0.011710121264160813,-0.03133997507489543,0.014656327053473878,False
330030,98,-0.008294012317368028,0.010672705652299145,-0.02947176467299805,0.01336794486607985,False
330040,172,-0.007897192361365983,0.0107188598611407,-0.029234227537297326,0.01347478473947224,False
330045,665,0.003892340695135605,0.009580383922072812,-0.013990641462401376,0.023393495362883057,False
330050,41,-0.006538435307624157,0.011423757190343992,-0.02893395513141167,0.015627629265823305,False
330060,48,-0.010561478081288912,0.011292868391498406,-0.03295985300444852,0.011164668201552852,False
330070,261,-0.002903467136067712,0.010098901706820072,-0.02253108666883983,0.01738759964493909,False
330080,45,-0.00688554466147913,0.01108997777596343,-0.028415891279961712,0.01482878645065232,False
330090,8,-0.007959185557510436,0.011109443319621527,-0.02956789376528806,0.013937704943106139,False
330093,17,-0.006697704393764756,0.011507795490147148,-0.02970308816510137,0.016442194606959573,False
330095,18,-0.005211456039253349,0.011005622069198858,-0.026539621795586107,0.016639465200276028,False
330100,905,-0.0029326366394877403,0.008864699082007958,-0.020239846695712178,0.01501140846816885,False
330110,32,-0.009738639894833652,0.011426137882026271,-0.03273605832676307,0.012180493407999178,False
330115,15,-0.006053791739650257,0.011380472042993958,-0.02829195740837277,0.017002190240525905,False
330120,17,-0.010122043550049854,0.011201495174694799,-0.03237898808917363,0.011521143761062901,False
330130,47,-0.005429177790918092,0.011163977126068304,-0.027134818644855944,0.016926257156610922,False
330140,24,-0.005713545039603087,0.011279500912854417,-0.028319534161525967,0.016858561611387116,False
330150,23,-0.007450871703418949,0.01143775846033035,-0.029914948417711737,0.014950501772941853,False
330160,9,-0.007609089913054067,0.011597217351082302,-0.030125967401890646,0.015638132359269884,False
330170,1347,0.0008739589897127735,0.008767527217141847,-0.015839556086763393,0.018341648330409962,False
330180,22,-0.006885846840766933,0.011395087096182572,-0.02989184022395553,0.01600613834894412,False
330185,54,-0.004014397005776236,0.011179728220956305,-0.025809902766431466,0.019121053810531852,False
330187,34,-0.00909132932924167,0.010973544485971529,-0.03144268835450022,0.01289962685752747,False
330190,262,-0.005150540367651765,0.010219685905288432,-0.02466610548417562,0.015413257236218583,False
330200,192,-0.015762991221631967,0.010588036982136893,-0.03724127176850721,0.004515457628612029,False
330205,6,-0.007418142295252288,0.011175852652898107,-0.029669498886058448,0.015201112920079076,False
330210,27,-0.009668623409015234,0.011471829251709949,-0.03277466675110236,0.012527454677977128,False
330220,103,-0.004346466239350757,0.011089246650283205,-0.02603949756371645,0.01782307445557376,False
330225,34,-0.005699847567838764,0.011243294057244049,-0.027683725918425793,0.016640726903667566,False
330227,147,-0.00010349709331199824,0.011115216428101482,-0.021188060906018394,0.02279905534907749,False
330230,10,-0.008057639455496604,0.011313027882301634,-0.030888256229403784,0.014389998606915682,False
330240,329,-0.010575601800674832,0.010096509830461944,-0.030695614128057318,0.008953401732752721,False
330245,14,-0.009158470520654948,0.011548652281212058,-0.032241265295589495,0.01390135472035955,False
330250,387,-0.005931997236321767,0.009886096552388432,-0.025010203690697726,0.014267299914919625,False
330260,55,-0.009131808221498457,0.011147415886493478,-0.0312692044065929,0.012947010389181442,False
330270,148,-0.007924068579342334,0.010951227839614384,-0.029866787800201237,0.013652118233967172,False
330280,10,-0.006996861928972584,0.01131355159450244,-0.029235817549596053,0.01567741787366297,False
330285,191,-0.004466676501557792,0.010357849696486891,-0.0244594822941766,0.016789004611975137,False
330290,31,-0.009177706743468874,0.011332044783735094,-0.03223921996646001,0.013217724122799295,False
330300,34,-0.007380175296351032,0.01117096542335444,-0.02952438863785512,0.014730433646378877,False
330310,11,-0.007634266053437901,0.011423576144010275,-0.030199885655608945,0.01491742530404139,False
330320,210,-0.002367012123839535,0.01034659641477135,-0.022571525467225687,0.01856903534870811,False
330330,438,-0.00015292181195649323,0.00989476410906399,-0.018840425783019102,0.020227378324232357,False
330340,184,-0.0030217341280462467,0.010244349380023924,-0.02278272342133864,0.017461477117729777,False
330350,1147,-0.007389422062517812,0.00886140612104447,-0.025004399663008416,0.009997376507590553,False
330360,33,-0.009812496641963424,0.011303365842464956,-0.03261649291080727,0.012290097404348891,False
330370,63,-0.009214862505333307,0.010888016424993598,-0.03169011130749292,0.012715795931190307,False
330380,55,-0.005851153824916595,0.011426186773495073,-0.028294596345536455,0.017295563326817052,False
330385,32,-0.006123911903821631,0.011419120969723825,-0.028570606241183405,0.016457780664896303,False
330390,368,-0.00755258707989832,0.009853730248571547,-0.027337276393873663,0.011850129391033087,False
330395,24,-0.006480072982579244,0.011446214577507377,-0.02882414941415411,0.016469221056509335,False
330400,34,-0.0073883822467993975,0.011092038473270227,-0.029241194331781423,0.015015157018517222,False
330410,22,-0.007076845963833046,0.011547229387217132,-0.02990264864420728,0.015589114526345838,False
330411,24,-0.007011693995234392,0.011491780093207131,-0.029628552757017434,0.01527723402842949,False
330412,15,-0.006077143329049497,0.011683478967850354,-0.028672070113411448,0.016842827568110737,False
330414,228,-0.009292926415379503,0.01040110316100104,-0.029935383965531352,0.011219320846232833,False
330415,21,-0.010661327849923685,0.011517209654626171,-0.03405430821047327,0.011751847833569232,False
330420,183,-0.002455825873524035,0.010373490870155763,-0.022197597051446895,0.018712277980596322,False
330430,74,-0.003471276339748721,0.011084087383586553,-0.025143953519237813,0.019348067420149665,False
330440,20,-0.006471742910528784,0.011338266425418653,-0.028537763867879967,0.016185004571640488,False
330450,12,-0.007016285240602702,0.011326178757491307,-0.029232612754448387,0.015451741708058239,False
330452,178,-0.009260305588324972,0.010709666646669532,-0.03021319415036734,0.011749736928086086,False
330455,6587,-0.0021803038334559186,0.007976386449359512,-0.017654626445307277,0.01352310834473395,False
330460,12,-0.010317598788184307,0.011178533926288802,-0.032604710705904295,0.011422352495030583,False
330470,54,-0.004508332118657171,0.011308969259753998,-0.026563062894432655,0.018292557011297523,False
330475,60,-0.008298876215743637,0.011243493428771806,-0.030955443868530438,0.014005897735310031,False
330480,43,-0.006300209307274642,0.011574894827021578,-0.029225860044770943,0.016695438615781218,False
330490,910,-0.004950179742428925,0.008784031105639323,-0.02212941642081978,0.012366460710437012,False
330500,56,-0.006059023521671481,0.011272705564026111,-0.02764962375234837,0.01630157958842668,False
330510,671,-0.0019708114363884387,0.009416623645163883,-0.020173541354819472,0.01684280008459146,False
330513,10,-0.0064241714273750505,0.011585497439791271,-0.028953854011988883,0.017027470070333662,False
330515,37,-0.006181555436745539,0.011487179758182047,-0.0282203140179163,0.01610313804969227,False
330520,137,-0.007364841086185531,0.010585192842066193,-0.02808686278707858,0.013426796068169438,False
330530,6,-0.007619105506578646,0.01102563537430852,-0.029122361787824663,0.014068076678462946,False
330540,24,-0.009620884086797706,0.011351118701767287,-0.0319047838975946,0.012523265828101916,False
330550,98,-0.015225895248580201,0.010954740358332212,-0.03773951003748773,0.005503644506027197,False
330555,107,-0.009367967005221958,0.010911970604040904,-0.03161235052971257,0.012457930424985483,False
330560,22,-0.008451291120783808,0.011636029644720701,-0.032197899083995805,0.014763423745480689,False
330570,21,-0.010564796313603781,0.011476424653049926,-0.03361222288292609,0.011633448350400755,False
330575,40,-0.007931006048605272,0.011210490044059798,-0.030099533416832944,0.014379525956516587,False
330580,176,-0.016924758164200387,0.010875068696279518,-0.03967375748965445,0.003715176349351986,False
330590,6,-0.009302685671228559,0.011278760601373047,-0.03225544675797491,0.012664686211570927,False
330600,115,-0.010951998667406893,0.010990313681576222,-0.03307198502425916,0.01064202904788929,False
330610,70,-0.0103126119347954,0.011331939527339192,-0.03260844659240349,0.011434821325665201,False
330615,13,-0.008268471738768345,0.011528270944118449,-0.03150757800499514,0.014034137354678438,False
330620,56,-0.00492980567446209,0.01118874102042766,-0.027058673876883224,0.01794402543350858,False
330630,255,-0.004428337363488079,0.010425771608508248,-0.024621718099789365,0.016566057390403868,False
350010,25,-0.008458771187930035,0.011405018416185872,-0.031728052233965784,0.013604352610568186,False
350020,2,-0.008144646016563261,0.011308806786786063,-0.030815393346853875,0.014456103491467549,False
350030,41,-0.00988829074220574,0.011583868201420409,-0.033100019433211184,0.01230153580534907,False
350040,6,-0.007432964448952359,0.01130698180346896,-0.030503628809457357,0.014908118042562268,False
350050,10,-0.009020639866793436,0.011494142801853343,-0.032114795739661126,0.013715865409020055,False
350055,7,-0.010399883500136459,0.011230145140396375,-0.032910859053226056,0.011457960640417736,False
350060,3,-0.008909148337964305,0.011474569031461112,-0.03177701143914865,0.013895077778227467,False
350070,52,-0.0109105811994313,0.011269787041976896,-0.033580189956310756,0.010981190383295463,False
350075,8,-0.009512201667759844,0.011745935814327658,-0.032905311112911326,0.013707478025400231,False
350080,11,-0.008937953098371818,0.011748325573603547,-0.032604980384413944,0.013963162988577232,False
350090,5,-0.008237684598921807,0.011089393487964902,-0.030052515389362006,0.013584314757550146,False
350100,18,-0.0081527620460124,0.011481251633930913,-0.031143515286531687,0.01446328473387234,False
350110,5,-0.007071117693885924,0.01143089635306057,-0.029311507225113113,0.015713276425383834,False
350115,23,-0.008839887610120872,0.011290254589234603,-0.03155310454327387,0.012946755306427317,False
350120,1,-0.008409067824120075,0.011745870276866978,-0.03168931991192646,0.014971824207753517,False
350130,22,-0.004512152875317105,0.011525240306488166,-0.026854352823224466,0.01880276014405672,False
350140,3,-0.007010372056073258,0.01154628182874475,-0.029624369494827135,0.01617106134283418,False
350150,4,-0.007775149069533821,0.011687449885743939,-0.03107284583172462,0.014588437228223488,False
350160,192,-0.012091837661849406,0.010394539409493411,-0.0330685071239809,0.008268181009780669,False
350170,50,-0.004913141576225784,0.011382302545094054,-0.02712101601989836,0.018357625003793197,False
350180,2,-0.008044653086864747,0.011243657278666384,-0.030210248311793465,0.014252075110966161,False
350190,47,-0.004307313985862577,0.011075704740812311,-0.02650445060872872,0.018322839084325436,False
350200,9,-0.007310582736683945,0.011391512815519783,-0.030633369882962024,0.01595727242427093,False
350210,58,-0.004941353148881736,0.010933795832719749,-0.027048767601353246,0.017442082694062038,False
350220,34,-0.00671303356030294,0.01125526330895807,-0.028688436576031866,0.015808516645367136,False
350230,5,-0.005876946748231894,0.011309778577291037,-0.028153404786329578,0.017183177043492738,False
350240,7,-0.008107620253979778,0.011905173947871382,-0.03120339182673446,0.014863262470154006,False
350250,39,-0.006883741542820874,0.011526202382745454,-0.029599200351504255,0.01578156967423054,False
350260,1,-0.007547552881654435,0.011431465044817606,-0.030135929184354825,0.015041004676139912,False
350270,36,-0.008839248766643264,0.011225351120216045,-0.03056875431521103,0.013195903944559056,False
350275,31,-0.008524767606564709,0.011202020546813166,-0.030660785817480458,0.013436651300858617,False
350280,216,0.0024860561442472846,0.010650209608547194,-0.01735414277918948,0.023797571467731295,False
350290,33,-0.01049369325300716,0.01136010006263384,-0.03309051641430886,0.011523819683549727,False
350300,4,-0.008011103802468646,0.011711725883993872,-0.03182630441844766,0.015379966379197852,False
350310,13,-0.007909066718804016,0.011227035020049651,-0.03010497340344119,0.014145621159531085,False
350315,2,-0.00822570964392856,0.01154251011879352,-0.030732970425285427,0.014257617787945287,False
350320,225,-0.008368458444529096,0.010297965470740592,-0.028608141611472543,0.011514575402559114,False
350330,132,-0.004938487550956708,0.010717757905917143,-0.02616233401383597,0.016620319377124475,False
350335,2,-0.008343293326956205,0.011585476443650898,-0.03098003063062202,0.014773207996522628,False
350340,5,-0.007896865636557799,0.01153119318288998,-0.03094462659600828,0.014804496689935831,False
350350,3,-0.00793438629063134,0.011457796890385601,-0.030745375347977787,0.014405176435866293,False
350360,14,-0.007901304776715735,0.011318739556653332,-0.030671166069553103,0.014320465460467006,False
350370,7,-0.009334694544039625,0.011302001567952422,-0.03152842845668417,0.012110403497355928,False
350380,27,-0.010912938759352375,0.0114174371260937,-0.03389846083580446,0.011018869968256122,False
350390,120,-0.009157906451629652,0.010709231436377363,-0.030429644723394537,0.011682084333108937,False
350395,0,-0.007783510608362968,0.011322859060017789,-0.02981029822264598,0.014157727706723616,False
350400,102,-0.003639569035669543,0.01070436234250925,-0.023878229104420643,0.017937674541904508,False
350410,161,-0.014996092371117997,0.010680729047856519,-0.03701640737311235,0.005556994492718804,False
350420,12,-0.006074657512760666,0.011456268097092583,-0.028771534250504605,0.01667529309956436,False
350430,7,-0.0058677876757689176,0.011382715087645616,-0.02816967796209463,0.017196935471856203,False
350440,13,-0.008904014855614028,0.011210652656146588,-0.03168027573470913,0.012894158238970724,False
350450,124,-0.006276364840866659,0.010644976855362365,-0.027021259018744807,0.014817789694718,False
350460,15,-0.006133433140719477,0.011711592993063203,-0.029004176813999444,0.017310918531200845,False
350470,0,-0.007862298309189249,0.01156850975502891,-0.030734493257398788,0.01509588890292942,False
350480,5,-0.0074581033819957,0.011076828526639939,-0.02948939655444484,0.014831683160705652,False
350490,7,-0.007526146274128093,0.011319164161220308,-0.0303512507897244,0.01499597353716268,False
350500,8,-0.008461744284962948,0.011590020833776932,-0.030904643075364814,0.014393250842906316,False
350510,4,-0.007856223596130666,0.011407972956425682,-0.03045142067587235,0.014383498702650991,False
350520,39,-0.005544746042104176,0.01142636434674212,-0.02763212077483785,0.01721620199121073,False
350530,30,-0.005307614995433732,0.011334506241709676,-0.027213189831201485,0.017600839617769603,False
350535,9,-0.008309665959752065,0.011311894295823377,-0.030989567930383398,0.013675638344842143,False
350540,6,-0.008611118595666982,0.01140072477997364,-0.03128827999110054,0.013760408704872613,False
350550,142,-0.005761085443560799,0.01067178795775797,-0.026354947937411975,0.015475535097514277,False
350560,44,-0.010304112234921106,0.011286125526216259,-0.03307229628106829,0.011610658835913478,False
350570,353,-0.01852578236873494,0.009881306326027324,-0.038730190676458554,-0.0003759972490189385,True
350580,28,-0.006049496440252942,0.011217160968576738,-0.02822293349739211,0.01615526390972846,False
350590,71,-0.0077028123119282895,0.011133039730616018,-0.03010666241514275,0.01435138770479791,False
350600,368,-0.01194129138047789,0.01000013262683898,-0.03254488274823255,0.007474932733384098,False
350610,80,-0.011167361129791532,0.010808907063742764,-0.03303691837277383,0.009631641579359418,False
350620,2,-0.006873390357255508,0.011569769391182608,-0.029660454092433296,0.016622492148842802,False
350630,10,-0.009466596782432226,0.01118930078302736,-0.031648259268687765,0.0121655234367792,False
350635,107,0.001719155855766542,0.01114213385419168,-0.01896615743846231,0.024975708677992283,False
350640,6,-0.008353342174317992,0.011240422683612706,-0.03060664843413062,0.014227468707298529,False
350650,130,-0.01164335549755299,0.01053834284893958,-0.03260078028343535,0.008818981996150296,False
350660,29,-0.011633506068719289,0.011213741609001997,-0.034292733838254805,0.010476864875165214,False
350670,13,-0.008200878723804627,0.011300636061650748,-0.03062977430640713,0.014006891622371226,False
350680,21,-0.008379033488767524,0.011470644473408809,-0.03154090911824068,0.014110560340887719,False
350690,14,-0.004846765650179457,0.011385660691754543,-0.02700829253466067,0.0182126483451475,False
350700,80,-0.005579515680565212,0.010763988497250777,-0.02694364529772979,0.01539613702211141,False
350710,30,-0.009826832546157726,0.011538202248238677,-0.032914544423882336,0.012913600812431867,False
350715,5,-0.008420665863878308,0.011174173762048555,-0.030907401503241824,0.014102489112003645,False
350720,1,-0.007177764643202139,0.0117270225615159,-0.030134121333719375,0.015188686847503073,False
350730,11,-0.008347882870920491,0.011859863487101304,-0.03180252157739125,0.015199043011191796,False
350740,10,-0.0071503464784190085,0.011469350428516226,-0.029993937845276198,0.015776911337683285,False
350745,1,-0.007354343611500732,0.011159267967161247,-0.029474242527162842,0.01484049796980201,False
350750,170,-0.005133203142969105,0.010658895474739884,-0.025646125289488696,0.016250998073285325,False
350760,165,-0.006757541756212792,0.010317890990964458,-0.026993860937591863,0.013672786808719193,False
350770,4,-0.007097358916278832,0.011244757889736863,-0.02973055228644457,0.015098112224958462,False
350775,3,-0.00728574775746017,0.011574174020332732,-0.03047359602119519,0.015783330028926065,False
350780,24,-0.0077500219788787595,0.011161903955669183,-0.029935662103269298,0.014713938290906252,False
350790,28,-0.01151716194448709,0.010881143505741918,-0.03375826220915785,0.009656227005088313,False
350800,38,-0.0074731361685336705,0.011506768981588655,-0.03015691583673704,0.01517927002317341,False
350810,16,-0.006936329455839189,0.011594554147509034,-0.02969337685857018,0.016411403598904438,False
350820,4,-0.009171789832596177,0.011632988485691855,-0.0327819022687669,0.013433690291187277,False
350830,7,-0.009488965024911354,0.011418550920916797,-0.03185248914420012,0.0123243052768106,False
350840,83,-0.011798924578798917,0.010886087516939712,-0.03395227932144815,0.009049450425750541,False
350850,81,-0.004525764291763028,0.011119312056817494,-0.026432031343768272,0.01808183784034752,False
350860,42,-0.007252798037799332,0.01118313772125996,-0.02898421581257416,0.015222847528252603,False
350870,17,-0.005525381363516126,0.011406837118465176,-0.027743954640819784,0.017431860863624374,False
350880,19,-0.00491009403755523,0.011386968951061342,-0.026991512787123036,0.01846126097146815,False
350890,6,-0.007517447362390231,0.011449721715173587,-0.03016606648723312,0.014929660471309447,False
350900,102,-0.004318554260734297,0.010863175075075898,-0.0250038482159412,0.017861122896188606,False
350910,3,-0.008527980791029373,0.011633730298241926,-0.031600469990772824,0.01413013592833834,False
350920,110,-0.005472827539122957,0.0111264477829495,-0.027818419681095777,0.01709492345830815,False
350925,39,-0.009223107361002915,0.011141055391473581,-0.03114938957503685,0.01309137716423145,False
350930,7,-0.006684432317908381,0.011823821093145292,-0.030610339852413442,0.01653815616672347,False
350940,33,-0.005655411047029742,0.011053159589161074,-0.027119837475345552,0.01623583057156491,False
350945,6,-0.007576753089768774,0.011797421706505109,-0.03148948976469101,0.015596818904599772,False
350950,921,0.0013374280214527893,0.00910586972176777,-0.016438742131967797,0.01996752988896998,False
350960,79,-0.00761493776619247,0.010634631682649423,-0.028752231518611344,0.013554776834990994,False
350970,56,-0.00972612843873857,0.011009016697849622,-0.031914951489837994,0.012612547797052603,False
350980,6,-0.007376821367474412,0.011822849700771904,-0.030531548505637073,0.016287464443359375,False
350990,21,-0.005963553238248938,0.011438994695912188,-0.028335788745630364,0.016874640851304013,False
350995,9,-0.008831321321509725,0.011682089699692724,-0.03155531875222403,0.014221553599872244,False
351000,20,-0.009980788193278953,0.010956030247212506,-0.03191662629818203,0.011355722076418369,False
351010,2,-0.007640749399848327,0.011332105699190104,-0.030504122091947163,0.014392117245821595,False
351015,7,-0.006862655091516578,0.011225487153149676,-0.029146857081148912,0.016339368180047543,False
351020,55,-0.00774385124417667,0.011028558326204982,-0.029562497185778653,0.014111161154989947,False
351030,25,-0.006862250572347418,0.011387081204065463,-0.029636166929770356,0.015789345225667266,False
351040,53,-0.0013266149334318108,0.011266571682218614,-0.022444462016070362,0.021486358549602843,False
351050,138,-0.0005753174872520288,0.010667446389715549,-0.020818407594866306,0.02119407004308464,False
351060,551,0.0035102738861629537,0.009853267379127176,-0.014939218844254563,0.024036126282807234,False
351070,7,-0.006890688520260703,0.011256333481927845,-0.028860058500276006,0.0155584017405757,False
351080,31,-0.00925157033481542,0.01117424112849728,-0.03182235540898626,0.0129465689771772,False
351090,1,-0.007682011028588711,0.011385232702570717,-0.030231396970562187,0.014846685993385678,False
351100,21,-0.008217132278629014,0.011294180924034483,-0.03108425638735318,0.014225893025793574,False
351110,93,-0.0035629565539395066,0.010982811207082542,-0.02454405775686084,0.018604736578507756,False
351120,5,-0.009665400677902466,0.011425360539622415,-0.032144399372856486,0.012705375289389802,False
351130,8,-0.008677329411824407,0.01161716903231181,-0.03212868281003605,0.01435736989881132,False
351140,20,-0.008778385957502152,0.011403181867824142,-0.031746703974806285,0.013898269388893304,False
351150,29,-0.008082605716146704,0.01118642546244757,-0.029888707939561002,0.01424499087819782,False
351160,30,-0.006840476738736721,0.011328728277392175,-0.029258252015046837,0.015787007821076796,False
351170,16,-0.0070570252669851586,0.011352769443814189,-0.02951746643431398,0.01508935822122654,False
351190,9,-0.007240305712814143,0.011570870528666274,-0.02956140992052828,0.015349716871269303,False
351200,12,-0.01008534200773154,0.011361366716385355,-0.03381296470190558,0.01187126518487402,False
351210,8,-0.0069136775536849365,0.01148416982531,-0.029557749143512713,0.015981785595882446,False
351220,42,-0.007455234934647752,0.011454253949505569,-0.029926015944751652,0.01525744617507361,False
351230,14,-0.00912016664187293,0.011216434961825105,-0.03155792004741249,0.01305306954852355,False
351240,19,-0.0059033310329811685,0.011408284371297652,-0.02798647480052362,0.01658328024083351,False
351250,6,-0.0077578205880661,0.01164022038501735,-0.030441131695212596,0.015547607262034793,False
351260,4,-0.006185432060479798,0.011681113905181147,-0.029063805721726736,0.01714313074760415,False
351270,2,-0.00795488003393372,0.011462225007514513,-0.031789091974460754,0.01558767261550584,False
351280,54,-0.006270337014115612,0.011013687832309048,-0.02816537143701193,0.015328963803101683,False
351290,8,-0.005568741601310935,0.011327050466599702,-0.027446190187715287,0.017366113242591092,False
351300,300,0.0005072429870329011,0.01018875387697936,-0.018843534175648595,0.021121024721925976,False
351310,40,-0.004243596938841798,0.011034945984466568,-0.026082611113499955,0.017878195980516313,False
351320,12,-0.008367730840524636,0.011450154359856208,-0.03058044337700906,0.014464066435974816,False
351330,4,-0.007200391147324656,0.011521799388705938,-0.030407409498959495,0.015390759179379768,False
351340,90,-0.008527120084280046,0.010575941753361295,-0.02927110090990777,0.012444676584308301,False
351350,156,-0.010393246372365342,0.010185818806906102,-0.030549132316706192,0.009056403629398867,False
351360,15,-0.007821899028906738,0.011423317971758787,-0.030417296490762483,0.015616610045137432,False
351370,18,-0.007265724661156257,0.011187349663283275,-0.029247582218678608,0.01511186674135676,False
351380,487,-0.012220456708466701,0.009736615969997859,-0.031483077986069766,0.006294472357731971,False
351385,1,-0.007827100076890695,0.01161765818310995,-0.031633640539310885,0.014755442926845665,False
351390,7,-0.006176703641361215,0.01130661357885976,-0.028636728513951024,0.01652594297024039,False
351400,12,-0.005704677771870699,0.011441246460332467,-0.027814145415140733,0.01717042306925313,False
351410,30,-0.0077467242867977565,0.011250677495323012,-0.03028769910207293,0.015007896167948636,False
351420,0,-0.007945357419200135,0.01130168112994333,-0.03021312692826562,0.014086750175345277,False
351430,7,-0.008647501751984454,0.011521457008040064,-0.031261026024563626,0.01412831500493519,False
351440,44,-0.0078313713329403,0.010912228263635047,-0.029514036719818018,0.013715168458238494,False
351450,14,-0.01054554780414038,0.01147853011927329,-0.033561389686103074,0.0115584625933057,False
351460,9,-0.009531017539408184,0.01152588935436999,-0.0329990631790666,0.012504514768120006,False
351470,8,-0.008842573483128505,0.011346606526586055,-0.03148561364374128,0.013488360359239115,False
351480,15,-0.007346181070248514,0.0113335304963507,-0.030240572594726192,0.015147129925869895,False
351490,19,-0.007033298054916674,0.011404688893850263,-0.029325434192179214,0.015492718998167615,False
351492,2,-0.008052364255595482,0.011556235952579466,-0.03120761303712903,0.01478032241326545,False
351495,2,-0.008625829017436417,0.011661907631817535,-0.03206759574499403,0.014328033841794898,False
351500,321,-0.011544867756807246,0.00993157345161192,-0.031073559259530155,0.0074986295210516425,False
351510,63,-0.00555510403380188,0.010814427890638117,-0.02636325592227822,0.01642341576303031,False
351512,2,-0.007248263368586496,0.011049779143887968,-0.028882382770909803,0.014925825528625201,False
351515,23,-0.0079829667731873,0.011360247584422119,-0.0306772905285282,0.014503767503318199,False
351518,42,-0.004258183665037004,0.011074181892582845,-0.025925548742073007,0.018149893808414908,False
351519,4,-0.008872689712671975,0.011591998634637817,-0.03171574487224853,0.01398030766255072,False
351520,7,-0.007165209615833837,0.011267850821327518,-0.02912577357923732,0.015066000447090269,False
351530,2,-0.006797761015824051,0.011250461379727603,-0.02921400337205213,0.015667614931201196,False
351535,9,-0.007188994946150461,0.011523698711303163,-0.030114208620779903,0.016259367743914597,False
351540,10,-0.007425121037335503,0.011452261739746455,-0.02999372789522987,0.015094968594040697,False
351550,47,-0.0076436999872805,0.010949162484619546,-0.02948602675414516,0.01461410279122337,False
351560,4,-0.007423219825381363,0.011254074413215067,-0.029283244959813548,0.014898690956225957,False
351565,2,-0.00858059306933978,0.01124969921708947,-0.030763842908816532,0.01360087647370341,False
351570,250,-0.006101059034351897,0.010246047623990161,-0.026396524180183838,0.014314637002826978,False
351580,1,-0.008322155134360992,0.011526054370300794,-0.03131733172263086,0.014592611815808528,False
351590,1,-0.007145111368454231,0.01137701717074682,-0.029779252068705037,0.015266737376608915,False
351600,16,-0.00921157734579396,0.01113512944395238,-0.031714983006077765,0.012291202423133477,False
351610,2,-0.008795942667326586,0.01172709124100567,-0.032299116436671264,0.014078609852749285,False
351620,338,-0.007616073252695923,0.009580893846477919,-0.026662120562145702,0.01123755104534413,False
351630,229,-0.006439520514565643,0.010196796508101265,-0.026198781879421113,0.013593841513533727,False
351640,180,-0.011969822915980224,0.010467904239070906,-0.03336783525596647,0.008920924398828483,False
351650,4,-0.0072438430753350965,0.011888626876371816,-0.03136290294258996,0.01601427510333164,False
351660,7,-0.008080163316865356,0.011734417765165778,-0.03143418327733063,0.015707805760446697,False
351670,60,-0.006029903919503685,0.011130320342638358,-0.02752405638058443,0.016198753720853044,False
351680,1,-0.008202673474064478,0.01171189251300341,-0.03170768126634138,0.015289235807197541,False
351685,6,-0.007825511284609154,0.011208412458921705,-0.030132826274303987,0.01495444788230705,False
351690,13,-0.0064548004992752905,0.01137581408145943,-0.028828924504852037,0.0167220007926523,False
351700,13,-0.007173943377820559,0.011135115541755112,-0.02925511151242981,0.015029013561394081,False
351710,4,-0.007540032087046229,0.011762152944649879,-0.031017915627578118,0.0160433686663701,False
351720,14,-0.007039749362443193,0.01155097008627809,-0.030020728962897564,0.01622637993885226,False
351730,10,-0.008877810043312378,0.01125950854303357,-0.03138398210113962,0.01287952810760903,False
351740,29,-0.0018911316138516842,0.011593301804639232,-0.023653830790517225,0.021429542151911427,False
351750,22,-0.006463879595501658,0.011152868296781705,-0.027584577569740715,0.015870992415245467,False
351760,33,-0.014349072876104315,0.011644040790179161,-0.037985566478181215,0.0076618552413779155,False
351770,16,-0.008293944421285566,0.011359960756551652,-0.03148221132409876,0.014498362980022236,False
351780,9,-0.007413689709203567,0.011372138651878938,-0.029980163852995383,0.015582065945227567,False
351790,9,-0.007959212932122983,0.01151796357379382,-0.030734815662939577,0.014668899115100067,False
351800,2,-0.0065223314981654144,0.011499055068868705,-0.029135687718600197,0.016425357496311545,False
351810,7,-0.0068496107924322204,0.011769417760931522,-0.03047012015365661,0.016353442780908396,False
351820,39,-0.009772766555725263,0.011488274084726628,-0.03247916714470249,0.01293615994323625,False
351830,26,-0.005942849072225767,0.011490599560245026,-0.028428590647194787,0.01783279689851241,False
351840,131,-0.00436187081190924,0.010774907579702432,-0.024739156474896995,0.017608747485755742,False
351850,16,-0.008092141572088523,0.011429746076815874,-0.03190195668132349,0.015285198843275888,False
351860,36,-0.008881434804660509,0.011146820077963063,-0.030818640251874675,0.01324220453359428,False
351870,506,-0.013471420682804438,0.009641658470577259,-0.03287112381247423,0.005306867112266506,False
351880,1794,-0.0046621812398331105,0.008917341759160676,-0.0216938178371412,0.013153067492514768,False
351885,9,-0.008892629380592806,0.01141785267725802,-0.031394049247180096,0.014003557340046524,False
351890,5,-0.006392200056472273,0.011730184744374879,-0.029799966266497592,0.017822107325005748,False
351900,14,-0.006590505072810802,0.011588575944891728,-0.029216810915063625,0.016405601097175766,False
351905,11,-0.0067389299340388465,0.011279194284949572,-0.02893102587462216,0.01546505034720484,False
351907,218,-0.00526059439360935,0.010315527017418127,-0.025591106800717495,0.015467164806228664,False
351910,7,-0.0078695012753847,0.011396450727083032,-0.03099587943220457,0.01501947823528967,False
351920,9,-0.008177878754892983,0.011251686315188077,-0.030900077844606594,0.014206378916636626,False
351925,8,-0.0066262145150599765,0.011487860430540392,-0.02931991858309058,0.01600133618688067,False
351930,27,-0.005397100572062899,0.011305065211386007,-0.027411014082397867,0.017413190634881497,False
351940,12,-0.006618688246707788,0.011497178763667189,-0.029233014537568065,0.016275587399018715,False
351950,9,-0.007403419518318244,0.01164034897486267,-0.030238508501791543,0.01582491877308011,False
351960,68,-0.007871350359097218,0.010640456583398844,-0.02943307376818704,0.012048454316097041,False
351970,102,-0.011264616163945518,0.01104240252102794,-0.03276880250503199,0.009948543176000978,False
351980,7,-0.007167410934517922,0.011300532121127506,-0.02915075623826474,0.014973582116962652,False
351990,9,-0.006889915129738533,0.011501561739317235,-0.02906024948479177,0.015765454788548256,False
352000,22,-0.008287592010130771,0.01105396521886959,-0.030117539927254893,0.013190595396652237,False
352010,23,-0.008673237224439734,0.01117083676379587,-0.030922449746298743,0.013277258783697713,False
352020,9,-0.008597850401755622,0.011681876539572785,-0.03189626804719076,0.013814087522315385,False
352030,41,-0.012115001930277144,0.011217456859007437,-0.03483287932586805,0.00971975489958608,False
352040,44,-0.0060273118351298815,0.011336814499307582,-0.02881681810255121,0.016805558386247227,False
352042,16,-0.004488174379627556,0.011547704153673732,-0.02736796412547291,0.01913894111475462,False
352044,19,-0.006953355506836605,0.011151786960546221,-0.02917879930075742,0.015409904409857064,False
352050,204,-0.015205019579853629,0.010705615986664396,-0.03665221384953679,0.004691652705306775,False
352060,7,-0.008858980571448927,0.011435942808400766,-0.03152033977453078,0.013767228926255424,False
352070,1,-0.008065289800771624,0.011429344476102193,-0.030534166423892433,0.014482441889563064,False
352080,1,-0.007618280861034082,0.011461499219254176,-0.030049514936947564,0.015119976199258724,False
352090,27,-0.004683554776424321,0.011164238702269945,-0.026406686948318374,0.017739024835977165,False
352100,38,-0.008782761791194815,0.011116101861237859,-0.031025616429573202,0.013314942697425412,False
352110,7,-0.008577136833829784,0.011003644062054722,-0.03011462388460234,0.013659646753889953,False
352115,2,-0.007501564156037334,0.010936272124291994,-0.02890317026718579,0.013839007525948398,False
352120,9,-0.007085583452893634,0.011543963181431931,-0.02969826365578017,0.016006073646700123,False
352130,13,-0.006562349480715658,0.011118328145859934,-0.028307135107941996,0.016041306346157365,False
352140,17,-0.007074345279144391,0.01144572833673706,-0.02956714575901638,0.015954082498214256,False
352150,5,-0.006315370293547423,0.011904592267608169,-0.029858879032875218,0.01731723559763488,False
352160,6,-0.007390549247713096,0.011403081100102824,-0.030061725296425614,0.015000675872013878,False
352170,31,-0.009448164752992967,0.011668918228078223,-0.03217272026396323,0.01340002785725008,False
352180,36,-0.009484843669211868,0.011196885058754442,-0.0318299995508994,0.012299604262530989,False
352190,22,-0.008095283731587624,0.011054353841496011,-0.029634123720653726,0.013292183527343317,False
352200,6,-0.00788181645814382,0.011581386152524345,-0.03071031303859331,0.014779172247730305,False
352210,105,-0.01138685492902694,0.010918020039865004,-0.0332300772408227,0.009622104896959078,False
352215,8,-0.009207278051977942,0.011585640104366145,-0.03208647030323025,0.013645587672606827,False
352220,208,-0.0060405494816920735,0.010402655786909824,-0.026290723164123942,0.014789060778003517,False
352230,166,-0.005823989987190847,0.010785350057727086,-0.027007684416985738,0.0159449070004813,False
352240,169,-0.009557518317550353,0.010636813117970143,-0.031727839206954454,0.011363703444622153,False
352250,338,0.0021560928605931203,0.010041688016601538,-0.016803537745240783,0.023086672085719975,False
352260,53,-0.00975751195502999,0.011179679103337264,-0.03268230802513854,0.011941501944069852,False
352265,5,-0.008646265367909625,0.011085916039935143,-0.030862974697635916,0.013077825384075904,False
352270,38,-0.007679561384943105,0.011168296669961601,-0.02945630533911577,0.014804171672213873,False
352280,11,-0.008111774180443907,0.011360150523252512,-0.03114131572119348,0.014446946697318129,False
352290,18,-0.006308493250384048,0.011171401465804054,-0.027912136016397304,0.015423778088818691,False
352300,6,-0.007631509492267113,0.011451396122986755,-0.030246845808213855,0.01494706549257288,False
352310,549,0.0010469109990377122,0.009633360693763924,-0.017444876143926667,0.02021292246550213,False
352320,66,-0.009674620207898579,0.011285288745205135,-0.03262712575862208,0.012486251955221628,False
352330,14,-0.01012803792566839,0.011414019770606874,-0.03358470487076484,0.012484671178162661,False
352340,138,-0.003525164008141966,0.010528179729185783,-0.024022869082537125,0.017003753380083995,False
352350,32,-0.0024301719011233284,0.011204861844222355,-0.02329965073197788,0.020580960718231393,False
352360,12,-0.007990903857784658,0.011400550379036319,-0.03057895964748998,0.014927096744612197,False
352370,7,-0.007939612267764217,0.011649767900419711,-0.030807642299011517,0.015465555819997935,False
352380,5,-0.00895713389090957,0.011343097712463671,-0.0320461695818773,0.013108045926132201,False
352390,165,-0.003401702085663111,0.01070134468279101,-0.024107705474495075,0.01794262457216448,False
352400,82,-0.008583899706555346,0.010925727527668684,-0.029985052718813656,0.012750244834388651,False
352410,31,-0.005928670836254981,0.011393978333211598,-0.02839757308705939,0.016640552048319417,False
352420,12,-0.0047530727352341874,0.01164811785932606,-0.02803222930879871,0.01916847036919876,False
352430,65,-0.006745993341870039,0.011087336821084893,-0.028690160867901743,0.015339656514200469,False
352440,220,-0.007144543702754447,0.01059479498810374,-0.02747317059361107,0.0141229324531349,False
352450,3,-0.006846618098715014,0.01162712449844819,-0.029739263054221223,0.016918136319779564,False
352460,22,-0.009878111981370749,0.011277257107846432,-0.03269931253692869,0.012228396310107664,False
352470,50,-0.01037965312130143,0.011191043392945379,-0.03267663734041647,0.011554242349634276,False
352480,39,-0.010142139608499924,0.011282110821288684,-0.033048449244569206,0.011770442617540148,False
352490,5,-0.008647536664565433,0.011282120898779115,-0.031558190611006114,0.014055662537592368,False
352500,147,-0.0008054258861959029,0.010570897023555379,-0.020838826944694862,0.02053696366102206,False
352510,50,-0.00891797742720275,0.011114683751635544,-0.03149009015469939,0.012855679685782077,False
352520,38,-0.008884186650332096,0.011103879042944409,-0.031434997406360354,0.012339154851644213,False
352530,130,-0.009415804928895754,0.010436857259325055,-0.030032016575888103,0.01064053151069928,False
352540,3,-0.008911786895543602,0.011238386485092084,-0.031136461930172925,0.013384605744186089,False
352550,8,-0.00568585562365094,0.011539109021522644,-0.027379328771481967,0.0169653629549067,False
352560,4,-0.007418797985550678,0.01161946108000732,-0.030663952997074362,0.015517951020078392,False
352570,38,-0.0023452155363111954,0.011244534206470994,-0.024013692050678045,0.021166822599645238,False
352580,6,-0.0068867553522467765,0.011406680114441008,-0.029209110798718022,0.015551136217692264,False
352585,3,-0.00807266001262424,0.011331307920053832,-0.03101359305472513,0.0147480778165388,False
352590,405,-0.0058026443080252685,0.00974159112598176,-0.025254432869044215,0.013647240376515858,False
352600,16,-0.006771993814408248,0.01121424788056663,-0.028685106702390863,0.0157257437646792,False
352610,25,-0.002702811320494096,0.01172380184638186,-0.025662290904939572,0.021348164972638507,False
352620,41,-0.007900162391539855,0.011095052683760534,-0.0295638246107853,0.013749731053107377,False
352630,1,-0.007814890106092005,0.011033879853753812,-0.02948957479343183,0.013986597673226077,False
352640,39,-0.00793572519513389,0.011456275763986317,-0.030272515224906607,0.014672116685014815,False
352650,7,-0.008583417275014603,0.011670684791223171,-0.03144188838177438,0.014005599930636332,False
352660,13,-0.009240676962244487,0.011450550410899419,-0.032383820455288266,0.01286903432359398,False
352670,104,-0.003934344011711137,0.010944968243676334,-0.0254146682415197,0.018024816294632647,False
352680,59,-0.004022371994016425,0.010981109447279503,-0.025142371021458682,0.018329913859518973,False
352690,244,-0.0006053716518714626,0.010570107655423613,-0.020232421763608097,0.020553082406525865,False
352700,7,-0.0068646621206200475,0.011702079702707749,-0.029783022030010875,0.01625992506965672,False
352710,88,0.0015758434825266046,0.011224645482029984,-0.01921724863705674,0.02525952107684692,False
352720,87,-0.006340440070797695,0.010953909269200588,-0.02832454428517628,0.015776392535504388,False
352725,3,-0.007963477729233276,0.01139038896863403,-0.03055735140883421,0.014264147756260026,False
352730,69,-0.010569222972479466,0.01103719570238296,-0.03301052904216647,0.010995562188267359,False
352740,18,-0.00526424546280668,0.011353276854688225,-0.027125183010225897,0.017352858023516698,False
352750,2,-0.008119111904698552,0.011393430384717821,-0.030482277566793017,0.014298717314400888,False
352760,9,-0.007872220547208424,0.01146512881836783,-0.030985444097262137,0.014629076394113354,False
352770,3,-0.008922146209436555,0.011285225805341107,-0.032243474273668096,0.013947639111795238,False
352780,11,-0.0098643968458142,0.011443131106538634,-0.03249851559608578,0.012907260080215179,False
352790,4,-0.0066253435063432405,0.011531839250794363,-0.028668256567140893,0.01623521657766412,False
352800,14,-0.007172142991066933,0.011458561605652775,-0.029501834519322662,0.015580340897399904,False
352810,4,-0.00838474323630752,0.011474665034942126,-0.03098384468081269,0.014239185975966951,False
352820,1,-0.00851209858287852,0.011160265190578179,-0.03111052922251638,0.013041640610488932,False
352830,1,-0.007116953424008236,0.011455323988171475,-0.029743596603291636,0.015919144956632724,False
352840,54,-0.005349420006948262,0.010865284393068258,-0.026720466843840354,0.016479531703260823,False
352850,94,-0.011671843386469372,0.010951943160007575,-0.03371999369798662,0.00962420555978986,False
352860,6,-0.007958601300012528,0.011633804951771217,-0.031022776034198524,0.014804407676670399,False
352870,5,-0.008479702588078826,0.011446619931508004,-0.03088292800392239,0.0135109186638123,False
352880,19,-0.006595940569885962,0.011543189750106634,-0.029289402084500128,0.01625056205923349,False
352885,4,-0.008412045482024698,0.01161547673225538,-0.03187657725543073,0.014835343241311165,False
352890,1,-0.008162894237539152,0.011651012644178449,-0.031794894375260514,0.014793470019362284,False
352900,257,-0.0028284113620628487,0.010216857610842933,-0.022502757805168347,0.018145229396839407,False
352910,2,-0.00858296768574253,0.01130976046672626,-0.03111781466266655,0.013628358586442676,False
352920,25,-0.010610209092878874,0.011098555786936283,-0.03341489256479648,0.010853517532626176,False
352930,83,-0.008959157210430889,0.010957864962557684,-0.030571286010983446,0.012145577928474873,False
352940,445,-0.0030244293835746962,0.009706388783960499,-0.021995586316573987,0.01660972719721284,False
352950,4,-0.007554028596377043,0.011287368675947618,-0.0300244113539367,0.014684295380289803,False
352960,2,-0.0076648513468317424,0.011442659946437051,-0.03050712041644337,0.015203094264206062,False
352965,2,-0.008139326523890695,0.011597097044103841,-0.03145386996727584,0.015044581276986489,False
352970,14,-0.008327888433194304,0.011503735649390338,-0.03125703967352595,0.01462789748462026,False
352980,15,-0.00846346426373359,0.011362260309077516,-0.031183986809289722,0.01403208643096665,False
352990,32,-0.00870965238485077,0.01140786526973112,-0.03134882223995992,0.013767887647096355,False
353000,2,-0.007038764644857268,0.011372534635742945,-0.02907309125036714,0.01608246018532795,False
353010,18,-0.008127441729863117,0.011695513138560067,-0.031070148301178963,0.01496683110472774,False
353020,17,-0.008184688207823929,0.011229011397665075,-0.030548467338656606,0.014131676995666781,False
353030,47,-0.0073460454059225185,0.010961010577013599,-0.028680294807005593,0.014534232316270077,False
353040,4,-0.006713507098648528,0.01152508046739053,-0.029573546922201772,0.016237357785361957,False
353050,51,-0.00870224231141413,0.011037407430025667,-0.03093674927145904,0.01292574105025504,False
353060,496,-0.003971048451164919,0.009636901357958643,-0.022898942138308915,0.0152359778212498,False
353070,161,-0.007134262219499714,0.010691258704185972,-0.028190848928663248,0.013794381160414544,False
353080,55,-0.0017729964987284403,0.011190402737401219,-0.02358435788733978,0.02122902030147534,False
353090,5,-0.0073759922906253515,0.011569426562401178,-0.030441326801429747,0.01576972807575108,False
353100,0,-0.007736106430862469,0.011175456059364862,-0.029658751148511086,0.01383081077556183,False
353110,73,-0.01140768498449916,0.011134354665920443,-0.03419628071962483,0.010144390106555736,False
353120,5,-0.007989943870741525,0.011509985805215965,-0.030482953791310174,0.014709865964716325,False
353130,45,-0.004179068810439016,0.011295593848510473,-0.026196036851209362,0.01889617831936135,False
353140,20,-0.004126338223159336,0.0116154456851611,-0.02655809607630547,0.02002837345929807,False
353150,17,-0.007466189960222885,0.011362738788239972,-0.030287071879259737,0.014513637272452242,False
353160,4,-0.008199225187529243,0.011749088382079066,-0.03178913814410765,0.015328249953972443,False
353170,7,-0.008168489038517794,0.011211845311490052,-0.029849609217960434,0.013966989347339512,False
353180,74,0.0010346437853536539,0.011330198553326152,-0.020563600104923446,0.024575253387656947,False
353190,35,-0.0074911863446022135,0.01117511303694544,-0.02975543772245547,0.01475819854963561,False
353200,21,-0.007777534494004719,0.011686639238130896,-0.030988317212738172,0.015751702505903454,False
353205,4,-0.008786056758829798,0.011662756626319588,-0.03208796584275008,0.013559162716298073,False
353210,4,-0.009152135387927118,0.011601030099248788,-0.03257034466205816,0.01359316272121289,False
353215,2,-0.007896685568390011,0.011631341988380107,-0.03107787067541127,0.015638576236227948,False
353220,13,-0.005506576160570662,0.01171304659072208,-0.02868710659188005,0.0182020857517473,False
353230,4,-0.008110735759058846,0.011208521955954336,-0.030387512816752702,0.014224251038624285,False
353240,20,-0.006798131458019617,0.011091149441933783,-0.02892850427205678,0.01521481835328325,False
353250,6,-0.008762104678956153,0.011387425144183946,-0.03191831133111596,0.01396219815446829,False
353260,5,-0.007722868301584484,0.011790035632844557,-0.030974172729602286,0.015809565460860528,False
353270,6,-0.00575200258522927,0.011530296786352144,-0.02846455482599108,0.01720666136112035,False
353280,5,-0.007348747674242205,0.011753554095815534,-0.03019762099601879,0.0160869647582493,False
353282,11,-0.00622111551154936,0.011464087645650854,-0.028472968929349533,0.01658247193912707,False
353284,2,-0.008012727119805985,0.011684030579462565,-0.03177805365384426,0.014582134156799932,False
353286,2,-0.00726172482925035,0.011483306765101876,-0.029978874667201137,0.01561564047774381,False
353290,10,-0.007539019423084001,0.01120185175926884,-0.0304353465933279,0.014830083969253826,False
353300,19,-0.009062876444456632,0.011505457908580216,-0.03240362179623715,0.013385019095603573,False
353310,1,-0.008192866662751068,0.01144572931251657,-0.030657120425465565,0.014484057975253177,False
353320,1,-0.007677940326589414,0.011493153240656705,-0.031197207122507443,0.015666984460945374,False
353325,7,-0.00953692948683063,0.011278116648357484,-0.032166723977909144,0.012193419440313507,False
353330,4,-0.00800896206601662,0.011704562729680623,-0.031423720198050106,0.015278302533307413,False
353340,57,-0.005245239079634295,0.011294186592429013,-0.027464750065722767,0.017040135630084097,False
353350,32,-0.00905751395217819,0.01115739859091961,-0.0310401755199602,0.012835430142664686,False
353360,12,-0.008788113533034244,0.011388091548035956,-0.03133965388301918,0.014048273786287828,False
353370,2,-0.00740947815063804,0.011442631977386968,-0.030260020117103475,0.015037644472631487,False
353380,1,-0.007976092504839551,0.011723232679228335,-0.032052393502610535,0.01534008961601695,False
353390,64,-0.012668789316095455,0.011385489398600268,-0.03568919015320757,0.00976142524555507,False
353400,6,-0.00714463849237314,0.011438780763517795,-0.029808988003633907,0.015538875208286264,False
353410,6,-0.006932093597259184,0.011124100587752105,-0.029131539041167574,0.014724320668436444,False
353420,5,-0.008560327102628936,0.01156297096038476,-0.03188156475824128,0.014233958051112654,False
353430,45,-0.008992711081103914,0.010882564498782108,-0.030421089686738904,0.012440713423897593,False
353440,871,-0.0026956792661818733,0.009079141095772958,-0.02059465842530297,0.015457136115782878,False
353450,2,-0.0077755428780069595,0.011129335304632625,-0.029734559299856453,0.014198846083478331,False
353460,23,-0.00962292290929957,0.010910008549315056,-0.031709409767739276,0.012052738235733374,False
353470,91,-0.006452585502910816,0.010751236620191004,-0.027573623885489573,0.015408123419959481,False
353475,4,-0.006170832759673047,0.011489071194631094,-0.02946228932681429,0.017248621914047607,False
353480,9,-0.006960244979527302,0.011365058428833907,-0.029240900626946027,0.015376350863163017,False
353490,9,-0.008138993333429661,0.01156781377652764,-0.031005475268217206,0.014882926200989705,False
353500,6,-0.008165733289649544,0.011423040558119902,-0.031098336427504623,0.01476317826500446,False
353510,16,-0.009808669667901188,0.01151568929117848,-0.033482669790041227,0.012540406423516618,False
353520,6,-0.008209519575038746,0.011452108734320789,-0.031458533707424276,0.01452673589367127,False
353530,22,-0.005187335636664103,0.01128459766082969,-0.02749145145748419,0.01733593954991001,False
353540,21,-0.007442814229627441,0.011248822227507517,-0.030055510864612923,0.015299845533278074,False
353550,47,-0.0024035647059910447,0.011442334815277065,-0.024205597610106894,0.021154388769971597,False
353560,11,-0.007842146586621319,0.011460489849893991,-0.03092518729349932,0.014446819296299733,False
353570,4,-0.0077729052690017324,0.011522982387388634,-0.030425726579505853,0.015543705853581415,False
353580,19,-0.005160320417769233,0.011335892774570004,-0.02778067907942795,0.01775089887546901,False
353590,0,-0.007710676724922892,0.011536772297020034,-0.030192608450239584,0.015144012960282041,False
353600,5,-0.007395600176492442,0.011189373753811599,-0.029450183673661295,0.014815653574909193,False
353610,10,-0.009155987119404284,0.011251151725498301,-0.03159413102333277,0.012551688864920026,False
353620,33,-0.0112426047786098,0.011423473520610452,-0.03421866652592163,0.010768905253812404,False
353625,3,-0.00836340582688718,0.011458529999800241,-0.03104782731862236,0.014105202807127784,False
353630,19,-0.008277970702559997,0.011247501568351621,-0.03085410568270562,0.013704972471616452,False
353640,14,-0.004903012703033154,0.011106329016457703,-0.026900254831357145,0.017923549689643492,False
353650,106,-0.0053892344585037425,0.010725773217447993,-0.026423358859928088,0.015799316937067053,False
353657,0,-0.007792697268475876,0.011809056800567885,-0.03112332133385668,0.015505003747240759,False
353660,6,-0.008641469812940918,0.011632104857380336,-0.031979764052909095,0.014018778436627804,False
353670,30,-0.009129211599789045,0.011243851022616326,-0.031674124254088755,0.013079858821134402,False
353680,3,-0.007776221428990864,0.011380292899955173,-0.029793948207867346,0.014485183284048563,False
353690,2,-0.007646518753169952,0.011642491843686646,-0.03114026226821247,0.015448207312342931,False
353700,15,-0.008989260260345628,0.011622201510429501,-0.0324576272656691,0.014206069835101446,False
353710,25,-0.008509678639816021,0.011289669342742852,-0.03088890730797712,0.01334739921401027,False
353715,1,-0.007321795721725445,0.011531648951856077,-0.03136924537041692,0.015610129131515642,False
353720,15,-0.009751223410126415,0.011512980398424365,-0.032213576506190424,0.012674909518788854,False
353730,82,-0.002711990028540993,0.011435027985671265,-0.02476806713194027,0.020930667505000014,False
353740,25,-0.00882442399649651,0.011153786642083219,-0.03099173244543028,0.01271142754733707,False
353750,12,-0.00814871042916971,0.011264416924500394,-0.030529967024835798,0.014206822880450705,False
353760,92,-0.011551490062578103,0.010988353449241074,-0.03438603953569243,0.009730019869021717,False
353770,16,-0.010020068490881539,0.011417853192694475,-0.032902285140860056,0.01221571660987806,False
353780,69,-0.009082050602738083,0.01109095434855477,-0.031129182026008752,0.012147565372819068,False
353790,41,-0.011027264218671574,0.010989302642626082,-0.03285212081605962,0.011152326007237263,False
353800,183,-0.01006683489371436,0.010353848960950016,-0.03084039740201197,0.010079133914150789,False
353810,17,-0.007678242308423076,0.011299453040651735,-0.029834562252476833,0.015098102544476563,False
353820,14,-0.006438822832010754,0.011259240783210495,-0.028559560014433882,0.01642730537330093,False
353830,1,-0.008358886777573406,0.011265443142079482,-0.031079090774364607,0.01447334865758633,False
353850,7,-0.009207810668090583,0.011499139748592287,-0.03259951596329056,0.013287581339137034,False
353860,21,-0.00791246029273307,0.011395328424495014,-0.031121641198420813,0.015212485086384151,False
353870,455,-0.005902004866933712,0.009807793057872622,-0.02507437413206326,0.013322421064020241,False
353880,20,-0.007111735628533207,0.011161799117003726,-0.028998759437987322,0.015346494741633136,False
353890,29,-0.009407226096428694,0.011159555804749094,-0.03132871720770148,0.012676789628192403,False
353900,4,-0.006842176930391059,0.011254974189825307,-0.029219295703545287,0.015127994625362145,False
353910,23,-0.005106151823255736,0.011419098798957701,-0.027374255052322074,0.017707716080414843,False
353920,26,-0.007753174272672819,0.011141422919695625,-0.030006579206334188,0.014376122984002898,False
353930,64,-0.008745424312753991,0.010841773894258697,-0.030369209786168142,0.012617944967716186,False
353940,10,-0.007204679400444001,0.011599856592826346,-0.02976279102449254,0.015590195206719252,False
353950,36,-0.007496549266791286,0.011238987563418316,-0.029835132060976273,0.015225233775731806,False
353960,3,-0.008497809962880918,0.011202652824493594,-0.030833161596056508,0.013950183368984322,False
353970,5,-0.008128592103225972,0.011264867530738507,-0.03086177637573623,0.014259521067158446,False
353980,140,-0.0053600552692633025,0.010703058468872893,-0.026700792843167613,0.01600943150788267,False
353990,2,-0.008262541952833422,0.011387722132544593,-0.031038005343822787,0.014124769353141331,False
354000,27,-0.011321630091324107,0.011427189906264207,-0.0342233996187921,0.010847409909335552,False
354010,4,-0.009889440003043504,0.011210186084872426,-0.03253659690862783,0.0119744500073666,False
354020,50,-0.01131325359027782,0.010910370747958621,-0.03351547482211088,0.009021442628626876,False
354025,2,-0.007673760874497457,0.011768927925191859,-0.030852035028774236,0.015813063385528115,False
354030,0,-0.007741649529785169,0.011603862324842899,-0.03045588877644467,0.015602755425788581,False
354040,4,-0.007897320571230495,0.011718931943136682,-0.03197026801690635,0.015571688605528645,False
354050,5,-0.008993225191120221,0.01151016880536797,-0.031944565787674434,0.013782148880355612,False
354060,58,-0.009219519737485337,0.011181789755774146,-0.0314685124317541,0.012755677503210192,False
354070,35,-0.007711187895666044,0.011181481896112367,-0.02991894468838058,0.01451153343065524,False
354075,22,-0.009289501443570202,0.011059354604083938,-0.030952428550477397,0.0122915361963179,False
354080,15,-0.008430524260555084,0.011345264068571614,-0.0305788930528059,0.013698436932916757,False
354085,1,-0.007629463831680385,0.011535477317770168,-0.030984594993079907,0.015499432052776829,False
354090,20,-0.005813470353620064,0.01163621419394331,-0.02790685851122076,0.017444190127783244,False
354100,411,-0.012069052698228772,0.009773527191635623,-0.03162828003945668,0.006607725548984785,False
354105,4,-0.007195005090346025,0.011490977987569198,-0.029883698356564008,0.015611647500561944,False
354110,3,-0.0064219031249341234,0.011512826599651279,-0.02959458479536727,0.016645691282446907,False
354120,12,-0.00885608908113104,0.01121667142576424,-0.03138945234331525,0.013707019202568364,False
354130,53,-0.007655011093612148,0.011486028243592116,-0.03049185720637175,0.015596128659099021,False
354140,246,-0.006838798474162045,0.010215801662475573,-0.02743761205285727,0.012822305530582435,False
354150,31,-0.008030848613752516,0.011464707237862744,-0.03117285704525701,0.014347411431260797,False
354160,34,-0.00487135944881686,0.011129555166795067,-0.026591543297423872,0.017123150538691685,False
354165,0,-0.007815789723276791,0.011319114617872559,-0.030448353379054535,0.014898121716307153,False
354170,19,-0.0074576521725762505,0.011191369501616089,-0.02940906736084344,0.014564786297204726,False
354180,3,-0.007531664132323028,0.011419966062015561,-0.030165606660794864,0.015507954497355295,False
354190,10,-0.00956655944018744,0.011243242372317792,-0.031678818553984606,0.01179128328967128,False
354200,11,-0.009319622875418918,0.011428268025908756,-0.033063247641527634,0.013216105272879834,False
354210,8,-0.00799471654002523,0.011174103132442735,-0.030437375212122995,0.014692912016638636,False
354220,44,-0.008096208132684059,0.01125281494078475,-0.03052094590025642,0.014250686134652713,False
354230,2,-0.0070088765992222,0.011465403003291852,-0.029734829707079514,0.015503658321196366,False
354240,17,-0.0077539170984544615,0.011631022677549218,-0.03072336044480844,0.015201032270351926,False
354250,2,-0.007180275158901885,0.011670984821686242,-0.030926230014972505,0.01579233786367995,False
354260,85,-0.006738216371598087,0.010636722392150428,-0.028143695338706483,0.014199943327456386,False
354270,8,-0.006038815131614242,0.011469450083792824,-0.02881193876821741,0.01634022302390165,False
354280,6,-0.008133887041140368,0.011622257620740433,-0.031134180302674622,0.015068727382242257,False
354290,16,-0.0075756643116157716,0.011144965003016882,-0.029790683009135663,0.014579423260996599,False
354300,36,-0.0085540100165014,0.011210820522262691,-0.03128627347198764,0.01375910695858202,False
354310,6,-0.007980370008415151,0.011189552901728177,-0.030366429292237422,0.01448659468771952,False
354320,4,-0.008767081691046254,0.01121319892591474,-0.03129622755901815,0.012858812396790226,False
354323,0,-0.007563564518015108,0.01150420586285847,-0.03035774838724352,0.01541678716279913,False
354325,10,-0.006762111918541884,0.011373972688327535,-0.02997379144616622,0.016644502039379654,False
354330,96,-0.007866448382408834,0.0107348606093346,-0.028884398607779495,0.013505828097962644,False
354340,639,-0.0026498743364719605,0.009303541936354489,-0.02025491889368317,0.01642558065552752,False
354350,8,-0.0072566919145864535,0.011559136710176976,-0.02981419402978431,0.01585191413438011,False
354360,5,-0.008113312771343858,0.011541403071630409,-0.03098915641068634,0.014664430385546982,False
354370,8,-0.008005140425335932,0.011412164066570746,-0.030445755086787495,0.01489263497551982,False
354380,12,-0.009035372257253382,0.01192745285677753,-0.033757029500355314,0.014977448638469833,False
354390,178,-0.006189467148629412,0.010221759200856089,-0.025972890134039292,0.013777708745234098,False
354400,33,-0.006069775614627025,0.011315091662150216,-0.02829128162842177,0.01649423787255698,False
354410,46,-0.00936031634017179,0.011168434289635376,-0.03147767482513305,0.012563169546210215,False
354420,5,-0.006727987435441345,0.011537788090705334,-0.02984914158016948,0.016539644992289,False
354425,13,-0.005285725773038091,0.011547851426228564,-0.027855197712198437,0.018411978208679076,False
354430,10,-0.007194566769798449,0.011307331097653958,-0.029663125523981416,0.01570799678585859,False
354440,2,-0.007244474078758536,0.0116073037215827,-0.03026499214298933,0.015845204176365646,False
354450,1,-0.00828350225582987,0.01154397275208064,-0.03143021429291667,0.01461642213306468,False
354460,4,-0.006915348093975939,0.011605661753438622,-0.029759705205674544,0.016097634012439254,False
354470,1,-0.007241984296731404,0.011525204133543151,-0.03040902594275921,0.015758176618693387,False
354480,0,-0.007652361438034425,0.011531781254626061,-0.030683944478820845,0.01452037535093331,False
354490,4,-0.008505169806629537,0.011101766852354606,-0.03104224787625242,0.01292450629320554,False
354500,12,-0.011744385127406996,0.011425520914113906,-0.03501317124187966,0.010235342687947112,False
354510,4,-0.008321940942318284,0.011639024754941966,-0.031004576301596264,0.014498196797496152,False
354515,9,-0.008815004101435814,0.011188396694503553,-0.03125967145746439,0.013054468187910874,False
354520,130,0.00027899718383304873,0.010911366271859575,-0.019797856319727174,0.02261020527323396,False
354530,62,-0.011677814774993467,0.011075433479568096,-0.03437068755927084,0.010008521739489204,False
354540,3,-0.00813228893862284,0.011739001120379487,-0.03168622222019129,0.014886301863174045,False
354550,2,-0.007020751131408254,0.011464403263289727,-0.029871423700757127,0.015260782601545226,False
354560,12,-0.005544153780557754,0.0114217596237501,-0.027581368832654884,0.0177733929165991,False
354570,11,-0.00632141561300479,0.011690170386361724,-0.02894901040462152,0.01691679117853374,False
354580,185,-0.0031951817220696537,0.010410921934564919,-0.023230649612557264,0.018157223356750324,False
354600,18,-0.00992629993494941,0.011285235339773284,-0.032600986625527635,0.011854328927746832,False
354610,2,-0.009115213003478277,0.011365218921625293,-0.03170520705408622,0.013560618497180066,False
354620,3,-0.008396421358105354,0.011394415365576074,-0.03103972950719768,0.013598265510460457,False
354625,0,-0.007873811911354923,0.011505017776942572,-0.030739863035854284,0.014696618960112129,False
354630,36,-0.008692429620687192,0.01129716086336332,-0.031344420148351024,0.014117306118352916,False
354640,46,-0.006196404111180222,0.0114009114219287,-0.028544299916674638,0.016121567962384266,False
354650,6,-0.007940881648928292,0.011407009962281358,-0.030669856224081606,0.01453787555272395,False
354660,33,-0.008326311519740113,0.011101971807042343,-0.030291573047818873,0.013280086578077685,False
354670,18,-0.008014040435720666,0.011403201148583982,-0.030823139683822397,0.014535727970027727,False
354680,60,-0.01259228825991023,0.01117700838478994,-0.03502995250042259,0.008910742441968208,False
354690,12,-0.009115065978238366,0.011645784333348527,-0.03195361478556172,0.014026282344478622,False
354700,4,-0.00810549521637368,0.011234310684082493,-0.030247922480417206,0.01382833928374577,False
354710,3,-0.007301144826013004,0.01164634476366932,-0.03029444333621636,0.015323394934471457,False
354720,0,-0.00789602522342184,0.011561731572383523,-0.03136739898381385,0.014893010680678399,False
354730,138,-0.004841862440503333,0.010697674166176147,-0.02564973817780837,0.016698501700979376,False
354740,3,-0.008248908763065561,0.011178311996941892,-0.03131226768108897,0.013517534117170531,False
354750,23,-0.006636060202484601,0.011129793427821551,-0.028935115985584015,0.015955842075260247,False
354760,16,-0.006376099024318746,0.01104191248683736,-0.027573231948120096,0.016247328105390636,False
354765,1,-0.008032699327906482,0.011464053884592373,-0.03139142567009396,0.014497225722576194,False
354770,18,-0.006222794472280457,0.011255013229005502,-0.02827817464300889,0.016006872519332083,False
354780,542,-0.004899209253240143,0.009574235105510486,-0.023776979218385,0.014915896096142281,False
354790,4,-0.008467548095034623,0.011494277051125136,-0.0308530019415362,0.01437683908593069,False
354800,20,-0.007223435399154386,0.011453965204394827,-0.029747603126320743,0.0156867729430054,False
354805,15,-0.006154980671132579,0.011608250717655016,-0.028850212090992863,0.01688084296260501,False
354810,5,-0.007347543573041666,0.011685150386577614,-0.030350373226454983,0.016772126720285767,False
354820,10,-0.0076669484392023375,0.01132009736497752,-0.030057998195868702,0.015104684214193555,False
354830,2,-0.0069149255178085,0.011450396851327723,-0.029780154639868224,0.01569482018838101,False
354840,7,-0.009329769578300577,0.01145373835825884,-0.032712087446188746,0.012897905139945345,False
354850,330,-0.0162482103042718,0.010131339786512438,-0.037155991588336594,0.002847251629676117,False
354860,6,-0.005877135493821353,0.011481428590597429,-0.028462366949305592,0.01690753599308979,False
354870,653,-0.0038094172279613562,0.009268907403653801,-0.021852519767380174,0.015073287560990183,False
354880,89,-0.0068180334230145,0.010983742602804424,-0.028197265458362,0.01460310306303483,False
354890,226,-0.004973061836726985,0.00986247538455289,-0.02429368738198942,0.014514985458088442,False
354900,0,-0.007693628475387343,0.01106901804237701,-0.029859859285417067,0.014301216177672986,False
354910,91,-0.009412072115477543,0.010974561671165929,-0.031469327586218176,0.01232798778983518,False
354920,2,-0.007987271762112074,0.011228452592007714,-0.030153521987324218,0.014046802558691542,False
354925,0,-0.007921296193760545,0.011544624941889367,-0.03165751377535575,0.014893581645289781,False
354930,4,-0.008538610668972088,0.011376846379902796,-0.03146955083852115,0.014338645816393571,False
354940,44,-0.004849054056580395,0.011223493137916327,-0.02667194840141891,0.017345052183070697,False
354950,10,-0.009821987525847963,0.011632917843325296,-0.03332223026739227,0.012706457637927077,False
354960,9,-0.0076068821888453965,0.011284290128000333,-0.02963203060070991,0.01480064298696447,False
354970,68,-0.005082359236394275,0.011182132638926343,-0.027259769519468634,0.01757654604533941,False
354980,349,0.0015023826961564316,0.010311999626191327,-0.017762691292780224,0.022646610192762956,False
354990,696,-0.014330967209627886,0.009339372295879484,-0.033199527051166695,0.003175539725671308,False
354995,23,-0.0046711810515982395,0.011547243536278525,-0.02733884440343841,0.01892599076500172,False
355000,13,-0.004516654603539158,0.011528645246617616,-0.026932105118179294,0.018910700324431574,False
355010,39,-0.003697029033392704,0.010980288574161987,-0.02503246765676449,0.018674061969190005,False
355020,44,-0.011031615644165695,0.01122305301008911,-0.034095894135368614,0.010864311163307666,False
355030,12293,-0.006559278310276832,0.007770703359221164,-0.021793029254895537,0.008711592265363338,False
355040,27,-0.012295514754089576,0.011414942721300742,-0.03555188778758834,0.009792361506275236,False
355050,6,-0.008190858203968839,0.011070462248807656,-0.030292592389454077,0.013343734701485472,False
355060,86,-0.013986648817791669,0.011157165590025647,-0.03670595474079514,0.00701210272107867,False
355070,103,-0.005033375596791337,0.011186835128147868,-0.02668809460301458,0.01743700686037414,False
355080,8,-0.0054808329998608215,0.011301463973196023,-0.02778632364261954,0.017527503439005634,False
355090,12,-0.007142216916722762,0.011292190019865275,-0.029972009491158566,0.015529419719460692,False
355100,462,-0.010684860805625782,0.009714893474185086,-0.029682748671501658,0.008159493468751333,False
355110,5,-0.008299138195362443,0.011569263138429455,-0.03127756864916816,0.014695116643990296,False
355120,4,-0.007742014385030084,0.011514403305892141,-0.030902612953365754,0.015194007814560947,False
355130,2,-0.007895325098870636,0.01130519907409943,-0.031165742050143885,0.014830741875733189,False
355140,11,-0.007692535066174089,0.011456177203876775,-0.030618055224712937,0.015113943403450271,False
355150,47,-0.008428616405071978,0.011233339267384958,-0.030183146979398497,0.01337257826117075,False
355160,19,-0.00843308978147883,0.01133488820029548,-0.030835081863960848,0.013973968893269944,False
355170,137,-0.008308481617613607,0.010630259906743184,-0.028975255810796702,0.012634967390981786,False
355180,16,-0.006990752199495128,0.011351723607163026,-0.029642865267358324,0.015887604212808066,False
355190,22,-0.005587993688165078,0.011430628653268354,-0.0275789468561578,0.017113933329620353,False
355200,8,-0.008895014482406548,0.011525394210851267,-0.03188516260354955,0.013704169213983451,False
355210,40,-0.010625125942783902,0.011545060792004774,-0.03460532094755087,0.011842190486222036,False
355220,756,-0.009379296837869856,0.009475071904380393,-0.02802277911137115,0.009793741876070242,False
355230,11,-0.00738333421565464,0.011591954806296741,-0.03014887212703339,0.01547691864261721,False
355240,222,0.0002108646442443514,0.010546697436531433,-0.019633331078198684,0.021848830729496567,False
355250,392,-0.001610228899974501,0.009960889199915475,-0.020817050019257936,0.0182641457616054,False
355255,2,-0.0072519835420111435,0.011527769254160328,-0.029642520962725682,0.016002221029956108,False
355260,13,-0.005781314137279044,0.011425948452021238,-0.028462149843906395,0.017192711658342113,False
355270,21,-0.00947775925010175,0.011401506757425187,-0.03219376281831472,0.012912236409466583,False
355280,347,-0.0046739273462437,0.010189057580503466,-0.02428922165231986,0.015522048798564511,False
355290,5,-0.007089845246196953,0.011706137389110543,-0.03009237370480862,0.015861942911645832,False
355300,15,-0.00871846069782127,0.011523825606756166,-0.03138439092612349,0.01357859767736322,False
355310,3,-0.008612043044737921,0.011466735713940223,-0.03144725346702966,0.01456379625687063,False
355320,0,-0.007845208087919515,0.011187165800876446,-0.030065940085144786,0.014089825720782682,False
355330,22,-0.00768824038363951,0.011240959687944835,-0.030078036525551282,0.013913941816940665,False
355340,18,-0.007784983401261361,0.011600087523150159,-0.031119544130866088,0.015198902287915156,False
355350,9,-0.007410719175451035,0.011231884641190664,-0.029883705471413665,0.015132313528249597,False
355360,6,-0.007147222945028671,0.011283839140830783,-0.029560258632949178,0.0157604564154167,False
355365,4,-0.007371206266278928,0.011342175307459007,-0.030154492153498167,0.014740956455865612,False
355370,79,-0.008589803804219667,0.011027432163744126,-0.030294163140528022,0.013180479450435953,False
355380,30,-0.009189719312172063,0.011511508993907897,-0.031632386022558294,0.012921347195558288,False
355385,12,-0.008841943823615294,0.01163649585423334,-0.032103048854793904,0.013688245941907873,False
355390,10,-0.008186308545796342,0.01158207524471488,-0.031089340244664643,0.014852304300696614,False
355395,18,-0.005621484825243511,0.011212249654695534,-0.027281232729334665,0.017564788184034823,False
355400,176,-0.005735142564822064,0.010480488307595782,-0.02617048726781086,0.015647170462789732,False
355410,323,-0.008642462301463696,0.009942341619794844,-0.0278966329972564,0.010652908573001196,False
355420,2,-0.008334017565450505,0.011670598937355914,-0.031263155615742104,0.015027549017061968,False
355430,31,-0.008274633412072541,0.011383505520163532,-0.0311975769469224,0.014369686485733375,False
355440,9,-0.007955698448698425,0.011321368662391838,-0.031158004271637788,0.014790405867813477,False
355450,50,-0.008256557458689018,0.011334466619804723,-0.031122212633076053,0.014452579995513616,False
355460,3,-0.00880799407370835,0.01159917485268861,-0.03226968548791333,0.01390963122472966,False
355465,0,-0.007879518313277436,0.011741900351288817,-0.030870457135758523,0.015113855930946109,False
355470,6,-0.008073847577723427,0.01155149974805068,-0.03135679902428409,0.01561973587381745,False
355475,3,-0.00855131228588877,0.011251195551993632,-0.031028492295602037,0.013317406992300865,False
355480,40,-0.00580280158541062,0.0115591421391399,-0.02874324588377474,0.01777471336583088,False
355490,9,-0.00627959283700896,0.01140632743187959,-0.028437846395196146,0.016865102132456424,False
355495,7,-0.009788453083389095,0.011567177732906856,-0.03232178979514717,0.012934404412278638,False
355500,54,-0.011162894666061516,0.010978850704862328,-0.03295100807811957,0.010161176411483487,False
355510,11,-0.008497525235241726,0.011619436928552463,-0.031289259297586594,0.01447508023709395,False
355520,2,-0.007810184702267822,0.011332307767077141,-0.0297704869125454,0.015253230188079213,False
355530,0,-0.007836514945785949,0.011264454438373164,-0.03054429011076956,0.01452380886641013,False
355535,8,-0.006725548609966963,0.011471546986052125,-0.029269770771906137,0.01604864808267598,False
355540,114,-0.007034549849659343,0.01093612869500025,-0.028644156923191815,0.01436016643920777,False
355550,9,-0.008562728985835431,0.011258121433652386,-0.03161668327898637,0.01386873516412725,False
355560,10,-0.006531110935702381,0.011380791826411028,-0.029236227523877063,0.016235089823536875,False
355570,2,-0.008807322140912763,0.011595800635566039,-0.03201925933433809,0.014134307479696488,False
355580,6,-0.00589489206918916,0.011525925815678238,-0.02874420763446588,0.017021228190840506,False
355590,0,-0.007817479677699442,0.011480134492939184,-0.030599388828298366,0.014643416081169843,False
355600,11,-0.006586530829841449,0.011482353149711192,-0.0291967674201383,0.016913395800772026,False
355610,12,-0.0060110144162283845,0.011299806880354103,-0.028190424567260914,0.015968584390379438,False
355620,84,-0.012001791606399853,0.010847385600237675,-0.034368079134984714,0.008465299018386678,False
355630,26,-0.00444005046479448,0.01128696093537071,-0.02643246144038137,0.01887417847585195,False
355635,14,-0.008250593610204669,0.01126521855196995,-0.03058324641103663,0.014038964776497423,False
355640,40,-0.007619498417004081,0.011542362075550162,-0.030512919246162548,0.01506565443114898,False
355645,49,-0.008671052944920422,0.011100157253063144,-0.031102542123558313,0.012897105354328602,False
355650,130,-0.01036711789269673,0.010589616241002296,-0.03166739613007915,0.0105582912565508,False
355660,13,-0.006077526998507683,0.011595110760808481,-0.028629320471754257,0.017288022824592297,False
355670,50,-0.011977510931214406,0.011053445192576004,-0.0338680560747173,0.008487500415173896,False
355680,18,-0.010556360471319613,0.011336196433087793,-0.03332598953558058,0.011822424890483896,False
355690,5,-0.007920729879107942,0.011392458831755369,-0.03074116955660888,0.014717870939977932,False
355695,1,-0.007606016892752544,0.011723901100636635,-0.030857772211384946,0.015855060308752295,False
355700,162,-0.005057527187819005,0.010350691000543843,-0.02557260167743412,0.015604867104869857,False
355710,65,-0.006319806578755103,0.010782866880085328,-0.027414930543312923,0.015059998977009987,False
355715,2,-0.006354098623832075,0.011123658289746763,-0.028821454655999047,0.015480779873339847,False
355720,13,-0.006363724710250477,0.011261085913857221,-0.028423490097604528,0.015986960040711286,False
355730,10,-0.008784373040288854,0.01118299038155371,-0.030666327322634534,0.013023105975529135,False
410010,8,-0.00792784060934024,0.011049779457841679,-0.029545893439170454,0.013838378548063987,False
410020,6,-0.00870097157017243,0.011273543505894138,-0.030738635986888897,0.013788908429291457,False
410030,12,-0.009011743699828137,0.011324844603178832,-0.03149236165882192,0.013247700582227476,False
410040,114,-0.006494358019156257,0.010884091325435148,-0.027826707714154998,0.015456104311959411,False
410045,6,-0.00847109232636398,0.011816084240854098,-0.03261101465257262,0.015214566742408097,False
410050,21,-0.010540221473568175,0.01137653663186705,-0.03395989474997435,0.011799015520399357,False
410060,18,-0.00891848426310434,0.01135814758049222,-0.03191520955031662,0.013564217774364147,False
410070,12,-0.00993544981164431,0.011257116830025959,-0.03240921512397482,0.011990416800347318,False
410080,2,-0.007315043325116813,0.011603956367214806,-0.03026043716509516,0.0161437497108777,False
410090,6,-0.008304859935934068,0.010973712632363908,-0.029683948396925355,0.013019627164004595,False
410100,18,-0.008340102197674538,0.011193727862509719,-0.03116030715240786,0.013695071973058972,False
410105,4,-0.006353957480606763,0.011200614236523876,-0.02795207457383345,0.016155400058286258,False
410110,19,-0.008977211122769871,0.011235822125363053,-0.032059014607644105,0.012922513806456985,False
410115,2,-0.007852016304353613,0.011774714532987323,-0.030941347227356513,0.014792211234601175,False
410120,18,-0.006403709672651466,0.011544301815296337,-0.02918044212203109,0.01695002793531109,False
410130,7,-0.00850163860931893,0.011701581643011449,-0.03194672760884183,0.013994358781841142,False
410140,165,-0.009546888562317675,0.01055615466206378,-0.030746223819651607,0.011640120611095029,False
410150,135,-0.009889877380192223,0.010635344680819855,-0.03130065383872898,0.01082951466558092,False
410160,33,-0.00711813500677356,0.011291058542772365,-0.02979550282401397,0.015323598422884941,False
410165,4,-0.006899800445180059,0.011229571079835514,-0.02866878537783965,0.015336980539343669,False
410170,21,-0.007110947649824104,0.011525758727480193,-0.02991379935326602,0.015893140453403915,False
410180,158,-0.009928610339363294,0.01064096361156668,-0.031043169338395234,0.010708325897324905,False
410185,1,-0.007082573648194683,0.011568849030360614,-0.02978126699310338,0.015124480952775746,False
410190,14,-0.011960505883574127,0.011674394720476062,-0.03617077797165661,0.010359659545430252,False
410200,38,-0.004574059331132986,0.011536164732978454,-0.026673847094131318,0.018510187355991296,False
410210,38,-0.008229766667040467,0.01118369717909055,-0.030012919097977712,0.014333501409650118,False
410220,8,-0.007429357181953756,0.011744377412869942,-0.030623764045025,0.01601570796859269,False
410230,8,-0.007233969941592483,0.011608790287372127,-0.030892495417309228,0.016044722280055733,False
410240,30,-0.005043064741246341,0.011542403505882428,-0.02712744094691827,0.018090040081268514,False
410250,11,-0.007756372638438503,0.011669631064230053,-0.03112557200487819,0.0152263889684319,False
410260,5,-0.007741322462303593,0.011347739540644398,-0.030213802400398677,0.015017202844715083,False
410270,1,-0.008031601005086906,0.011732799667151761,-0.03162232654101902,0.015442828367961127,False
410275,5,-0.006523006215090725,0.011407841362868907,-0.029466869058709447,0.016113583280469673,False
410280,16,-0.008430533776725448,0.011425800421844153,-0.03107190066286897,0.013693825927210305,False
410290,26,-0.006381762330611425,0.011133451284737375,-0.028089916261915843,0.01575045426237578,False
410300,5,-0.008187500397471594,0.011549361096708507,-0.030754712904966862,0.014512482750218565,False
410302,0,-0.007675408952294554,0.011669132273531495,-0.031056155211942212,0.015328881276268748,False
410304,11,-0.009710196732305115,0.011709057871677671,-0.032907544693254694,0.013061358503691424,False
410305,4,-0.00860277867802331,0.011310051989617202,-0.03129322981098243,0.01331141524087799,False
410310,19,-0.011734276398346746,0.011437962926664474,-0.03508249773532345,0.010453045976541231,False
410315,8,-0.009230910651692473,0.011488495671751196,-0.031755816881965396,0.012791810663709168,False
410320,5,-0.0071144026889793715,0.011525517740096879,-0.029653188619948707,0.015910085988395176,False
410322,2,-0.007798567152591151,0.011640212755460075,-0.031675272201456044,0.015289556358613772,False
410330,9,-0.00924679891355797,0.011572910377381212,-0.03276439429457665,0.013037943844262425,False
410335,4,-0.007719605819296569,0.011717004433342098,-0.030951358142551982,0.015383865673165579,False
410337,5,-0.008948428545130874,0.011506511512683901,-0.03184321287719235,0.013350218194971083,False
410340,1,-0.007889112097811098,0.011642568042456588,-0.03113614684261964,0.01575922033538778,False
410345,18,-0.0077337836580696,0.01128549799193529,-0.029699843336237788,0.014583640470402474,False
410347,6,-0.008041823045589494,0.01153467787194902,-0.031186773975998346,0.015217267906125796,False
410350,9,-0.005939918774256347,0.011313873338355701,-0.02782871581955758,0.017116300230539713,False
410360,14,-0.0071509749062523284,0.01160607225853078,-0.02992473709514951,0.01618242592582167,False
410370,108,-0.007371407480740776,0.010739259904821037,-0.02873148927691412,0.014113662736136894,False
410380,9,-0.008750622380083102,0.011256816346675034,-0.030971217288223028,0.013102297989591477,False
410390,14,-0.007347620966764105,0.011436232715262775,-0.030530183544011925,0.01559052846406207,False
410395,7,-0.0067088153866990425,0.011657777750208638,-0.029824850868421814,0.016896557138698906,False
410400,79,-0.0038990552626584386,0.010963116199424638,-0.024467424406129167,0.017967392183210664,False
410405,4,-0.008543749579773458,0.011541719751548683,-0.03147388517172437,0.013935191112685106,False
410410,9,-0.009155413257923928,0.011387688023105672,-0.031231943026296238,0.013160661262183558,False
410420,141,-0.009105700173008546,0.010309129361989564,-0.02983793057440964,0.010975256430745248,False
410425,25,-0.0031447897921451744,0.011353629337378298,-0.024310987095533382,0.020245651053237355,False
410430,114,-0.008666063013178146,0.01056026392946937,-0.029605091611764254,0.01259731158356068,False
410440,19,-0.008476200194082672,0.011627896283411578,-0.030905226172402354,0.01478892418024681,False
410442,25,-0.010199680551219845,0.011181453108423446,-0.032790506737630086,0.01172532858209925,False
410445,21,-0.009517266689328478,0.011336855635087543,-0.031982816516283326,0.01279386434257393,False
410450,15,-0.006418362692557103,0.01163833872210794,-0.028915191199584946,0.01719849456608666,False
410460,19,-0.007937629631773867,0.01116965168087443,-0.029912218328332813,0.014191947139375457,False
410465,22,-0.008877788087093271,0.010820831402890698,-0.030538252359823603,0.011953488684828177,False
410470,22,-0.008497082165395655,0.011422892746616325,-0.030988585911224765,0.013973318753448205,False
410480,305,-0.009661610469691844,0.010070030315284808,-0.030023439699006442,0.010290042368761357,False
410490,84,-0.014129504493920907,0.011076829147934734,-0.03678447975186139,0.006640295478765333,False
410500,5,-0.010113219967045086,0.011586962107974377,-0.03301204586782583,0.01323734106496651,False
410510,10,-0.006820286980460491,0.011506276191267966,-0.02970725989698083,0.01558942659808229,False
410520,19,-0.014554456299252356,0.01141938739365278,-0.03786059827586963,0.006579317643994185,False
410530,12,-0.007352272084040225,0.011564238041226556,-0.030358323047318236,0.015057130915507231,False
410540,25,-0.010554922531307468,0.01121180813248468,-0.033255886251569146,0.011296400078145035,False
410550,76,-0.008122825553041464,0.01104871326943525,-0.030376309113688583,0.014043804711893098,False
410560,16,-0.008532058476118551,0.011405841018716207,-0.03079356167059239,0.014167765437380983,False
410570,29,-0.009092402798098965,0.011392519539724344,-0.03197848001442483,0.013402404211819709,False
410580,258,-0.0006233075269562034,0.01046938371225968,-0.020385050464279728,0.020598563837833737,False
410590,37,-0.004903212054316859,0.01129694973821308,-0.026829768277846586,0.01775398044686034,False
410600,12,-0.0070078465946540065,0.011499814211811317,-0.029974565793181956,0.015704491835502456,False
410610,1,-0.008407899663545316,0.011442752738032596,-0.031560993436735074,0.014557783615668257,False
410620,26,-0.007100213322501018,0.011198291142591533,-0.029368714065385663,0.01514161746211569,False
410630,22,-0.009902716614762325,0.011264138325859535,-0.03278053529463598,0.01187227923014537,False
410640,52,-0.006341378180383084,0.010894912997699489,-0.027639503168546155,0.015453000898695285,False
410645,7,-0.008456174561828945,0.01167523690016601,-0.031998329969732585,0.014723090596971052,False
410650,35,-0.007099831280479187,0.011286990567899276,-0.029271777094555126,0.01508179502793842,False
410655,4,-0.007263250229176591,0.011570444383631006,-0.030606941685540623,0.015537142392822821,False
410657,6,-0.008359063135760575,0.011421532569735214,-0.031459888679053284,0.014421419983130337,False
410660,31,-0.01085820693286238,0.011487791910730249,-0.033846882255944614,0.011186277782059948,False
410670,8,-0.009091532823661727,0.011425763699452177,-0.03240573692005872,0.012859638399458102,False
410680,24,-0.007427688264122612,0.01144548192724971,-0.03069566114239966,0.015378755952207881,False
410685,0,-0.007631900793685782,0.01144111600797518,-0.030410661763809962,0.01508784802382147,False
410690,1341,-0.010056865858030515,0.00851727491966142,-0.02728048437964299,0.006787136575078833,False
410700,15,-0.007743696571679185,0.011252800646747779,-0.02953965655557355,0.014694731496547158,False
410710,3,-0.007596402860959595,0.01125591704519664,-0.030207026081519168,0.014496089340582153,False
410712,6,-0.00636793008295201,0.011674008547694108,-0.029580742680927412,0.01703307547852339,False
410715,8,-0.006537875327467331,0.011346759250295822,-0.028723189417457273,0.016223384337181453,False
410720,43,-0.003391227721493798,0.011280522583091009,-0.02517884306035395,0.019208247428263523,False
410725,10,-0.007471647377412123,0.011445814068716201,-0.02985859577897098,0.015272316038994144,False
410730,2,-0.007183722993070012,0.011472328959202001,-0.029678996666174635,0.015371882040254544,False
410740,6,-0.007197546322782441,0.011383554919800502,-0.02952836676745149,0.015678280546167458,False
410750,28,-0.008105893663268639,0.01139784096271333,-0.030861550039729086,0.014571036456665685,False
410752,1,-0.008459485007728347,0.011684756158320382,-0.03240453773054632,0.015206320701089841,False
410753,7,-0.008001185267388551,0.011350487195341985,-0.030477937505064705,0.014464068047701485,False
410754,3,-0.008233834594644728,0.01138450770765773,-0.031083044989702612,0.01407112480518514,False
410755,5,-0.007487995820427114,0.011851146599788184,-0.03110056642318439,0.0154372204433323,False
410760,15,-0.00863211421628917,0.01151199650646688,-0.03165612669805229,0.014153140428471477,False
410765,175,-0.013163622339958145,0.010578053042230749,-0.03448552437367715,0.007287117051200905,False
410770,5,-0.008387835051609838,0.011413819711035406,-0.03102584138648461,0.01458243793111021,False
410773,7,-0.009492545240514289,0.011476837306764869,-0.032011300581306086,0.013287884078535385,False
410775,6,-0.006454171655817308,0.011497518769156058,-0.029272881023310427,0.016533181343701547,False
410780,1,-0.007947826874203255,0.011508491142430395,-0.03067420960493383,0.015081053372933336,False
410785,4,-0.006004103858437642,0.011303242772705828,-0.02864619809239054,0.016827486190073043,False
410790,7,-0.008601890622401489,0.011551866748007355,-0.03142099419168064,0.013697473513574393,False
410800,12,-0.006734679622895201,0.011636559980953674,-0.02967765783589086,0.01580741763647363,False
410810,7,-0.006633650595452323,0.011231137722061661,-0.028969452791919054,0.01602039793908136,False
410820,10,-0.0087689451455955,0.011301631130236618,-0.03122196450605211,0.013365463326538016,False
410830,358,-0.01919498694128758,0.010206208698197765,-0.04009465189722089,-0.0003390530767182554,True
410832,13,-0.007587422410781134,0.011158870920594295,-0.02935343424616543,0.015039672261240113,False
410840,93,-0.005867100181728707,0.010660484888414163,-0.027027969090815118,0.0152825240017218,False
410845,8,-0.007302365757649452,0.011680150547091319,-0.030195009786204766,0.015753945796144937,False
410850,24,-0.006346692470126858,0.011587827025894904,-0.029562251167690415,0.01757345392338919,False
410855,3,-0.008148999700553524,0.011778171012945515,-0.03158000643130618,0.015478044310304527,False
410860,36,-0.00929917919064084,0.011130507905568944,-0.03141782244598509,0.01251142421607064,False
410865,17,-0.007928500463838332,0.011459628870719761,-0.030679831097912044,0.014651910984821654,False
410870,5,-0.007926826810614795,0.011404524487359445,-0.030299970429189697,0.014889287356992666,False
410880,43,-0.011499915428076084,0.0111972295276542,-0.03448386224699494,0.010068903429866475,False
410890,11,-0.005284056770484155,0.011690310834300359,-0.028403197718133225,0.018386541365833984,False
410895,5,-0.007905537122533793,0.011551462587304199,-0.030961002200016144,0.015205074049048008,False
410900,8,-0.008558586770064066,0.011693046355145788,-0.03201123284153572,0.014109301543715992,False
410910,3,-0.007553851969667265,0.011382475164976064,-0.03015632682176072,0.015363910997376428,False
410920,7,-0.006981365316466661,0.011580157185257182,-0.02955370386273489,0.01611258263930158,False
410930,11,-0.008257423581341893,0.011079048754165105,-0.029764343268145727,0.01391404285449916,False
410940,243,-0.01146726458225726,0.010024971281485362,-0.031478579846036706,0.008095837403454003,False
410950,7,-0.008024139048147133,0.011356232393376848,-0.030835729223005228,0.01395222640918169,False
410960,44,-0.006892462289403048,0.011329197453269373,-0.02891894922081424,0.015543613018060948,False
410965,5,-0.00865240449350545,0.011312622831702267,-0.03129055101113007,0.013074552026075496,False
410970,31,-0.00857605370985273,0.010873206836733167,-0.03044913846839947,0.012862695814637207,False
410975,10,-0.009165485834334582,0.011437148637467377,-0.03129919133306306,0.012878095422097516,False
410980,73,-0.007544736527276083,0.011005624043685226,-0.02957634022347174,0.01455227725497472,False
410990,16,-0.009199307325437917,0.011133446068205599,-0.031244751207354635,0.013183295112010721,False
411000,7,-0.010333029886401742,0.011362055847637031,-0.03294095628369337,0.011581811822457808,False
411005,2,-0.007846276749849682,0.011877845539208908,-0.031019524935859327,0.016286716155156655,False
411007,15,-0.008599477261709657,0.01139442457213458,-0.03155539918540243,0.014019900544166547,False
411010,44,-0.009342179267181953,0.011058861018001557,-0.03160330102481133,0.012181367601574176,False
411020,11,-0.007159876375979916,0.011664472790576032,-0.03000731790570869,0.016735183582034956,False
411030,2,-0.008364221015537876,0.011404500893642859,-0.03057490352875556,0.013907828587797398,False
411040,6,-0.0067353812731605085,0.011499782996183962,-0.029802883856747696,0.0163638822829348,False
411050,24,-0.00344669480119054,0.011462517558319021,-0.02537257714048568,0.01964015616124013,False
411060,19,-0.007039022727289255,0.011455457419007824,-0.029247352195691554,0.01580520323884415,False
411065,2,-0.007452263984295468,0.011773007520648766,-0.030969595677218964,0.016195656180029976,False
411070,60,-0.007809906837287474,0.01095030977826091,-0.029550395517382512,0.014226997981948129,False
411080,15,-0.0047566173755180475,0.011631500367162883,-0.027557898515130193,0.019142121448711105,False
411090,2,-0.007392045110792971,0.011460273191088525,-0.030593295748305032,0.01579556729935236,False
411095,16,-0.0075631317078841305,0.011456701198998701,-0.02999479900249819,0.01554334224056616,False
411100,8,-0.00796937566369402,0.011769582822038537,-0.031343075279524055,0.015295247710505487,False
411110,6,-0.008052517210182306,0.011629595606190852,-0.03118213018176959,0.015037374806697881,False
411120,13,-0.008248554721110909,0.011301148922009792,-0.030647038225772822,0.014123607679604645,False
411125,37,-0.008939429114182544,0.011224265384497003,-0.031078275924929104,0.013286003565933945,False
411130,4,-0.0073103460697513944,0.011543175524860737,-0.030267383112352105,0.015645366620805942,False
411140,9,-0.0086736188911746,0.011210652464946251,-0.03113567312980907,0.013016072419046914,False
411150,39,-0.0033197170235536814,0.0114623465149327,-0.02497017890013522,0.02001297896273906,False
411155,8,-0.006924516373734485,0.011509681733279233,-0.029751993241768335,0.016203906060388126,False
411160,4,-0.005823794599129611,0.011585259687399478,-0.028926765078011854,0.01795493149532993,False
411170,3,-0.00899386277575044,0.011750004140105061,-0.032060755689737194,0.014066060599083559,False
411180,39,-0.008034769672908794,0.011113685268285139,-0.030188487993271874,0.013754495741459066,False
411190,19,-0.008832963851196645,0.011628619814231748,-0.03204147179283404,0.01386096041490884,False
411200,46,-0.009495946647228245,0.011261143508745323,-0.032336718905170696,0.012222036474729836,False
411210,23,-0.00907734574261049,0.011380648683175844,-0.03182781854525723,0.013441295314864862,False
411220,5,-0.00845900488298113,0.011307126888903188,-0.030770335565305878,0.013560818124007657,False
411230,8,-0.007860620037486872,0.011722195479672924,-0.03145319515002916,0.015070014081063787,False
411240,12,-0.007040733800445689,0.011719334719867231,-0.030599151998470814,0.01663884927879332,False
411250,12,-0.005963084537094335,0.01091797493002634,-0.027585156450995556,0.015794509880142887,False
411260,1,-0.007406144249059967,0.011353663581867603,-0.029406561371959336,0.01528395966330599,False
411270,18,-0.009182557818050685,0.011439227487387012,-0.03222916358614399,0.01278807550570144,False
411275,9,-0.008350890773125823,0.011312573210301484,-0.030787514039792987,0.013806622618127979,False
411280,15,-0.006438886234908707,0.011343717223726178,-0.028307557437408863,0.01620810421478696,False
411290,1,-0.007639940152795619,0.011321423081544619,-0.03015798936403259,0.015090784495666953,False
411295,6,-0.0071972101875713455,0.011738640317097612,-0.030241646836482925,0.016234362520833805,False
411300,5,-0.007171604462175995,0.01187209696837713,-0.030938451614688344,0.016589534717725233,False
411310,5,-0.007714715421404769,0.011462308871666906,-0.030119309181397755,0.015578170031039944,False
411320,34,-0.00538788960848559,0.01098948852970363,-0.026367966801759152,0.016570414145976303,False
411325,6,-0.007481345872610424,0.011590472476123234,-0.030801515387003035,0.01636512047935998,False
411330,43,-0.008841371226699592,0.01127873528279236,-0.03177579057223335,0.013366253125661845,False
411340,6,-0.008235696038838914,0.011579472095060616,-0.030938338745223518,0.014549155440011993,False
411342,3,-0.007739589576589057,0.011385746087345322,-0.030306703779660136,0.014837731186393307,False
411345,5,-0.007020522204834254,0.01153572809463099,-0.029635734546760738,0.016257870280404367,False
411350,27,-0.005744049297961409,0.011544988227166326,-0.028696268630205878,0.017287044482097256,False
411360,9,-0.006867265092852918,0.01129377740215306,-0.02953735896431082,0.015618235862743107,False
411370,585,0.0009734950344372841,0.009707374012139999,-0.01773679602764848,0.020601823235684737,False
411373,7,-0.006640052434781094,0.01169519057302005,-0.02990085141746388,0.016788798110447537,False
411375,3,-0.007347608015473592,0.011505495178412954,-0.030103706719313148,0.015656863342772404,False
411380,7,-0.007306687793731633,0.011263916041647117,-0.0293466403706861,0.015303902438874419,False
411390,8,-0.009265306830076958,0.011289074991650903,-0.03128615734206283,0.012377775468447524,False
411400,14,-0.010628365045581767,0.011476841917074519,-0.03416773750289794,0.011720549976628724,False
411410,35,-0.0035722755213657216,0.011436066723595565,-0.026021826837460724,0.020165210933084363,False
411420,42,-0.008322649665875915,0.011061091614490886,-0.030323842644717793,0.013429597684870807,False
411430,26,-0.00965577010833677,0.01131998324857792,-0.03237219240775517,0.012191620507510255,False
411435,3,-0.0072193164494106414,0.011468882325454179,-0.02973322056511949,0.01534334327822676,False
411440,28,-0.006532879407212078,0.011268955406304574,-0.028973096526740794,0.01574428244131758,False
411450,9,-0.006083273463925159,0.011247164014444222,-0.02818606672575875,0.01671662648949999,False
411460,58,-0.011272758723831794,0.01118245205032533,-0.033911382284377796,0.010089549413634243,False
411470,5,-0.009690554683101427,0.011654136486152588,-0.03305472747124298,0.01330659343042915,False
411480,46,-0.005948479657970371,0.011602947197876164,-0.028646825469428254,0.01739924429800738,False
411490,9,-0.008081385368731353,0.011287450642464216,-0.030417118573642064,0.013878048256844086,False
411500,12,-0.005830175582810311,0.011199171779856548,-0.027535205231706814,0.01663593504024101,False
411510,19,-0.009028966835011344,0.011603348448590298,-0.032480975627791384,0.01386377834787239,False
411520,372,-0.011142105223645105,0.010044042622369059,-0.0309099815413493,0.00833086873162109,False
411530,5,-0.0067254028798411645,0.011325352910057969,-0.02945179347589415,0.015969941004873495,False
411535,4,-0.008173699575879392,0.011254119889120121,-0.030756866395110258,0.014215346218581674,False
411540,25,-0.007546913413288488,0.011294489926571059,-0.029784723979226553,0.015074192531021421,False
411545,5,-0.006903643320446165,0.011437828495857423,-0.029594002449908945,0.01584952146548557,False
411550,6,-0.00767161856438025,0.011498839732468099,-0.030456165677093323,0.015284111278005788,False
411560,24,-0.008369898455466263,0.011624357230586359,-0.03204163693661559,0.015052928442641127,False
411570,44,-0.00738480397943632,0.0114359813982317,-0.030130395425092184,0.015052905583344293,False
411573,2,-0.008292747818443857,0.011595273378592359,-0.03186710598161357,0.014038712125764057,False
411575,11,-0.007491798305986124,0.011305298761909728,-0.029535010979897795,0.015322792598142112,False
411580,68,-0.010946031383072253,0.011397274690471883,-0.034160121652144826,0.010765774044828405,False
411585,2,-0.008396492056712146,0.01135379834255124,-0.030867916900147296,0.013526424484455428,False
411590,1,-0.008178505465744982,0.011298710786843528,-0.030354365051240187,0.013928672875872437,False
411600,1,-0.008240064420034807,0.011488677269307168,-0.03123636729741316,0.014259899995502987,False
411605,11,-0.008955034146204424,0.01155066444371352,-0.032261355971945876,0.014109059531466512,False
411610,13,-0.007550958217000923,0.011448096916650795,-0.029670956101149233,0.0152055844042986,False
411620,13,-0.004626670267923174,0.011398943546718878,-0.026642679174443663,0.018394246308738097,False
411630,4,-0.008655809196138129,0.011067705185009078,-0.03085543519855611,0.013232992402026187,False
411640,4,-0.00798801427691568,0.011664511812330419,-0.031582699058700245,0.015507358948056233,False
411650,0,-0.0077554264680414434,0.01147080054788445,-0.030129535700826836,0.014655069927710042,False
411660,3,-0.0080219741124631,0.011727935781559925,-0.031836847589973676,0.015177629637355524,False
411670,10,-0.008617511222970971,0.011256153429846425,-0.03068037263628989,0.013092716760494356,False
411680,8,-0.008077651544078024,0.011361886794163917,-0.030456833725947673,0.014636994902532455,False
411690,28,-0.011924365538421626,0.011312410375570904,-0.03526839424082478,0.009946973336648193,False
411695,4,-0.007492694122545168,0.011454215015627267,-0.030640373637508565,0.015655667612529258,False
411700,4,-0.008281431458626677,0.011430832321378984,-0.03056765041458126,0.015035069757480346,False
411705,19,-0.0083792283308064,0.011781219972821855,-0.03161131509040701,0.014422883700933045,False
411710,15,-0.009805397017915546,0.011340999824358121,-0.03247388021289492,0.012324792576833075,False
411720,8,-0.007759821803881164,0.01147410667259857,-0.031305484489898255,0.01471584104532764,False
411721,7,-0.00886113049640902,0.011165004921648906,-0.03107390047140188,0.013735550895739352,False
411722,6,-0.009415091244367024,0.011710899795260483,-0.03314609620405844,0.013276776535228248,False
411725,3,-0.008437321486241644,0.011358218661004138,-0.03073241446629378,0.014338073143675977,False
411727,10,-0.0060627956948579855,0.011545205512046084,-0.029165216489695972,0.01660616545256688,False
411729,3,-0.008423427697760532,0.011619863851186352,-0.03185354981329607,0.014815338850393,False
411730,38,-0.007330054847979592,0.011111484179083263,-0.02959763740112053,0.014603175350364499,False
411740,1,-0.007160237685328962,0.011793669201057842,-0.02998682246358924,0.01651720069593172,False
411745,7,-0.009567162093414093,0.011481991586258154,-0.0324457693392469,0.0125974086556616,False
411750,48,-0.005689348236578091,0.010900680807337547,-0.02773585615378367,0.01613969616672469,False
411760,92,-0.005212269047589083,0.011187021823908839,-0.026321633747564684,0.01699103600314503,False
411770,36,-0.008775594037366004,0.011060889124715773,-0.030498808663363096,0.012690289933661907,False
411780,12,-0.006719675850239537,0.01124474965892882,-0.02943536176571497,0.01650330317150171,False
411790,25,-0.006426829836953611,0.011501481644098654,-0.02867976929639906,0.017626089567850646,False
411800,24,-0.007415116525671005,0.011238627736872153,-0.029332836893201757,0.014773155237397025,False
411810,15,-0.01124789753496727,0.011241258410372821,-0.03359250802733786,0.01077007384369357,False
411820,155,-0.004743423544431535,0.010147037021002435,-0.025060039523807975,0.01509064001397929,False
411830,5,-0.00608233989533705,0.011455274162730256,-0.02887060478029062,0.016814327956395557,False
411840,85,-0.0057664559478140635,0.011101319820686165,-0.02767436925648039,0.015940947359114895,False
411845,7,-0.0061208675274667095,0.011041553122477732,-0.02758905515214643,0.01578341222221215,False
411850,107,-0.009840678144939637,0.010752089069709883,-0.03164141891203061,0.011012153760522782,False
411860,3,-0.007468959941102017,0.011485599787218907,-0.030306256140073838,0.015059572507868657,False
411870,6,-0.008185622253801235,0.01149602656704635,-0.030653987701226012,0.014650217754639898,False
411880,21,-0.007604737758126434,0.011329219588056034,-0.029671161732325684,0.015022889270360005,False
411885,5,-0.007606413866016049,0.01130079172114271,-0.03002064845503528,0.014705296382610214,False
411890,18,-0.008851180382451238,0.011556499813542313,-0.03198884357580438,0.014102755628369134,False
411900,3,-0.007579719812877593,0.011468318653495638,-0.030281550485534672,0.015057089443760129,False
411910,19,-0.00676073192928931,0.011353265358540657,-0.029179418870763002,0.016306365113221123,False
411915,123,-0.005565480625921917,0.010566482885660847,-0.026252410305967203,0.0155688737133614,False
411920,3,-0.007925418814423825,0.011216985536909528,-0.03052484160517795,0.014386511401384848,False
411925,3,-0.009162488829451351,0.011233438151435965,-0.031699741672935024,0.012937525929673547,False
411930,57,-0.005744153706550096,0.011138317976259563,-0.0271071108758686,0.016803159722241497,False
411940,28,-0.006025172426408535,0.01148649442164908,-0.02892534925631051,0.017172353835763196,False
411950,150,-0.009480792752501473,0.010627438139357,-0.030126348116141524,0.011422560940166575,False
411960,38,-0.009124287686575375,0.01135344867955671,-0.0324833046981707,0.013278625363264547,False
411965,2,-0.007559589686377643,0.01153556671992685,-0.03087450925438881,0.014372774181462347,False
411970,5,-0.00815156899175617,0.011317233986303236,-0.030683922974520085,0.014787235442650419,False
411980,11,-0.008197347981773491,0.011498564302113861,-0.030451189104570696,0.014807789925694466,False
411990,426,-0.013772222480282193,0.009804000908843516,-0.03345143646553805,0.004861396512546228,False
411995,35,-0.005809536947814781,0.011296784892085864,-0.02803901030704076,0.017683313164439576,False
412000,21,-0.007847168586914742,0.011662151761132016,-0.030381959355929532,0.014880832780798298,False
412010,3,-0.006810172186893246,0.011679780394223903,-0.030136177175040427,0.01647572682186867,False
412015,4,-0.00788157869822309,0.011203279483573289,-0.03067268629029035,0.01396630523742588,False
412020,3,-0.006182174826922682,0.011432182366808636,-0.028628420724962376,0.017367790246477666,False
412030,2,-0.007141750903404731,0.011214474155700333,-0.029055869752491383,0.014916190198542735,False
412033,7,-0.009040139670287757,0.011487867588690229,-0.03184992822298487,0.01345910860641574,False
412035,3,-0.006567545952882463,0.011743964918318103,-0.02954392512362587,0.01689084223682779,False
412040,6,-0.008273724980931759,0.011659161031967267,-0.03173886645079534,0.014836102423872734,False
412050,7,-0.009108936244528796,0.011448116878823227,-0.032359780190156576,0.012919618851081626,False
412060,49,-0.009751001349122771,0.011218567781561698,-0.03250311238769729,0.012180255599819764,False
412065,4,-0.00759991566687273,0.011725453397170215,-0.030451741583146102,0.014930992043118011,False
412070,9,-0.00901636954677147,0.011512974922667465,-0.03159969190024239,0.013796380564459249,False
412080,21,-0.00869604563707001,0.011036822835659337,-0.030277356365329768,0.012562056796986161,False
412085,6,-0.008689311855531196,0.011529671336846644,-0.031198036217966765,0.013739931628994586,False
412090,47,-0.004709441924187633,0.011199184546076131,-0.02625161771158718,0.01779113303489198,False
412100,12,-0.007618484115360726,0.011287092220768258,-0.030189311837076557,0.014076630511187039,False
412110,4,-0.007706167751654622,0.011565630480047844,-0.030373913735971887,0.014858051524694781,False
412120,7,-0.007493263023144357,0.011280617070919607,-0.029769390462563102,0.01503589784905887,False
412125,4,-0.007605353180410893,0.011578741893624914,-0.030226650504823704,0.014541469521092915,False
412130,3,-0.008123735177689544,0.011568915883441503,-0.03108214556102737,0.014578603980528298,False
412135,4,-0.008549128734263872,0.011640872709153368,-0.03180389515383985,0.015056492088494846,False
412140,11,-0.009303162852925415,0.011436426127427913,-0.03219315709107042,0.013185185732783771,False
412150,17,-0.010819978301599635,0.01110095904163352,-0.03323849468523182,0.01058523142203802,False
412160,5,-0.009892983076494033,0.011614316288995036,-0.0338750556286911,0.012296217096655345,False
412170,40,-0.00961963359842285,0.010624613176118177,-0.03137347779702237,0.011294384144373677,False
412175,9,-0.00831238905364448,0.011660610201078692,-0.03149412802383263,0.014848302677669433,False
412180,16,-0.00982748378570251,0.0115248793736263,-0.033286157750597095,0.01282313430108814,False
412190,20,-0.007683159765152091,0.011502513377082994,-0.030874232833467664,0.015053120541144131,False
412200,16,-0.008634715720688857,0.011147483963353962,-0.030710841717253235,0.013320222369239989,False
412210,3,-0.007815756376258379,0.01145558283296962,-0.03068648950602315,0.015179224268108046,False
412215,18,-0.010782044438910966,0.011294360936474694,-0.03375254461771818,0.011273845175767187,False
412217,5,-0.006224205974561282,0.01112880040183844,-0.027621323593900335,0.016052135462732667,False
412220,34,-0.008490086504952435,0.010884189023299906,-0.030208200169188806,0.01268466127482991,False
412230,31,-0.006301698620485234,0.01115209346727291,-0.02749495654946813,0.015401337487605679,False
412240,108,-0.008103364448091734,0.010836067688857332,-0.029820757609680885,0.01305248793797641,False
412250,14,-0.008149076313265224,0.011366312017696627,-0.030809250655427133,0.01441582057827754,False
412260,8,-0.007165508463580143,0.011081463738089763,-0.029585692312114584,0.015023655857012094,False
412265,7,-0.006650047102532716,0.011466492354436591,-0.029178676841146636,0.016463087383307113,False
412270,15,-0.005841561751718712,0.011494276145673542,-0.028242535030796823,0.017282920978548066,False
412280,1,-0.007353832115107353,0.011204346788276276,-0.029726574049553065,0.015279957994095561,False
412290,3,-0.008881859032248174,0.011654229012729157,-0.03258612429325441,0.013794518253611167,False
412300,10,-0.009459329351100805,0.011502113816593908,-0.0329027473650691,0.013366646697436401,False
412310,2,-0.006864417211243153,0.011420185267194596,-0.029577622490076942,0.016259345995637334,False
412320,3,-0.0073185246700759226,0.011294374060888292,-0.02985015782079922,0.015429064424884264,False
412330,12,-0.004297504471230233,0.011776838649492399,-0.027426469007567476,0.019283928210689413,False
412340,8,-0.00793635462731603,0.01133742309649651,-0.030652166972417596,0.014344871011099776,False
412350,29,-0.010076494283778154,0.010838818264572805,-0.03177265922957788,0.010850007131205007,False
412360,3,-0.009236303351578535,0.011360631356877662,-0.03258710068189527,0.013050786781788934,False
412370,14,-0.005500582589884509,0.011542094805556376,-0.028128138134885593,0.01803744550398447,False
412380,9,-0.007876637635099493,0.011349612201227691,-0.030146721874033267,0.014237244473775985,False
412382,3,-0.006867565064807438,0.011899696069069439,-0.03082808505738165,0.016892862514966914,False
412385,14,-0.006482463621067562,0.011590042209193978,-0.029461636796556057,0.016830555074139338,False
412390,8,-0.008022961887185102,0.011629528112361415,-0.030819756444157718,0.015423037609650492,False
412395,4,-0.007221163433230715,0.011536855359898,-0.03016728474007432,0.015535652793799478,False
412400,4,-0.0068110893092730804,0.01149883710302661,-0.029316856644135445,0.016055623916928313,False
412402,12,-0.009584889910148576,0.011633712395756949,-0.03268917294299192,0.01291987521986052,False
412405,43,-0.0016160446313733094,0.011157245016648009,-0.0228665428221386,0.021412307506256743,False
412410,43,-0.011839242488329443,0.011326383791172071,-0.03443550648898199,0.010162808100286237,False
412420,4,-0.007300028069751722,0.011815930802712375,-0.03042862549835902,0.016196419222721005,False
412430,5,-0.010082330279866174,0.01125729322191447,-0.03258530775359585,0.01191576631118668,False
412440,23,-0.005028948708506484,0.011299760561875406,-0.026945929188218674,0.017979915719761534,False
412450,5,-0.00954947017261087,0.011545383128866311,-0.03319111819506216,0.013116756533867279,False
412460,6,-0.008345777268246087,0.011475392038034658,-0.03105773865222743,0.014456760133636759,False
412470,12,-0.006825528324731691,0.011474493109819397,-0.02966076445270642,0.01648176468812862,False
412480,15,-0.005532503788485356,0.011257836399027462,-0.027452596162561682,0.0168780213558438,False
412490,4,-0.0074449712482635415,0.011193526250434514,-0.029621801163924898,0.014548857159600135,False
412500,16,-0.008922221538850734,0.011468328359513079,-0.03154296495714908,0.01386494133719637,False
412510,18,-0.008296607998474417,0.011267428901611953,-0.03078348847037106,0.013857982353470527,False
412520,5,-0.006783365214947879,0.011409555126303926,-0.029197494188506434,0.01608518004128546,False
412530,6,-0.008114353103897132,0.01158850492387623,-0.0311468251362813,0.014553656886720558,False
412535,5,-0.006504088619459804,0.011640371707999938,-0.02955702476552676,0.01674936799571678,False
412540,9,-0.007774458871134803,0.011680059072654379,-0.031448414211264104,0.015158226798925103,False
412545,2,-0.007412575591183489,0.011401136754077211,-0.03016618596043279,0.01604047045442693,False
412550,323,-0.009826780791126876,0.009958075139302601,-0.029438868572124844,0.009150001658063053,False
412555,3,-0.008109567626019904,0.01149420867279189,-0.030949858773800222,0.01490627864386339,False
412560,47,-0.00937376274738553,0.011251909827373044,-0.031867690980173044,0.012791044032409256,False
412570,36,-0.009656429867401572,0.010992405939013045,-0.03208189684283993,0.01180831888986942,False
412575,5,-0.007359792718543137,0.011477359987812349,-0.02999455447392853,0.015997711693777776,False
412580,9,-0.008307554453486745,0.011396095247645949,-0.030940202123989496,0.014563188605554778,False
412590,1,-0.0075419540290117834,0.011449516901659811,-0.030199867147746876,0.015418005930475069,False
412600,8,-0.007243964403703149,0.011602288111886586,-0.030064412605303154,0.01629500399173585,False
412610,7,-0.0077619898131138995,0.011011874882039483,-0.02956315537917583,0.013840354192388087,False
412620,10,-0.006671016319573406,0.011337801311725565,-0.029021574377530276,0.016128990770506203,False
412625,146,-0.003932839677004786,0.010553635159265135,-0.024480692686155284,0.017490504895565657,False
412627,9,-0.007196725876454833,0.011209406176288598,-0.02950821462221251,0.014879654565962993,False
412630,23,-0.004765166183474026,0.011431084135928964,-0.026931564060550275,0.018610133316639056,False
412635,6,-0.007192844395105539,0.01135050799051498,-0.030374451665228036,0.01522099835559612,False
412640,7,-0.010429158237761657,0.011564546670163047,-0.03368975859777057,0.012204495540482972,False
412650,10,-0.007272775124084373,0.011577913644462819,-0.029781130171323604,0.01614900127512183,False
412660,13,-0.008127910348950794,0.011441736447899354,-0.031116758727141453,0.014149690583537496,False
412665,1,-0.008425608951155995,0.011450100539422093,-0.03163644916364611,0.014197507098039125,False
412667,18,-0.009742791567312623,0.011686643382747415,-0.03384712671317363,0.01364163926302947,False
412670,5,-0.0065796140830032684,0.011264818585133902,-0.028644833743204756,0.01605861280536483,False
412680,19,-0.010362947928102701,0.011297626987692847,-0.03340544776806254,0.011362108599408378,False
412690,8,-0.008698798616386278,0.011476264058130731,-0.03199558941512957,0.014246652682602024,False
412700,13,-0.0070363011591383934,0.011306270939060734,-0.029266457326540804,0.015098939377090401,False
412710,78,-0.009770319494042409,0.011181845897813097,-0.03185028871508812,0.012264523504489125,False
412720,24,-0.005818548130262506,0.01116646054188912,-0.027272500454530443,0.01679737261909581,False
412730,15,-0.008046145749867553,0.01144750619693395,-0.03096755042802447,0.014859050270063564,False
412740,17,-0.008475822812426686,0.0114179709755213,-0.030931515005773836,0.013997556573004671,False
412750,21,-0.008541599808379454,0.011228079976764569,-0.030366442009703933,0.013432966186961152,False
412760,16,-0.006283730678477821,0.0113162760180144,-0.02917607464747857,0.015732573395638796,False
412770,146,-0.010335672752105271,0.010670644392795426,-0.030882471678508872,0.010256936426788738,False
412780,4,-0.008302857234522095,0.011509926040763634,-0.031460221778690935,0.014914365551952883,False
412785,10,-0.005307978534080322,0.011142461675179537,-0.026875897511544553,0.01686242728784867,False
412788,12,-0.010160594855866898,0.011180539044392568,-0.03230976912835185,0.011846669415887294,False
412790,6,-0.006571713808848159,0.011643310385338468,-0.02931916825518749,0.016317183184747702,False
412795,3,-0.007555681994330392,0.01166451130463528,-0.0309999037102366,0.015851507610979892,False
412796,18,-0.007671070892017037,0.011298681985206593,-0.03022480447184477,0.014123583368829414,False
412800,26,-0.008621318136352352,0.011376607250010204,-0.031539028891353814,0.013966424072670526,False
412810,164,-0.01652451157290712,0.010613215259099416,-0.038261021648186434,0.0038860014751673747,False
412820,65,-0.008351944637532577,0.010956567083920522,-0.03002193947069234,0.013288471182833238,False
412830,2,-0.00733491264073383,0.01140734894069267,-0.02961692504237406,0.015302767808053487,False
412840,8,-0.008612788247797062,0.011361877550551134,-0.03169251167119048,0.013574283421149596,False
412850,22,-0.008245520769128326,0.011329612784610976,-0.03135698382879477,0.014091066556351915,False
412853,8,-0.008144422032459997,0.01128266621609448,-0.030392385300649576,0.014053830530919314,False
412855,6,-0.009552000116738225,0.011191993993355789,-0.031719052671202425,0.012413907043757014,False
412860,7,-0.007720558497238619,0.011314032963248621,-0.030255635766552835,0.015115129138314892,False
412862,5,-0.008319957531758833,0.011616231519955155,-0.030853783923332385,0.014433473869216803,False
412863,6,-0.007123979043528319,0.011359569080638026,-0.0291328407085213,0.015300637378381672,False
412865,5,-0.007956352128355005,0.01136734550209416,-0.03021127755199926,0.014828593003350718,False
412870,10,-0.00746452815422552,0.011789706199576134,-0.030633123172637743,0.015822558748909615,False
412880,5,-0.007785402463013143,0.011332953694183816,-0.02967209738634798,0.014777831677148013,False
420005,1,-0.008400184681078436,0.011337255404796614,-0.03118133233435236,0.013849592237267946,False
420010,31,-0.0073606565690904,0.011482613894265964,-0.030147025958430197,0.015215043141681765,False
420020,10,-0.008499495273115375,0.011558438104075613,-0.03116572434579705,0.01409730895864401,False
420030,1,-0.008015501539840531,0.011400695356698872,-0.030772447201756124,0.01445722575092248,False
420040,8,-0.007376066460888869,0.01147556606562845,-0.030644156837354827,0.015722957030138433,False
420050,7,-0.00873220274944011,0.011440040136296856,-0.03196643088440753,0.014107602793694185,False
420055,1,-0.008321880439235619,0.011800907537508818,-0.031420615478218165,0.014626093382194639,False
420060,4,-0.009065570812892033,0.011550055639792266,-0.03178926271607441,0.013749224683131842,False
420070,7,-0.0073715315777105545,0.011229742959418776,-0.02975184260682276,0.014581726601041024,False
420075,0,-0.007785269063214247,0.011574539961125943,-0.030804180755240964,0.015193867375888114,False
420080,4,-0.00788162069846334,0.011496156622637664,-0.030660916090920337,0.014902918929943996,False
420090,1,-0.00795266911864165,0.011580505505061324,-0.030735848042886663,0.015191034574901167,False
420100,12,-0.010401413546352515,0.011298555973303958,-0.03340639405528647,0.012348504758560358,False
420110,1,-0.007362285741355303,0.011709788947764076,-0.030215518394999318,0.015667242623388866,False
420120,9,-0.006838263556522651,0.011115125548888003,-0.02896681844358829,0.015452995982392456,False
420125,11,-0.010355755012619216,0.011339049068769839,-0.033225154077684664,0.01192250431996754,False
420127,3,-0.008333361855467406,0.011424486242873776,-0.03149802498664284,0.014822515432325418,False
420130,35,-0.007034526828947552,0.01092486727164689,-0.029056261594244265,0.015093223960911471,False
420140,70,-0.006725498254099764,0.011213165925578843,-0.029107809200124294,0.015874197282698305,False
420150,10,-0.007614075935380724,0.011134908022270584,-0.030231296152057847,0.014113106523329769,False
420160,2,-0.007337029405032151,0.01149816798802968,-0.02994662896140749,0.01550572977802281,False
420165,1,-0.00790752890720361,0.011432607796425054,-0.030868113086952458,0.01442259689119969,False
420170,4,-0.006198255663095941,0.011471918027698326,-0.02838003290884102,0.015955855242566173,False
420180,6,-0.006241587071278068,0.01136196748641961,-0.028593214933550614,0.016442657375147888,False
420190,3,-0.007161775682423684,0.011424041233956113,-0.029682214184047123,0.015911949511707074,False
420195,13,-0.004104904453258285,0.011748640384183637,-0.027097333717693427,0.020142154809625046,False
420200,103,-0.012796719325930335,0.010672901222528427,-0.03490096658321491,0.007603545008818116,False
420205,14,-0.006740977345442059,0.01120004164219368,-0.028806608407094567,0.015615188521549285,False
420207,11,-0.008509587331240626,0.011386592176044074,-0.03165479673625088,0.013954857844284798,False
420208,3,-0.008003223099089966,0.011412509703731307,-0.031130539732235805,0.015171397879275175,False
420209,1,-0.008687834779633384,0.011215801941142701,-0.030962163767899887,0.013811596654732326,False
420210,46,-0.0063279950265720695,0.011301911680636063,-0.02926035163890941,0.016569010103770317,False
420213,6,-0.006998753735328471,0.011392038166381086,-0.02945314593326687,0.014945714036960664,False
420215,5,-0.008500545723239725,0.011565118197439567,-0.031086817348478627,0.01442061034318982,False
420220,12,-0.008744818427998298,0.011630269527036007,-0.0320673675458754,0.013597717772535704,False
420230,71,-0.008250977884858846,0.011247835856622704,-0.03057271465175026,0.013860366167001053,False
420240,334,-0.00972242704493276,0.009663809978741807,-0.028737095356727617,0.008738139437283566,False
420243,8,-0.007529008809342528,0.01131783517559241,-0.030165633894937753,0.01470050480917616,False
420245,19,-0.005273922853001778,0.011331933657396664,-0.02718758820232996,0.017626201858521765,False
420250,4,-0.007611302689157373,0.011473955409237568,-0.030092197236542596,0.015567804633341809,False
420253,3,-0.007874385489328312,0.011622603188071486,-0.03117558977851424,0.015319240200801275,False
420257,1,-0.007696829666813685,0.011785795819308562,-0.030712505514381316,0.016197309169974795,False
420260,17,-0.01082652422694816,0.011561465510246368,-0.034591593700901424,0.011693743406316622,False
420270,5,-0.007902027671686074,0.011484395574575396,-0.030543495363528215,0.014565944222061042,False
420280,46,-0.0028836772418032067,0.011136004128409384,-0.02455179898730061,0.01964074869641373,False
420285,3,-0.008704519229019578,0.01153504020966891,-0.03135837906757836,0.014591024309782928,False
420287,3,-0.008810021502129745,0.01139710405469767,-0.03179032722181459,0.013777029980723752,False
420290,136,-0.012783185813518427,0.010905826756579156,-0.03479574205645205,0.008359539494976772,False
420300,97,-0.008069813052182606,0.011003188353135894,-0.030017182986852207,0.013568300308568662,False
420310,4,-0.007279668094938471,0.011330802451533013,-0.02968398362573148,0.014783861220575793,False
420315,10,-0.008842863295038228,0.011757914352579155,-0.03266683253847436,0.013592756126234083,False
420320,131,-0.013807225950117767,0.010938436495348395,-0.03568113676690817,0.006852097334258423,False
420325,5,-0.007198805688839166,0.011721512880093184,-0.030174332294069763,0.016204133373605687,False
420330,9,-0.005863188215626456,0.011403883172459087,-0.027726941603692594,0.016647243926902807,False
420340,12,-0.009892126292747584,0.01161950528197716,-0.03363729704303205,0.012829651920701788,False
420350,15,-0.007053550814281532,0.011634039226538242,-0.029571988171548595,0.01628155893633662,False
420360,40,-0.004434195067509591,0.010985010496697596,-0.025090070681754208,0.017927721411061675,False
420370,12,-0.009675569656900503,0.011452190917933083,-0.032806121039288344,0.012664124643394451,False
420380,60,-0.010599355954306592,0.01079161880779278,-0.03259591400088674,0.009799551712549546,False
420390,24,-0.0074320221897750255,0.011264254800874512,-0.030029562358074878,0.014748110374249723,False
420395,28,-0.00737888748097539,0.011450566998523799,-0.029873099749165962,0.015512019099649506,False
420400,10,-0.008190375842351136,0.011482192790509693,-0.030914608808649064,0.014314766439334308,False
420410,3,-0.009063410864187646,0.011299943249935981,-0.03208113753926841,0.012850069056491333,False
420415,4,-0.007540166714738121,0.01186785751765578,-0.030609833997130066,0.01568675342063192,False
420417,6,-0.008411093373630954,0.011687658165823131,-0.032190638965104976,0.014420821288067407,False
420419,2,-0.007866800701622406,0.011371260760833576,-0.03014915643913941,0.014289053276323325,False
420420,270,-0.00745099239119062,0.010155790500702432,-0.02743807252290415,0.012848376691551592,False
420425,18,-0.009279760514488774,0.01145676839637285,-0.03214148314328127,0.012968279741874762,False
420430,90,-0.0009513979789142831,0.011376457517741086,-0.023127805158838867,0.02194902288251984,False
420435,7,-0.007662800362397789,0.011548427570433756,-0.030947171298301837,0.01508237930026796,False
420440,8,-0.008766199106065749,0.011640475355275294,-0.03185496176763493,0.014223909295271639,False
420445,2,-0.007493868007099214,0.011376650193319512,-0.030169341698209628,0.014696029690030445,False
420450,5,-0.008629809182537933,0.011557526967403883,-0.031527550247267284,0.014338320545317168,False
420455,30,-0.011796667293691847,0.01131274056066197,-0.03459494663430094,0.009847114829526566,False
420460,191,-0.008710430052777256,0.01035499839882591,-0.029417741779316237,0.0122380498664534,False
420470,4,-0.00899714503232159,0.011242421250085555,-0.03140340506520447,0.013352212846910553,False
420475,5,-0.008600012132306767,0.011346670758986994,-0.031678767101166676,0.013262233660648439,False
420480,43,-0.008889825541860588,0.011512757689227658,-0.03181493285170178,0.013532765950214347,False
420490,9,-0.009484408814457869,0.011175605417180288,-0.032098669551344286,0.012895709803277124,False
420500,18,-0.005878008096756145,0.011261042902342465,-0.028108987796971824,0.01709374999764555,False
420510,7,-0.009136219980017141,0.011368492765855092,-0.031982992027660244,0.013505735241795509,False
420515,3,-0.007742411742934822,0.011819006864099367,-0.031076924788810405,0.01632084814352845,False
420517,5,-0.00745711803549598,0.011796002817812698,-0.030210945770651268,0.016090487679626328,False
420519,0,-0.007953459022823472,0.011299220839121455,-0.0304044953988564,0.014468029468615659,False
420520,7,-0.008739490697962026,0.011767165845370168,-0.03217795588732581,0.014301647009696359,False
420530,9,-0.00867734899900046,0.011197741936666623,-0.030718560714815445,0.013632087208599118,False
420535,4,-0.00631117522184956,0.01171004693822207,-0.029076487522925288,0.017299677596636972,False
420540,352,-0.0149407508780355,0.010153596091480461,-0.03519386360080113,0.004567505236891711,False
420543,5,-0.007675141418505794,0.011519866759359499,-0.02994572351000712,0.01497743719848689,False
420545,28,-0.0075074490815229475,0.011254056317037344,-0.029504957047139853,0.014682794957629733,False
420550,41,-0.0036005262411961175,0.01082320982836664,-0.02399604825031652,0.01834016229488779,False
420555,1,-0.008472841039912988,0.011443286904424385,-0.03098902780343547,0.014080577702522948,False
420560,4,-0.007886749801084666,0.01145571322944706,-0.03096574142566915,0.014513320507817036,False
420570,16,-0.008000280775811995,0.0111302524316708,-0.029968926909251487,0.013639293025414174,False
420580,20,-0.0063946764762733855,0.011326421124182725,-0.0289433193007536,0.016154146207506468,False
420590,79,-0.005585234798479148,0.01093351344061536,-0.027381890609960404,0.01597538608492539,False
420600,11,-0.007730547009927207,0.011285963112614997,-0.030198321484915563,0.014816728873076232,False
420610,6,-0.007949723151639448,0.011294938419789563,-0.030237173521092415,0.013689663833891936,False
420620,15,-0.005122074194591227,0.011611517073245222,-0.02760043302306476,0.017805465982742484,False
420630,37,-0.007987180904354574,0.011301288573229193,-0.030135509584537288,0.014581070847661807,False
420640,10,-0.009760816420254158,0.011216133961614702,-0.03214710960855613,0.011992145959186257,False
420650,41,-0.005475936423911909,0.01133258608174003,-0.027917543720139278,0.017069056468788976,False
420660,5,-0.007687816847297804,0.011415997897687689,-0.030495752612468553,0.014900471196894258,False
420665,9,-0.008931076270639729,0.011085348397468362,-0.031498385133829084,0.012773292158909832,False
420670,21,-0.007640889569500941,0.01138176007004549,-0.030193281028596464,0.015116649778347226,False
420675,1,-0.007171768865080614,0.011463426713262295,-0.029841269526991343,0.015776675043510074,False
420680,4,-0.00845370268966645,0.01139274950015322,-0.031425654644001384,0.01421628931401099,False
420690,14,-0.010572569707723637,0.011790805573693332,-0.03421630090153716,0.01296947310519825,False
420700,64,-0.006346152079766101,0.011132332255033576,-0.028263279690471498,0.015510839401938363,False
420710,13,-0.009774269852981613,0.011082787208579917,-0.03181480401964554,0.011840381782124133,False
420720,10,-0.00664647208120648,0.011249102142082013,-0.028905176853740333,0.015324447779601801,False
420730,48,-0.010622088708264045,0.011792205610810562,-0.03454112597792459,0.012916057029697236,False
420740,8,-0.006669706623807336,0.011502654345734557,-0.02917582210792468,0.015880028614382227,False
420750,63,-0.007455250663419764,0.011089151672296899,-0.029108991919414302,0.014598903490156233,False
420757,3,-0.007392408794385115,0.01117688408018135,-0.02987584461495409,0.014893589735738294,False
420760,3,-0.008103565341324927,0.011728459345301055,-0.031519288511055815,0.015499585801946802,False
420765,6,-0.008019401943315971,0.011288767299558659,-0.030970193897597486,0.014452192619268407,False
420768,20,-0.006876297641237439,0.011663842431492774,-0.0297740100119115,0.01654935296251046,False
420770,15,-0.006528348941066163,0.011615330875237853,-0.029617237762415986,0.01645050501562085,False
420775,10,-0.007820004874152828,0.011490626315705969,-0.03091800006587169,0.014792452324781208,False
420780,15,-0.006765979366379143,0.011292880595676203,-0.02945985454526934,0.015641670246065106,False
420785,2,-0.008202491609699403,0.011390500831136713,-0.03068862682113722,0.014435779675424741,False
420790,10,-0.007141974008484956,0.011755465323531483,-0.030266608005236322,0.01590658727873553,False
420800,7,-0.006448512207352952,0.011701460207589848,-0.02934022461903508,0.017083345060227434,False
420810,19,-0.0065658895476401555,0.010997638350832811,-0.028049705196507988,0.01533821820147168,False
420820,277,-0.007351054622324204,0.009887944850947274,-0.02630500562989512,0.011672784526858378,False
420830,87,-0.014135134392480804,0.011272620521731983,-0.03692574390491545,0.007697833115840186,False
420840,21,-0.0072508557870706964,0.011333093261328973,-0.029954960128369748,0.015936074096579874,False
420845,23,-0.0077631960672648855,0.01118671983444424,-0.02995849151576911,0.014483158228601755,False
420850,28,-0.0055403191810105955,0.01099694814759699,-0.027132118512348872,0.01722101601631885,False
420860,4,-0.006720732241050773,0.011601917229010748,-0.029669531333071597,0.016447272946767916,False
420870,10,-0.007997248625943892,0.011381064240393335,-0.030893550848049522,0.014659131314640306,False
420880,18,-0.009820093818802849,0.011604552604260045,-0.03329272843975074,0.012835169888738375,False
420890,186,-0.0071157556002677475,0.010554784976228488,-0.028200929072137046,0.013982463348361817,False
420895,0,-0.007790379635824,0.011553121340557714,-0.030581972343484295,0.014845816548977325,False
420900,42,-0.007430020958345035,0.01113555841559992,-0.029884788984056967,0.014452799473629745,False
420910,461,-0.0039945396113480695,0.009555408478024363,-0.02265303319664559,0.015243424475953503,False
420915,8,-0.007043626468518421,0.011177521850730367,-0.029331746179249153,0.015408506619398691,False
420917,5,-0.007676870381588625,0.011456987047760337,-0.03072799148895142,0.014732067749999845,False
420920,3,-0.008148770685181711,0.011525373349088841,-0.0312532789621529,0.014842914489099144,False
420930,251,-0.010007543869325418,0.010423413715939267,-0.03111465932934222,0.010994376527522172,False
420940,35,-0.0031966406417045386,0.011786660318721455,-0.026465115126814716,0.021402655385628928,False
420945,2,-0.007957642131058028,0.011213547920625556,-0.03042421380510934,0.014498139356922549,False
420950,11,-0.006412730028470434,0.01150031690417666,-0.0288659606838726,0.017391317268382347,False
420960,17,-0.005505529157357504,0.011559126283464175,-0.027822846239405157,0.0176819620824076,False
420970,20,-0.006144397377079726,0.01150601534364978,-0.029218027378985788,0.017088520337021452,False
420980,4,-0.006888863703235052,0.011435506753599755,-0.028826662907657674,0.015869227347628485,False
420985,6,-0.008618496296171996,0.011759946758901001,-0.031792414398203295,0.014499232886851215,False
420990,11,-0.00827836243163067,0.011059445181297861,-0.030684317904788264,0.013203983809248395,False
421000,21,-0.005004927036881149,0.011498540553241407,-0.02728332653673229,0.01858126788810538,False
421003,4,-0.0073435566024341046,0.011609324064753786,-0.030407374043106766,0.015750044845143064,False
421005,1,-0.007768715452511662,0.011761141374923064,-0.030911707247447618,0.015443126758484003,False
421010,48,-0.0068335377784367905,0.011116917127643684,-0.028186732957959086,0.015262198231128721,False
421020,4,-0.008485382247909595,0.011437344982469238,-0.03156217657190539,0.013672978859022595,False
421030,7,-0.0055601081246960775,0.011184716552570754,-0.027842267741155703,0.0170473356201012,False
421040,11,-0.011368667434225306,0.01160296797673736,-0.03523045243668143,0.010978386860209606,False
421050,19,-0.0068619695212645306,0.011313702805200129,-0.028884404453496743,0.015271112953940985,False
421055,0,-0.007854697404070504,0.01119172022742809,-0.030618973852281923,0.014365384051211596,False
421060,15,-0.006992641940761563,0.011393259501934766,-0.029396962157576513,0.014826286955733447,False
421070,4,-0.0077220723342090415,0.011481849010528905,-0.03047747804200558,0.015248846720077576,False
421080,6,-0.008713654739758235,0.011394477398395,-0.031478014386679604,0.013602245127932806,False
421085,4,-0.007532834795283156,0.011441905778265123,-0.030517535870959546,0.016041647248438155,False
421090,5,-0.008545434500751885,0.011672304286998612,-0.03181406233561454,0.014136892760630708,False
421100,18,-0.008639869751962292,0.011298511483087406,-0.030832188269901698,0.012756028255783801,False
421105,8,-0.007731870767673424,0.011421905538760315,-0.030185744382429536,0.014229082771347313,False
421110,7,-0.007970083360431353,0.011484311264420101,-0.030931879103111095,0.014868967868146182,False
421120,24,-0.007641187492319262,0.010981411759294929,-0.029117644319706183,0.014187849717484552,False
421125,3,-0.009219703659110214,0.011849436685003186,-0.0323220992771658,0.013414034978018323,False
421130,120,-0.0023475993357369492,0.010812591732362821,-0.022619435577344256,0.019725866308467437,False
421140,4,-0.008901651097658485,0.011749532846324977,-0.032052348495154565,0.014218891227566205,False
421145,2,-0.008456528732975527,0.011582539434353698,-0.03204204202395502,0.014236459632524316,False
421150,11,-0.009394446915483367,0.011566055853527974,-0.032853321831629805,0.013326924658078634,False
421160,12,-0.00856512195212517,0.011259048309027115,-0.031133492239606896,0.013788517677999053,False
421165,3,-0.007401035659717522,0.011504492063353466,-0.030776895320330747,0.01589898432764235,False
421170,25,-0.00458914892271304,0.011509497459836069,-0.02674134747952189,0.018709105410129694,False
421175,29,-0.00962180167589955,0.010978015807688037,-0.03170238771731023,0.012500077681267298,False
421180,8,-0.007567264625517858,0.011733504668188168,-0.0308858739444655,0.016087243095088976,False
421185,5,-0.006322775748397159,0.01132804905182736,-0.028416783806976174,0.016217893721534836,False
421187,1,-0.008149773127902745,0.011459465058400228,-0.031054117958022116,0.014930951460548111,False
421189,3,-0.007386153011238768,0.011543522606245277,-0.030611598523626254,0.015745105709670814,False
421190,184,0.0011959222951051583,0.010726501909039109,-0.01906601113320782,0.02292992736249128,False
421200,14,-0.0070358289950259775,0.01114936467862047,-0.02890726399368824,0.015238779541481562,False
421205,4,-0.007658705024487545,0.011482697505462122,-0.030264573461173096,0.015552704633868942,False
421210,12,-0.006147759102398169,0.01142162366802421,-0.02847620821065019,0.016525745039414598,False
421220,21,-0.005631968158187598,0.011309097829792733,-0.028123839379498135,0.016933115952554412,False
421223,7,-0.008243594397200599,0.011562197163779884,-0.03143641270542699,0.01452426284677657,False
421225,16,-0.00622884884643604,0.011474429574169245,-0.028635494394858817,0.017178571703787022,False
421227,5,-0.0074523339345317,0.011385100385282712,-0.02970857425163254,0.015307573693819632,False
421230,4,-0.007959333557760729,0.011370605892380953,-0.031069831931416447,0.01420974719331279,False
421240,1,-0.007285252410577556,0.011152089196466286,-0.029334455500792403,0.015032882206394812,False
421250,22,-0.012497660439708874,0.011640766021335628,-0.036071496244804734,0.009990453473219809,False
421260,0,-0.007834525259956338,0.011529573551879375,-0.03021481732669435,0.014999676812211631,False
421265,8,-0.008378349000436323,0.0112250089679724,-0.030483562848846284,0.013579461523156942,False
421270,5,-0.007329798352056467,0.01144882897148439,-0.030132815225081117,0.015868276337673324,False
421280,21,-0.007517195365839637,0.01155582860071602,-0.030141503877503813,0.015491291892813628,False
421290,24,-0.007265742472910793,0.01145232272689218,-0.029678918497260173,0.01567847007546941,False
421300,1,-0.008204481462801031,0.011558597323750768,-0.03118102367059024,0.014712158647890676,False
421310,9,-0.006546975849449491,0.010991233074556952,-0.028418094501271453,0.015242284026805476,False
421315,3,-0.007875987226399725,0.011565687468272995,-0.030633574139030274,0.014816133131426422,False
421320,36,-0.012987351772329929,0.011499796005010731,-0.03630571930413768,0.009065326329318727,False
421330,6,-0.008076155904857683,0.011766865004066873,-0.031182286605327177,0.015398599946843665,False
421335,7,-0.008659558578483332,0.011567438194309488,-0.031399496814179556,0.014004804910323763,False
421340,20,-0.004499915910008449,0.011544027530504708,-0.02749160210606874,0.018619709714029226,False
421350,27,-0.005306458540537916,0.011153863166017759,-0.027181830020408186,0.017505299342442167,False
421360,27,-0.007829358582299306,0.011255091892138438,-0.030614911232557444,0.01438971883208117,False
421370,20,-0.007983170300447233,0.011413723497072278,-0.030851097766065132,0.014750565019632313,False
421380,6,-0.006743124993444757,0.011761014704879582,-0.02985654100479896,0.016319470780414482,False
421390,1,-0.0074586943925094825,0.011655133033747012,-0.03082451781897444,0.01630206890374972,False
421400,19,-0.006185896548233617,0.011455320463453914,-0.028969069575589843,0.017081989757077913,False
421410,2,-0.007863559820170332,0.011393983313724362,-0.03001049315575298,0.014110662732772932,False
421415,4,-0.008063711246344033,0.011433752202527365,-0.03076614690953644,0.014055629494264352,False
421420,5,-0.008716490463527205,0.0116845492321144,-0.03221702841116194,0.014676404713281547,False
421430,6,-0.010023379017539285,0.011625188257256266,-0.03366288882476227,0.012975108989797797,False
421440,3,-0.006619712504563449,0.011758435389211183,-0.030058056848004458,0.01678550392306322,False
421450,7,-0.009024741655378492,0.01123181438006317,-0.03128528596658969,0.012695278612041908,False
421460,7,-0.0073040666472960316,0.011227894618463713,-0.029194862669893268,0.014513867631686654,False
421470,8,-0.007137505251061861,0.011192796413368308,-0.028541787485699327,0.014702761363432144,False
421480,48,-0.005780461596597573,0.011242982454737772,-0.027789061353036933,0.017342124407032082,False
421490,5,-0.0063640559844149866,0.01148910057011562,-0.0289724930525038,0.016114531058680017,False
421500,45,-0.007618098280091908,0.010819173257296135,-0.02825373135620222,0.013875549346611943,False
421505,1,-0.007169976999806145,0.011664856503134289,-0.030069986996266684,0.01613926936698337,False
421507,2,-0.007164073086046254,0.011617777197312556,-0.02979000870157362,0.01586320971254603,False
421510,11,-0.007438063658198015,0.011258212841478404,-0.0297060911270962,0.015442542697717698,False
421520,3,-0.008932539619373573,0.011816128988864505,-0.0325059505334193,0.014071196325286249,False
421530,7,-0.008302517186184655,0.011578784231215583,-0.031810970686125435,0.014486313364004447,False
421535,3,-0.007754922622993347,0.0112507544435063,-0.030528429695921903,0.014576828065549108,False
421540,4,-0.008143387758127401,0.011774047015466558,-0.03142994448294533,0.014919210289337508,False
421545,12,-0.008171999178858637,0.010949682848743586,-0.030074806113540017,0.01293988865396561,False
421550,33,-0.004827568300535155,0.011333883128078174,-0.0266543153491126,0.018412243114396876,False
421555,4,-0.008009675459631311,0.011464083045251943,-0.030764554007117598,0.014424630818342329,False
421560,2,-0.007749408574334706,0.01126491040174976,-0.030225227620657144,0.014542032674814506,False
421565,10,-0.008823133084839086,0.01146919303736274,-0.0313381289334704,0.013840500466066585,False
421567,5,-0.00909541128319917,0.011104160330158763,-0.03132410592088802,0.012607482071786278,False
421568,6,-0.00594451834655844,0.011282362795379836,-0.028093350027551357,0.016740650291022664,False
421569,0,-0.007776434537185867,0.011231050509007653,-0.030220845065464887,0.0149632205456498,False
421570,16,-0.006952927237861407,0.011582538910932576,-0.030094874718842132,0.016488030319959785,False
421575,4,-0.008078909146361328,0.011322436537268114,-0.029697700152822113,0.013907916791918974,False
421580,75,-0.010504906560983046,0.010889337362390934,-0.03290923884777373,0.010899372299089553,False
421590,4,-0.0075428956791351,0.011354260641660414,-0.030068348560703527,0.01526877918566422,False
421600,8,-0.007901180846566516,0.01158094943610701,-0.031332058194291613,0.01543521021011261,False
421605,8,-0.010010252780372283,0.011234330550579843,-0.03279379815842493,0.012544236582047293,False
421610,11,-0.007407679760105071,0.011675046975952147,-0.030553270607843755,0.015432984377586617,False
421620,58,-0.007672816890473869,0.01082453216327594,-0.029533256180038537,0.01368362713796191,False
421625,1,-0.007598940337758474,0.011375972660079671,-0.030594236485499953,0.014697741673528195,False
421630,39,-0.010775332821990686,0.011334320491431236,-0.03369680500151895,0.01111710221181378,False
421635,3,-0.008790204593576796,0.011471063693126313,-0.031609018855445835,0.014121452412122891,False
421640,10,-0.007349529189918376,0.011463301491806334,-0.029397883226108618,0.015263558806449619,False
421650,54,-0.008193462500314722,0.011272504443945338,-0.030835577598304374,0.01421665240039752,False
421660,211,-0.00611690381030165,0.010522941076048915,-0.026860580958489626,0.015519645460915873,False
421670,10,-0.008107092169638062,0.01129816822582184,-0.03018671493072048,0.014044580785779593,False
421680,13,-0.008886044424706582,0.011578416128631717,-0.032052899359150885,0.013810105041123434,False
421690,39,-0.00788862263855313,0.011270448512895827,-0.03038306630750876,0.01426846686724128,False
421700,22,-0.007171714878197228,0.01131675633469318,-0.029818203287632204,0.015199136991396503,False
421710,3,-0.008406746854279189,0.011320796041906073,-0.030943697932773392,0.013565963419817197,False
421715,3,-0.008050414310726738,0.011358267941463177,-0.030406251571951235,0.014433034448411848,False
421720,48,-0.010261869960014098,0.011181237157281986,-0.03240480335528734,0.011709452820363786,False
421725,0,-0.007756948516310705,0.011457483965409137,-0.030527901577947495,0.014688049697595445,False
421730,8,-0.00535360942721328,0.011656676351550429,-0.02772268496359279,0.018494676537278692,False
421740,22,-0.006115372707816972,0.01117994082338027,-0.02798884730942724,0.016186645381374463,False
421750,22,-0.005600117527440668,0.01129348723737515,-0.02789402831132295,0.017152576193470364,False
421755,2,-0.00782690364201754,0.0112004544035808,-0.029573133700208844,0.01427938867501284,False
421760,12,-0.007566817275778232,0.011610551984552322,-0.030463318034021147,0.015447022750518813,False
421770,27,-0.010442269031719692,0.011082595308228064,-0.032818771346887717,0.011242031711799888,False
421775,2,-0.008003017615455592,0.011432128806936916,-0.031028398528341643,0.014179504214056412,False
421780,15,-0.007125621379457706,0.011054600336507334,-0.029002855060722334,0.015297045019751468,False
421790,10,-0.008537493359884614,0.011389917567817473,-0.03141288312272501,0.013756327095665297,False
421795,0,-0.008042625950178697,0.01149865832675986,-0.030683865815064784,0.014796463263435993,False
421800,44,-0.007760357210487971,0.010999275532908019,-0.029486367479633183,0.013870961688127422,False
421810,2,-0.007825685444478188,0.011447376224270578,-0.03003491522788452,0.01462299385874962,False
421820,40,-0.005493012572961465,0.011168598100375545,-0.02773851544661686,0.01746604245344844,False
421825,15,-0.008095981018888932,0.011295320504251296,-0.030530007229603855,0.014371424020108435,False
421830,18,-0.0074812942861298805,0.011469110122289333,-0.030232522491159146,0.014996225529256476,False
421835,3,-0.0075392062993660984,0.011568174279182407,-0.031085463598357795,0.015412033726509141,False
421840,8,-0.006727053886685895,0.011519364290155284,-0.029514637600485512,0.015626159611904177,False
421850,4,-0.008060932947479307,0.011410588816339471,-0.03134391422532079,0.014595152119571046,False
421860,8,-0.007991692878764922,0.011408256811931595,-0.030649101535026847,0.014522098429042729,False
421870,96,0.00036499944240798353,0.010926592201631039,-0.020158007773855468,0.022306351299631322,False
421875,8,-0.00842169548679524,0.011122448578724372,-0.030403634016286794,0.01377061610633016,False
421880,16,-0.009010560052036517,0.011224177017342487,-0.031109994449053494,0.01340118189282502,False
421885,0,-0.007910105943275073,0.01147852054457655,-0.03029639409173034,0.014634183521862127,False
421890,10,-0.007636051910102508,0.0116101760231262,-0.030572376452700455,0.014978208145556803,False
421895,5,-0.007243240677737573,0.011488373565719766,-0.030105653798892327,0.015202325254383633,False
421900,16,-0.010173211830695694,0.011141933553074383,-0.03323445502240134,0.011659493589509254,False
421910,1,-0.007708028760824658,0.011678255578189096,-0.03096767448547334,0.015786209795830813,False
421915,3,-0.0071106377253544305,0.011165178738900109,-0.029193045595655606,0.015747306061474828,False
421917,7,-0.008148863448878864,0.011448036418502014,-0.03102881514344859,0.01462838622135997,False
421920,5,-0.006133184373662849,0.011328929920472677,-0.0286083472466121,0.01634877986670262,False
421930,60,-0.008010455331897837,0.011019147145799761,-0.02952524230456764,0.013355285529015926,False
421935,5,-0.007434947047531598,0.011528630482813721,-0.030591534681745264,0.015260463455761833,False
421940,4,-0.008427064145254142,0.011593082267940747,-0.031526462033117,0.014730309574667895,False
421950,47,-0.004159673895883207,0.01089233234411757,-0.024618685203071096,0.017988376158980284,False
421960,5,-0.008346526394406768,0.011655103480392424,-0.03186822380284225,0.014952966941342972,False
421970,44,-0.006828466683737225,0.011002777527228317,-0.028748343021600484,0.014893084029859763,False
421985,4,-0.007625007548666398,0.011403510826984478,-0.03081387444398469,0.014927868902536322,False
422000,16,-0.009666499254483414,0.011414961991452477,-0.033134855316893363,0.012502788610143974,False
430003,7,-0.008421104327992646,0.011740756284333511,-0.03248553788154711,0.014739842808901804,False
430005,6,-0.007538691688756654,0.011209615088500971,-0.029748240597811056,0.01519106172692931,False
430010,11,-0.007580992668573039,0.011248262692740976,-0.029948209515773018,0.01502366386754405,False
430020,3,-0.007500581131143614,0.011275506252804903,-0.029514537195256697,0.014802959864925332,False
430030,4,-0.008885132880091462,0.010894454010433074,-0.03089411869800588,0.01255665711916314,False
430040,58,-0.00790548363941818,0.011253358708400893,-0.030167123249342325,0.01437810796834743,False
430045,1,-0.007994520715618507,0.01133299228810881,-0.030642892267210627,0.014681040660809755,False
430047,1,-0.007648537512842673,0.011595312385687822,-0.03024173234395562,0.015831359925501675,False
430050,5,-0.007845010227363102,0.01146082151880603,-0.03019793713384231,0.015051132909976322,False
430055,0,-0.007849114170110869,0.011527765614398245,-0.03081685372356042,0.014597435427755143,False
430057,3,-0.008093360242666207,0.011413990533559196,-0.030960690238817194,0.014827094378486675,False
430060,269,-0.005300271323583132,0.010354260802114946,-0.02535188252650662,0.015515888763840755,False
430063,3,-0.00782932873559598,0.01143829821852491,-0.030990445629775057,0.01553710437317344,False
430064,6,-0.008181556337895263,0.011627646545045093,-0.031347703078132796,0.014686522607545474,False
430066,0,-0.00798667335735648,0.011478720542823813,-0.030614861579187892,0.01556842958502015,False
430070,1,-0.007604412555106272,0.011801580056929755,-0.030878626900641203,0.015385211829441569,False
430080,10,-0.008610286514375641,0.01112965850410812,-0.03136191709412731,0.013185953646575002,False
430085,2,-0.008179875038901975,0.011485778158782165,-0.031050445824602618,0.014187000874888884,False
430087,12,-0.005422510190210369,0.01169917872597621,-0.028867205015221553,0.01834252883783637,False
430090,0,-0.007874789241255217,0.011511015682356159,-0.030913938451956256,0.01528511704293323,False
430100,22,-0.007221245020182342,0.011484676590211572,-0.03022464995580126,0.01579910662773735,False
430105,6,-0.00912741881028743,0.011095957131648081,-0.031153892358319158,0.012899278443832839,False
430107,1,-0.00762516603994152,0.011175879641765031,-0.029537625789490835,0.014900539761645026,False
430110,20,-0.005965526286904879,0.01155948844893287,-0.029150301168694555,0.01717054140460685,False
430120,9,-0.006252337131510917,0.011291246255515036,-0.028794724148321273,0.016688260573757895,False
430130,16,-0.0071923802909557655,0.011742213326766403,-0.030577078430278563,0.016544870238721737,False
430140,15,-0.007673277164368259,0.011437115514200586,-0.029582754524094427,0.01457819114919862,False
430150,10,-0.006778690302513796,0.011709397319894973,-0.030307887369623775,0.01712312334899165,False
430155,1,-0.008001201997976765,0.01135920509939593,-0.029831443489065235,0.014020057555116405,False
430160,176,-0.0058874879459902,0.010475356765578557,-0.026816812721294294,0.014901309426411753,False
430163,16,-0.007888618696912576,0.011647435413602324,-0.03096958333052576,0.014908713138639701,False
430165,4,-0.008002336544589232,0.011579015296781247,-0.03137927502634891,0.014493459050343788,False
430170,3,-0.007528273797245887,0.011396657179980502,-0.029660998427778057,0.014901767251385062,False
430175,5,-0.008473332846704068,0.011684355053566412,-0.03168380258831816,0.014636328125661582,False
430180,3,-0.00740486608012061,0.011636359928427932,-0.030145116858261163,0.015910918248005355,False
430185,3,-0.008008545808718699,0.011403536927734522,-0.030167342252925538,0.014197272105446754,False
430187,3,-0.006776307634572813,0.011432408719720743,-0.028668979520848625,0.01620347794589779,False
430190,9,-0.010023122115965094,0.011409221284782384,-0.032622693779771124,0.012141320311205179,False
430192,0,-0.007895303333111649,0.011711771540765891,-0.031124572988121157,0.014752642478411513,False
430195,3,-0.008171339095699842,0.011449865668134232,-0.031195457160881686,0.014717185214026453,False
430200,12,-0.006602364054736239,0.011501409556873999,-0.029280854793358523,0.016380161465844704,False
430205,2,-0.007445302344772808,0.01132892776903054,-0.029786226401153793,0.015370654558506421,False
430210,109,-0.005517343100567274,0.01052959457735663,-0.025602467585883595,0.015440950921030108,False
430215,2,-0.008235275550159685,0.011559174424520913,-0.032308397347391715,0.014685256152706735,False
430220,6,-0.008547759568628575,0.011322647039459385,-0.030592472092957863,0.013702120762682821,False
430222,5,-0.009042291583103908,0.011520123784388266,-0.03222513263850027,0.01371097178437796,False
430223,3,-0.007802319386926695,0.011280827382105913,-0.030023093535032287,0.014847197761101789,False
430225,1,-0.007312443991792435,0.011350196674543324,-0.029346481101322812,0.015049239286118087,False
430230,15,-0.007441941526207006,0.011404918010910288,-0.029915564037757286,0.015415069305781317,False
430235,12,-0.0068624476882030334,0.011441668645964305,-0.02967014930579934,0.01611373932206207,False
430237,2,-0.007476298554217634,0.011523770167614158,-0.030601940176552808,0.015699434445539364,False
430240,8,-0.009811385000183174,0.011390766692734821,-0.03273714589843183,0.012711152053605866,False
430245,5,-0.009297571041313384,0.011528691929630505,-0.032395452016792364,0.013769611585244866,False
430250,7,-0.0065691942534839304,0.011411840320837446,-0.029509377264931937,0.01650945440609541,False
430258,3,-0.00872370435732751,0.01136590006578286,-0.0314939962084337,0.013752884574323075,False
430260,0,-0.00788699712180076,0.011437538151430848,-0.030538148396744843,0.014764013340247276,False
430265,2,-0.007436874990473136,0.011743001973161018,-0.031103767544974084,0.01655212453217274,False
430270,18,-0.005369783976075571,0.010979092431095683,-0.02685269804643572,0.016613622181749898,False
430280,36,-0.008334147668370165,0.011140159432927314,-0.030197225266894185,0.012829249744606093,False
430290,6,-0.008110482391192282,0.011484875657405736,-0.03092141722264591,0.014961410223069608,False
430300,86,-0.004651011309003076,0.010927880454060202,-0.0257100415766882,0.017115680927618084,False
430310,114,-0.008823039660947284,0.010683402855576746,-0.030131762788753604,0.012713950127583449,False
430320,3,-0.00795737555407392,0.011548960187173107,-0.031195550098225954,0.014776954262533103,False
430330,6,-0.006889810836197847,0.011526673574513183,-0.029449819727023225,0.01625029011277659,False
430340,3,-0.008505539693054906,0.011321020406481672,-0.030921597570849595,0.01379435882703021,False
430350,60,-0.005658073518022203,0.011240902419370659,-0.027465854853687525,0.01713344382120733,False
430355,1,-0.008426922881917775,0.012014110414957301,-0.03184051684886344,0.015149265059557732,False
430360,2,-0.008311999336978008,0.011397283545396335,-0.03080390560704861,0.014046422298888143,False
430367,2,-0.0075478954207094115,0.011582103211300095,-0.031011191154735895,0.01555404541359403,False
430370,3,-0.007683529133106528,0.011718875386251368,-0.03093100298508893,0.015408241157355257,False
430380,4,-0.007714715386716306,0.011600568853734072,-0.030618675280542743,0.015557512764741861,False
430390,65,-0.007806888583863685,0.010924643819946405,-0.029316793153867926,0.0138839372509086,False
430400,10,-0.008890555353919983,0.011323463201819688,-0.03136999199725464,0.013089827469268754,False
430410,2,-0.008241985077433235,0.011537169645261643,-0.03179162835922582,0.014448820354145152,False
430420,29,-0.012632417686667497,0.01150425795696428,-0.03611595313761985,0.009354387159148868,False
430430,4,-0.009695966755956723,0.011002418084293029,-0.031931132701810964,0.012502848959893127,False
430435,13,-0.007634299540834372,0.011292541772084712,-0.03020520651952284,0.014940019356806446,False
430440,37,-0.005711818169691981,0.010824808708041611,-0.02699870748723933,0.01585819758017568,False
430450,47,-0.003063951188912326,0.011339569219488163,-0.024863112798541212,0.02024151767528435,False
430460,324,-0.006088064617076008,0.009921699014602596,-0.02539999295784263,0.013895386394683155,False
430461,1,-0.007627034032275623,0.011855845474513044,-0.031079795876793815,0.015976690191336813,False
430462,1,-0.008339713679346248,0.01134704855687772,-0.03107600912344973,0.014560659802432648,False
430463,65,-0.007569286678933581,0.011193090299794567,-0.029871431732172236,0.014936672368052415,False
430465,1,-0.008018289488902984,0.011772616082792925,-0.03168310936667879,0.01484242764261582,False
430466,29,-0.00873949999577751,0.011137279293511973,-0.03110247925709842,0.012810954916340182,False
430467,2,-0.0078074214292437405,0.0111992266950378,-0.029542774889089986,0.014718770521983159,False
430468,9,-0.005011721333751069,0.011350236189541845,-0.02724362044984464,0.01766710436090972,False
430469,2,-0.00847764695647176,0.011276582643100804,-0.03089841149207173,0.013788714908022064,False
430470,79,-0.010385878845296256,0.010906564107467766,-0.03280242475511646,0.011012350237480694,False
430471,4,-0.008218077884780864,0.011610642104994278,-0.030877079625384243,0.01483344417950402,False
430480,20,-0.007878481928126966,0.011363868748871953,-0.030136893330470083,0.014911095452502703,False
430485,0,-0.007853303632481934,0.011603133572978708,-0.030741977045515144,0.01465807529386305,False
430490,7,-0.008557476388413617,0.011633402397821183,-0.03254584952282327,0.013977294843202644,False
430495,4,-0.007868050057829905,0.0116544106252848,-0.031194793271079845,0.01496184847704079,False
430500,7,-0.007029852946871662,0.011480950170274293,-0.02938791206009859,0.01570873279012744,False
430510,445,-0.012579157216491391,0.009628015696212659,-0.03179035046276317,0.005723912196343734,False
430511,6,-0.008052212551113864,0.011543730022410385,-0.030745003183134348,0.015468726002225715,False
430512,5,-0.007284640351330246,0.01145972428822406,-0.02986810069977103,0.015726194378092084,False
430513,2,-0.007730763497904276,0.011483170989205746,-0.030648794387863314,0.014826677983008744,False
430515,5,-0.007784791654820189,0.011637714475729605,-0.03108517399625449,0.015755321618894064,False
430517,5,-0.0074717651869131586,0.011383493223800702,-0.02979045714603504,0.015013162772919439,False
430520,10,-0.007166277839661137,0.01115480505661821,-0.030064372328531715,0.014303574628083078,False
430530,10,-0.007415911199499346,0.01133498328290501,-0.030163059610634167,0.014588487496691397,False
430535,17,-0.0065521867056981915,0.0112193430976867,-0.028760904507684835,0.015800079121950385,False
430537,8,-0.006382078946977175,0.011222376322296989,-0.028829762734204775,0.016147443068262993,False
430540,4,-0.007675442805416786,0.011392135523563036,-0.03064725147201159,0.015145733083294985,False
430543,5,-0.008287393212646923,0.011465083677295334,-0.031150556106882128,0.01430547365769897,False
430544,3,-0.00807470975667957,0.011442929738008568,-0.030582376570661134,0.014657591993131292,False
430545,22,-0.007412193506036156,0.011179067293541928,-0.029296946837380107,0.014986440799213754,False
430550,4,-0.009475086287169447,0.011885556874682766,-0.03305387987481262,0.013929507009853787,False
430558,2,-0.00804350426260372,0.01155649945171849,-0.03158387480627637,0.014631647492025564,False
430560,6,-0.007812810085479889,0.011569262123000428,-0.030470242599467363,0.015022941123154028,False
430570,3,-0.008882207277623191,0.011321474831356912,-0.03154885173566034,0.013641564675548869,False
430580,6,-0.008322027354227221,0.01123074672272232,-0.030967948841509017,0.013988186656840684,False
430583,2,-0.0083471723483546,0.011756427973155875,-0.032181176196874696,0.014705610111783599,False
430585,2,-0.007303712621310753,0.011383892953999157,-0.029530977302407946,0.015328896934220708,False
430587,2,-0.008331794012593843,0.01154698237479536,-0.03101095998815336,0.014571754286179251,False
430590,6,-0.0055792825523206385,0.011339639670608718,-0.027645381127836235,0.017135742376279777,False
430593,1,-0.0078005860226561564,0.011425757144164597,-0.030916910754839814,0.015295555506792501,False
430595,2,-0.0075139248136957895,0.011342593380906122,-0.02980120712745728,0.01539758461371855,False
430597,1,-0.007704589352396304,0.01163117113542086,-0.031037642360186447,0.015801914427515072,False
430600,14,-0.007563145665147121,0.011600184543230396,-0.03012288561526529,0.015631986890998973,False
430605,7,-0.008123052669744205,0.011503121557820416,-0.030878770832245852,0.014364553839328944,False
430607,1,-0.007254381500538532,0.011351597456872961,-0.02979981142388999,0.015361588263288702,False
430610,63,-0.005000085783900664,0.011202652183326901,-0.026758896747181432,0.017305031422190302,False
430613,2,-0.008074680792917547,0.011628323868266023,-0.03145587010234006,0.015401554473688354,False
430620,9,-0.008339061068130543,0.011428342781438,-0.031245211606714698,0.014508080115107925,False
430630,7,-0.006772508660676544,0.01155906902977751,-0.02919404817125217,0.016334204660329074,False
430632,1,-0.0074063625482670495,0.011539594628360844,-0.029907120340574116,0.015943565860693374,False
430635,2,-0.008365077085233808,0.011603344669435144,-0.03184953400449726,0.014817383217197916,False
430637,3,-0.006959093303522318,0.011505556809824988,-0.030353552851020166,0.01584338482758024,False
430640,34,-0.007475780722248153,0.011178407550239244,-0.02947194833698916,0.014476659721600863,False
430642,2,-0.008735111622716169,0.011685223577426726,-0.031685954675744886,0.014472516960947373,False
430645,6,-0.00956754332886166,0.011467753045164534,-0.03288151822360146,0.01244472554584821,False
430650,10,-0.007370175322847763,0.011380231555623717,-0.02889058848054433,0.014691026068236234,False
430655,0,-0.007881771186844036,0.011315520498076877,-0.030428613754337672,0.0146181136942369,False
430660,30,-0.006244624265839621,0.011198553218093328,-0.02849197985285601,0.016274605622160078,False
430670,2,-0.00792101598326236,0.011307645398233195,-0.030552788859263182,0.014616625724580033,False
430673,4,-0.009220598222507159,0.011736170812135007,-0.03270283743585388,0.013948524447191586,False
430675,1,-0.008018058406635204,0.011383036399710207,-0.03131798495219082,0.014513597273062954,False
430676,36,-0.006866062003727977,0.010957126623595404,-0.028416975059408715,0.015016574539942524,False
430680,15,-0.007830514663250937,0.011211203972258386,-0.030552243925578055,0.014367831142865307,False
430690,26,-0.006275356424080674,0.011542768448440826,-0.028760736462012475,0.017962622579648018,False
430692,1,-0.007732552942747031,0.011519798129666647,-0.03124998880740131,0.014497025181789854,False
430693,7,-0.008232633472308506,0.011586842486808236,-0.030807599422205456,0.014831263335729284,False
430695,3,-0.008182234483502753,0.011597046942488323,-0.03155490870196757,0.01523773570308111,False
430697,2,-0.008356010863782045,0.011132480700122868,-0.03113389628938806,0.013384647333553604,False
430700,95,-0.009816608615310075,0.01086965065036976,-0.03182735787849424,0.010718188888879574,False
430705,1,-0.007564916930724938,0.011710039840191616,-0.030815635902508635,0.015751012789467212,False
430710,8,-0.009244032427766053,0.011386562855467493,-0.031798303851637476,0.012727111020346,False
430720,2,-0.008259429533589664,0.011655918900474835,-0.031623657131677134,0.015480340653855515,False
430730,6,-0.006053711188853576,0.011382138293391625,-0.02853095220094754,0.016383670252318457,False
430740,3,-0.007781111136134218,0.011443857884882114,-0.030482286858883,0.014852098097389504,False
430745,2,-0.006915563598941213,0.01162534819539264,-0.029347882380987882,0.01658016368092264,False
430750,14,-0.008244397899592885,0.011334425448634724,-0.030786551554331434,0.014526454344541584,False
430755,6,-0.006206683473677719,0.01136428855584371,-0.02877528637505483,0.01620135708591076,False
430760,55,-0.005238422988780302,0.010746781490310489,-0.02635261379231301,0.016191624578471016,False
430770,72,-0.014740142594900528,0.011359706694191568,-0.037995664591573705,0.006969354198344934,False
430780,27,-0.006620898578846108,0.011288475077509295,-0.028966081282313805,0.015844751811499108,False
430781,2,-0.0076524320497101785,0.011148272305050248,-0.029786742600482235,0.01441485130033256,False
430783,1,-0.008446582627281962,0.011528678532741114,-0.03167792891843423,0.014764300552440782,False
430786,2,-0.008943644459123136,0.011350520352865776,-0.031601920654332157,0.013453671474099952,False
430790,51,-0.00596831564801487,0.01093848688134881,-0.027992519915731463,0.01589243070389648,False
430800,5,-0.0077379829262376855,0.011687171648973519,-0.03071379034018302,0.015397730155470357,False
430805,1,-0.008058078616313257,0.011713771897855994,-0.030825109145102995,0.015354215997988026,False
430807,7,-0.009314522460697682,0.011558680810555314,-0.03261820920978379,0.013569553915048918,False
430810,4,-0.006914318430705139,0.01173155665466684,-0.030344496507894555,0.016560623961445822,False
430820,27,-0.007516661093327023,0.01122924438542634,-0.029774665393509137,0.015163718046780359,False
430825,0,-0.007758165679621874,0.011781975972098506,-0.03133999939407803,0.015275536319515637,False
430830,13,-0.012481095106538881,0.011547047650051412,-0.035724079250415645,0.009449668888402684,False
430840,4,-0.008380418766906367,0.011588620943375254,-0.031129811444904475,0.013691587868602839,False
430843,2,-0.007096010721005832,0.011366926199980816,-0.029344090059101286,0.015314160014119066,False
430845,1,-0.008059533656432416,0.011482451942529079,-0.030869329533923125,0.014250330433948839,False
430850,30,-0.006207956112104056,0.011420216688942806,-0.027969978568415366,0.01632518006634526,False
430860,28,-0.008573894874709217,0.011234676705688465,-0.031610822963464257,0.013622755962235073,False
430865,3,-0.00820047161751627,0.011644173189866405,-0.030577526091661315,0.015370830005866995,False
430870,4,-0.006557128000028201,0.011369323705235041,-0.028851900843667292,0.016313528810566434,False
430880,5,-0.007900576268335664,0.01124727466189817,-0.030063519532285976,0.014738740617768394,False
430885,1,-0.007879494777831637,0.011761906235713493,-0.031095515896432075,0.015400130160072507,False
430890,15,-0.006761373373071977,0.011617216772472218,-0.029992496041875597,0.016575235103203082,False
430900,20,-0.01048262137524099,0.011420687016662502,-0.03315421552063452,0.011201094600534206,False
430905,5,-0.007887412420020053,0.011216427499352343,-0.03003305182740438,0.013924575189235443,False
430910,33,-0.012272742322494362,0.010940138297239565,-0.03489474588213569,0.008540335190360631,False
430912,2,-0.007519755515398683,0.011354064801512853,-0.029855415476666133,0.015117137453206598,False
430915,6,-0.008323896302901593,0.01161054319045777,-0.03174265522616776,0.014825807434668516,False
430920,212,-0.0018254831281071986,0.010704888284067423,-0.022560618541812176,0.020630849380437667,False
430925,1,-0.007084012747282615,0.011559147737025438,-0.03008736847900651,0.016199742292083427,False
430930,77,-0.004311397482745236,0.011003255042238383,-0.025616221797164725,0.017966905804386826,False
430940,18,-0.006734304087866647,0.011193612110901184,-0.029092848384416444,0.01570567405540346,False
430950,5,-0.007352501569973681,0.01152612569582941,-0.030451087615871442,0.015548439938872092,False
430955,7,-0.007167842507726078,0.011746325010881303,-0.03032714706672946,0.01602009543820888,False
430957,5,-0.007548732000890078,0.011392712903206774,-0.030197605661766342,0.015598950986184905,False
430960,19,-0.007243978763839885,0.011212505484494897,-0.02954585580122001,0.014512509433266138,False
430965,4,-0.0073278883251584135,0.011329548250587488,-0.02933481672963507,0.015251483047931065,False
430970,5,-0.007023660968642063,0.011256523776945603,-0.029055986486892626,0.015587979513164214,False
430975,2,-0.006846518122124626,0.011469743683602412,-0.029309827590362873,0.015318823169453233,False
430980,2,-0.007127527726110235,0.011172821626247022,-0.029021058616311966,0.015165238124029187,False
430990,8,-0.008633444238321361,0.011475985930398043,-0.03187213889696764,0.013742955693847606,False
430995,7,-0.00503704178436961,0.011496791925410551,-0.02684176365663091,0.01772419934409631,False
431000,17,-0.008722390845606923,0.011163986903871615,-0.030966083888697458,0.013520384301647478,False
431010,33,-0.007922266953985202,0.011022030398543815,-0.029813306055968693,0.013886494895656862,False
431020,90,-0.013289122785020573,0.011097941826596482,-0.0365505196496237,0.007980107307834505,False
431030,5,-0.006769576087927986,0.0113474375058239,-0.028947761472915428,0.01566690299567967,False
431033,27,-0.005687049975563468,0.011105724396741956,-0.027396514135369473,0.01614187194291179,False
431036,1,-0.00830165132209006,0.01163286123123814,-0.03214016010850272,0.014499755102632473,False
431040,5,-0.008658051198581927,0.011276689345848728,-0.03151751147826956,0.013770633086734239,False
431041,3,-0.006784111724155411,0.011603020251434065,-0.02978007264531124,0.016246865559353854,False
431043,5,-0.008975543852797857,0.011153395691804832,-0.03153088179325987,0.012912939658448327,False
431046,3,-0.008027019629990395,0.01119897809230874,-0.029762012879854947,0.0145425394487314,False
431050,6,-0.009222888518814752,0.011531850028886879,-0.031699382921216365,0.012914763305152482,False
431053,2,-0.007019258637419907,0.01143856089536673,-0.0294058900489038,0.015336705468560316,False
431055,3,-0.007101976283517569,0.01163123622270165,-0.030121811660001153,0.015368797673036788,False
431057,0,-0.007886992857078693,0.011561675720776517,-0.03125696834452162,0.014716030403235799,False
431060,47,-0.005853256978342805,0.011164532141587724,-0.027945341294278274,0.016327694753223612,False
431065,2,-0.007277341673319039,0.011839720215853559,-0.031218783882619887,0.01590971385262956,False
431070,2,-0.006487869525856057,0.011754453807246368,-0.02979267424582387,0.016925417441066952,False
431075,0,-0.007780674172765141,0.011595541458617896,-0.030946325735400085,0.01566649462733469,False
431080,11,-0.0061763437806543016,0.011025254840047825,-0.027590702452718247,0.015448717967085728,False
431085,7,-0.008059261214960822,0.011652070421310329,-0.03186467125062714,0.015748449907206325,False
431087,2,-0.007140223476970678,0.011843449831732267,-0.030562095229393675,0.01647575818388217,False
431090,3,-0.008275772558272006,0.011634065300989944,-0.031439183396579314,0.014732293767913983,False
431100,26,-0.009841107638637714,0.011243071907098851,-0.03229318457890746,0.012115960856709842,False
431110,10,-0.008253898858356111,0.01162506236222903,-0.03094690856814461,0.014749218474264454,False
431112,2,-0.008769199826624063,0.011450794309458515,-0.03246279403255744,0.014038092729301583,False
431113,4,-0.0072988951187943,0.011617083571185304,-0.030386812414939773,0.016164060459648157,False
431115,3,-0.007211456339054032,0.011720064766876646,-0.029939209608049452,0.016554805954965675,False
431120,7,-0.007041633613996038,0.011503520487333076,-0.029371893807700264,0.016479813870700705,False
431123,4,-0.007484793784816805,0.011858171185612337,-0.031274340648094284,0.015784801770904404,False
431125,4,-0.006756152757611919,0.011603227215293261,-0.029075423033938386,0.016401574131009608,False
431127,2,-0.008066420482115496,0.01157555090955499,-0.030901982133908816,0.014937120319459393,False
431130,28,-0.0075066471723356605,0.011221552572901222,-0.029719574118158804,0.014819173724947848,False
431140,76,-0.010300446670033905,0.011018546265060101,-0.03231870798557614,0.011309053499684718,False
431142,0,-0.0078912213571738,0.011351364496927365,-0.030405667525024615,0.01493643277018297,False
431150,10,-0.008742746722738568,0.011310615256065809,-0.031167033767260734,0.013367998055658734,False
431160,4,-0.007018817933954253,0.011204592562810338,-0.02928579792713237,0.015438028688610522,False
431162,5,-0.009138893469251485,0.011558276817839438,-0.03242610553497142,0.01394541723229044,False
431164,1,-0.008143035918350945,0.011043036131272407,-0.03034002657292416,0.013333542697210288,False
431170,4,-0.009167807183139764,0.011645811317471945,-0.03227068220115402,0.013183199030429865,False
431171,3,-0.008009718450804964,0.011198545402730912,-0.030221931810665074,0.014121624002944472,False
431173,4,-0.007381888439985969,0.01153638692944432,-0.030465340075073045,0.015227159732091761,False
431175,8,-0.00981610851668002,0.01150573916708224,-0.03286919863163722,0.012314351835434771,False
431177,4,-0.007350546356579592,0.01152816380411866,-0.029983146209265295,0.015979590376743975,False
431179,3,-0.007353305457253761,0.011210500122123747,-0.028649252601008708,0.01444082156036531,False
431180,41,-0.006657919888972079,0.011398370445182524,-0.028827940119587468,0.016426307360432744,False
431190,2,-0.008180456742340816,0.011211254874453774,-0.030973160326977334,0.014061100902309004,False
431198,2,-0.007202638202450438,0.011554207056318247,-0.029970993266865184,0.015427736600744344,False
431200,2,-0.007550868954309524,0.0115179521313354,-0.03035893600523209,0.015080790072635642,False
431205,4,-0.007653445758148654,0.011406996440966991,-0.03005191640100247,0.01442518187089585,False
431210,2,-0.008655901631602632,0.011204129451425241,-0.03107124063605548,0.013551829792635918,False
431213,5,-0.0053547962516413295,0.011509981328528625,-0.028450293028789028,0.017774742828073377,False
431215,2,-0.008414640060772995,0.011212330507666629,-0.030744084640732403,0.01337144446274045,False
431217,2,-0.00671033061495847,0.011512614415610897,-0.028759407884986297,0.01629699756732971,False
431220,2,-0.008196081030998694,0.011250156710480236,-0.030745007420579718,0.01420987976256456,False
431225,7,-0.007420798039624887,0.011191511724388781,-0.02932955965205913,0.01547899240356651,False
431230,2,-0.007531651772885407,0.011407304026526096,-0.030106889713972337,0.014940034418978808,False
431235,3,-0.007873222592207137,0.011491097246078715,-0.03086793716637379,0.015225889278622675,False
431237,3,-0.006684275283103011,0.011557354613697385,-0.029188392019686264,0.016764007196180125,False
431238,1,-0.00774162894637842,0.011524179949939758,-0.030316364338717854,0.0152537341538056,False
431240,55,-0.012935252907408204,0.011254697146434454,-0.03544945644719431,0.00871457978768533,False
431242,7,-0.007135000927870776,0.011584405813771372,-0.030150444780878447,0.016016744588592743,False
431244,1,-0.00777163299591968,0.011614363481437911,-0.031083280330783412,0.015080397900941504,False
431245,3,-0.007741308878308429,0.011479475798281024,-0.03047107642906254,0.01535805731465494,False
431247,2,-0.00803894661824648,0.011627651211978883,-0.0308171866264989,0.015135492942468269,False
431250,7,-0.007475948419422502,0.011398744531829373,-0.030029224779894104,0.015615534334012976,False
431260,4,-0.005441839246236474,0.011163900654567361,-0.027810062561028748,0.016800979998459427,False
431261,3,-0.007416944058404733,0.01176214107056103,-0.030801440340276105,0.015751100272742236,False
431262,2,-0.00785418589500536,0.011341977689585286,-0.030111592741750463,0.014937960334645754,False
431265,19,-0.011003253503260934,0.011317786935720246,-0.033968373430306405,0.010953751713450128,False
431267,2,-0.007536885543430465,0.011469239120762633,-0.030303651417567468,0.015141655010827131,False
431270,19,-0.005608202272168898,0.0112795848056578,-0.02746612674043115,0.01720972553188363,False
431275,3,-0.00758478975028984,0.011282874126102524,-0.02994496095578983,0.014978152413421493,False
431280,9,-0.007004052840833752,0.011177249849178136,-0.028572443075853472,0.015483933851509334,False
431290,10,-0.008045401978624167,0.011400090094897166,-0.030500424422544012,0.014537638317326225,False
431295,2,-0.008384412335089044,0.01128146465689097,-0.031521780719985654,0.01394757732224763,False
431300,1,-0.007781597378776563,0.01114057324220529,-0.02955373780138775,0.014601857221468256,False
431301,4,-0.007332522976109583,0.011313346170116513,-0.028592760440639832,0.015174556875502818,False
431303,4,-0.006742566145987817,0.011545058749327314,-0.029664864687068325,0.016871383804005324,False
431306,18,-0.008990069132838252,0.011342983327950359,-0.03101198423716941,0.01357131720370287,False
431308,2,-0.007312592070554999,0.01153152246695434,-0.03038045584576625,0.015981626161618814,False
431310,3,-0.00784694028689857,0.011425977158590665,-0.030415318219260017,0.014472889724371212,False
431320,16,-0.0070843626614319885,0.011158286141559972,-0.028529113158451365,0.015085704121465964,False
431330,15,-0.007073246052456676,0.011081786922603068,-0.029078278465462456,0.015215224630978798,False
431333,2,-0.008071009064541142,0.011627996309950666,-0.031510268005217563,0.014517430591271117,False
431335,1,-0.008652907381580276,0.011462812628729837,-0.03182639395892691,0.014014074991896365,False
431337,29,-0.005796055486979178,0.011320406786239074,-0.028102803508255437,0.016592152811209276,False
431339,0,-0.007733514952655447,0.01137930114492676,-0.030338644338596173,0.014567945705639273,False
431340,232,-0.011725227458014591,0.010312317497185638,-0.03249845892567442,0.00804979780300454,False
431342,0,-0.007934083373803889,0.011536799111588034,-0.03089383961223012,0.014949051589102367,False
431344,3,-0.0069090316475334855,0.011221882841342089,-0.029057795686939992,0.015331730402614456,False
431346,0,-0.007767526650453372,0.011678109727104131,-0.03075390966304027,0.01566382768617159,False
431349,6,-0.007776621148699056,0.01167020323346131,-0.030837396417768916,0.015082355275895234,False
431350,56,-0.008368272143677562,0.01079653584907146,-0.029354695841274578,0.012550412382895388,False
431360,2,-0.007879864930169485,0.011527808257683474,-0.031181619652003976,0.015869609846920752,False
431365,11,-0.00878456324354015,0.011766601595107062,-0.03266972092888486,0.01454099801236485,False
431370,33,-0.007630695413967927,0.011079820259739697,-0.029297008944101678,0.014464363203062186,False
431380,5,-0.006244369638590333,0.011903600683531435,-0.029715989025580456,0.01769194515568067,False
431390,42,-0.0052302411983886484,0.011334977880909545,-0.027347009219259758,0.017592166890854626,False
431395,9,-0.007421153468458467,0.011420675071608806,-0.030070563049054564,0.01525884409224038,False
431400,6,-0.007442945050255956,0.01152354695655788,-0.030992586760116975,0.01569997574309146,False
431402,7,-0.008627440568638326,0.011581039891568744,-0.03158796468760519,0.01420655260480173,False
431403,1,-0.008362968661160472,0.011214551592251012,-0.030312348858188867,0.013925600596023172,False
431405,59,-0.008615770425162856,0.011038134963204448,-0.030866257815658295,0.01315730944914871,False
431406,3,-0.008524651911783601,0.011264765085212935,-0.030752502728637967,0.013771406966045608,False
431407,7,-0.006079669985487731,0.011380508562869342,-0.028068872943379883,0.01718167174325946,False
431410,230,-0.002366835429091021,0.010191074946844713,-0.02220189602085725,0.01812480579301976,False
431413,4,-0.006233444288638957,0.011488390555767761,-0.028951040693218993,0.015792157764453568,False
431415,3,-0.007030514422562607,0.011346407068865996,-0.029394356700729297,0.015346784251924966,False
431417,4,-0.007210456942427609,0.01176662452830934,-0.029874636666832897,0.01623855746200633,False
431420,8,-0.007833364373739014,0.011597214830216763,-0.03130888357087796,0.014709903136954482,False
431430,5,-0.007134110383243935,0.011464466920078667,-0.029580424086311556,0.01541283388657092,False
431440,373,-0.0104119941822866,0.009758684812877177,-0.030454725493210526,0.008390825294538422,False
431442,0,-0.007858509673649717,0.011512264229385076,-0.03053204398558441,0.015362823246813942,False
431445,2,-0.0076139047715975735,0.011430046862377327,-0.03048792592385784,0.01512484950223953,False
431446,2,-0.007885581445298138,0.011465760722899397,-0.030569767304763663,0.014990659554744866,False
431447,3,-0.007450639076284556,0.011355993118589543,-0.030246291432295264,0.015347620182836105,False
431449,4,-0.008799859954692589,0.011378876351345588,-0.03180776128624146,0.01418492872151564,False
431450,13,-0.009078492013299412,0.011697392051898192,-0.0324892596725654,0.01372240611777723,False
431454,1,-0.007597646292658787,0.011864253261962162,-0.031092872575114103,0.015921970306836394,False
431455,0,-0.00767905178556852,0.01151055694073031,-0.030162010596716943,0.015205686315374722,False
431460,21,-0.009429612284055368,0.011416865292587204,-0.03274421668286745,0.0127569848585208,False
431470,11,-0.008637409077801174,0.011308584429827826,-0.030671584942750255,0.0138901233260135,False
431475,5,-0.007745365816241453,0.01108446914326905,-0.030060707745439008,0.014668706995583862,False
431477,3,-0.009557413102628073,0.011560906463731271,-0.033036679336557566,0.013544228423325599,False
431478,2,-0.008217665247457078,0.011901820981793316,-0.03203166734993061,0.01586394193403253,False
431480,32,-0.0011449213164075993,0.011360919233064289,-0.02290880485603477,0.022524979912235735,False
431490,1083,-0.006552018588554705,0.008513531933378348,-0.0234887048200134,0.010261697975139376,False
431500,6,-0.006852250225026662,0.011335831044545061,-0.0294036451189419,0.01563568086162278,False
431505,1,-0.008367639122754894,0.011226421819673664,-0.030102532617280773,0.013713307919493706,False
431507,0,-0.008066666371705996,0.011391167334398641,-0.030639048212604304,0.014420946630443146,False
431510,7,-0.008737877188894193,0.011631204197801923,-0.03135586159639195,0.01407023839141055,False
431513,2,-0.008032800498376189,0.01135990396534838,-0.030315931635519558,0.014683160201310256,False
431514,3,-0.007285929917990953,0.01128316675421854,-0.030279253667647932,0.01538536756365185,False
431515,7,-0.008478050336282858,0.01137720836693478,-0.03126529423619151,0.014359256315725637,False
431517,0,-0.0076399940745734,0.01173534628640293,-0.030632196920178777,0.015952359590876146,False
431520,1,-0.006970667554930566,0.011465070234523625,-0.029385416244928048,0.01590625823556857,False
431530,28,-0.009504085187171486,0.011735329223481228,-0.033016809511673705,0.013884760950992331,False
431531,2,-0.00818869869177723,0.011305675466685995,-0.030460257854296534,0.014640268608881863,False
431532,0,-0.007733174599096292,0.011341792816672342,-0.03071699116185119,0.014199468859528181,False
431535,5,-0.008139215809349754,0.011430563382260173,-0.031057876386113695,0.014406681298853816,False
431540,22,-0.00490105790391083,0.01144804460790985,-0.027566865741443874,0.01837111964562287,False
431545,2,-0.008136001388181898,0.011397492159619976,-0.03098030010995975,0.014533499885412585,False
431550,11,-0.00755614784223099,0.011257054508748247,-0.030374967160818517,0.01510517173153309,False
431555,1,-0.007216880111295021,0.011580150247215804,-0.03019624963161442,0.015409164678077123,False
431560,212,-0.011081105590964722,0.010638130815265538,-0.032061550476235476,0.009697951141139173,False
431570,40,-0.00860347228177751,0.011030159855902846,-0.030088239461860518,0.013305538099347676,False
431575,1,-0.0077145550661661165,0.011852825893505567,-0.03143565534150475,0.015817549064418995,False
431580,12,-0.00923731071184489,0.011194343579253538,-0.032153480039252495,0.012765750080417108,False
431590,6,-0.008579565975175472,0.011054133301596512,-0.03096377277474277,0.01317180649950925,False
431595,2,-0.007846871621955076,0.011160102295150102,-0.02971062536903473,0.013943353462943137,False
431600,21,-0.008006617092465435,0.011173763561276024,-0.030461830789558726,0.013680032575924653,False
431610,9,-0.008879707254950612,0.011480542452191551,-0.032070126359820754,0.0138808454517244,False
431620,1,-0.007485844562148324,0.011129493255139821,-0.030513735358949978,0.014243783943047672,False
431630,7,-0.008556171258485262,0.011451286217021562,-0.031433096939867455,0.014444838012468009,False
431640,44,-0.007292756353283468,0.01121914222810927,-0.029519135324953722,0.01514977192683856,False
431642,2,-0.006852868645475958,0.011660039190736864,-0.029999035468459254,0.016748336628187185,False
431643,0,-0.0077617657124996195,0.01133999965709459,-0.03034444567478825,0.014060952856420547,False
431645,10,-0.009450423099925232,0.011317159958780363,-0.032545954642510484,0.013099573584957174,False
431647,1,-0.008374661684662343,0.01151923799068688,-0.03156416415227152,0.014008971933502827,False
431650,4,-0.007456202555475379,0.011519177749049246,-0.03056201602078841,0.015616572149386998,False
431660,9,-0.008844298458614805,0.011254664181276587,-0.0313404909740784,0.013516515200956264,False
431670,8,-0.00835645297596679,0.011226210188900378,-0.030747643935549712,0.014077611269797485,False
431673,1,-0.0075439251732512995,0.011696924117450989,-0.030810919491022444,0.01552887258514852,False
431675,5,-0.008590061566975705,0.011427536749860885,-0.0320841278094787,0.014115417364650083,False
431680,124,-0.007176277067406615,0.010978076722437724,-0.029311995071955477,0.014671564866619233,False
431690,235,-0.004899193707686055,0.010021152672567155,-0.024424148584623672,0.014746144568336096,False
431695,5,-0.007549713455028978,0.01169647287128093,-0.031185370739531676,0.01590617516991032,False
431697,4,-0.006946802076405228,0.011608146700506182,-0.030154954269580002,0.016029415365100164,False
431700,7,-0.009575857520478247,0.011597207472574828,-0.03306563147332248,0.014104443822614955,False
431710,103,9.899409051953795e-05,0.010954720653886153,-0.020755322097898272,0.022835299296090163,False
431720,76,-0.014659237932423866,0.01106998071709842,-0.037909001795341575,0.006015713564422745,False
431725,0,-0.00795856342301984,0.011493900157434468,-0.03108634264326949,0.015114801482025706,False
431730,36,-0.005581576019342208,0.011102532535086394,-0.02711082057697234,0.01642914904408282,False
431740,43,-0.01049740010591575,0.011255890547065795,-0.033407452408518584,0.010937281760475086,False
431750,64,-0.008531128937442388,0.011008345522041977,-0.030393858274948123,0.013426235291511974,False
431755,3,-0.008567588027678645,0.01140149498872988,-0.031053133642549614,0.013668902156633097,False
431760,41,-0.005432671855693303,0.011173238081555277,-0.027321428062568164,0.017554989100428377,False
431770,4,-0.007367781956896689,0.011641277627712486,-0.031167274402763873,0.016335582527942392,False
431775,4,-0.0068577032486103265,0.011172167844213864,-0.02872760958559579,0.015493781802766346,False
431780,15,-0.006698535628245399,0.011083042355471875,-0.028049789152089066,0.015242208178218046,False
431790,8,-0.009550058921756864,0.011620922217786024,-0.03284831305840787,0.013499041593265943,False
431795,0,-0.007892692755819724,0.011558396428905248,-0.031146205778641533,0.015307013254973384,False
431800,70,-0.015114312453550148,0.011406378300516083,-0.03888741543783161,0.006280417416417754,False
431805,1,-0.007806164675315999,0.011469006070399745,-0.03127350169998384,0.01438979855769852,False
431810,11,-0.004760387401988572,0.011095076827266752,-0.026527110862548182,0.01751922352792508,False
431820,19,-0.0094755478806284,0.011432182426912914,-0.03285971978482236,0.012727276055908532,False
431830,84,-0.008141582775603888,0.011023960109932824,-0.030104380962120175,0.013691100257207966,False
431840,19,-0.009129028623485459,0.011373443002800469,-0.03191933903541597,0.013062097161595874,False
431842,3,-0.008064768051905551,0.011661341072348397,-0.03163845564462105,0.014919624434089195,False
431843,2,-0.0071137248533146395,0.01170368825357643,-0.0302886444533982,0.015370843166696116,False
431844,0,-0.00774423946142617,0.011515528910234522,-0.03076445584731974,0.015127334565127076,False
431845,2,-0.008080172452360819,0.011753297214848982,-0.03179200221322202,0.015200676625519476,False
431846,2,-0.007918985446938441,0.011077387380485219,-0.030015824185141277,0.013856756747144018,False
431848,3,-0.006958921629265303,0.011530866054311206,-0.02987652379071424,0.016137182265958065,False
431849,5,-0.007886485659778987,0.01172393951199836,-0.03130334711145657,0.015403669710561875,False
431850,24,-0.0076861146468727515,0.011085156720964912,-0.02964328007939533,0.014658641818617268,False
431860,8,-0.008136694028759828,0.011593922798574305,-0.03105215993581722,0.0149716231888461,False
431861,2,-0.00827628620161604,0.011522269647384112,-0.030945949129593746,0.014427542452672444,False
431862,5,-0.0075392426311576026,0.011539222299030679,-0.030662834501587903,0.015110534793958671,False
431870,275,-0.00533854954980866,0.009990104862989088,-0.024877934758363116,0.014314394192031493,False
431880,35,-0.006491823157806708,0.0111446256584768,-0.028550351437646823,0.01623760912639382,False
431890,40,-0.005361876349205838,0.011176258971891655,-0.027252030014826165,0.017024613545972907,False
431900,14,-0.00804802466727786,0.011603413476619966,-0.03108429524986432,0.015061878136575871,False
431910,3,-0.008311449688642726,0.011791356590016937,-0.031565366100580576,0.015426948790500694,False
431912,2,-0.008500103209719556,0.011427346492496944,-0.0314150552597185,0.014454493190554404,False
431915,11,-0.0060498450422223635,0.01117571283745894,-0.02799029094052388,0.01650370229714448,False
431920,4,-0.00854663289274863,0.011398543056107453,-0.031022928501874762,0.013823592940771366,False
431930,6,-0.009071054613021056,0.011580764417687375,-0.03243740622287318,0.01293122413632326,False
431935,2,-0.008088156696920193,0.011490743774309758,-0.030784181409167753,0.014828672102687521,False
431936,1,-0.0072197436188127856,0.011716479727471288,-0.030708449184440746,0.016108921013360335,False
431937,0,-0.007948753807621372,0.011506879535175303,-0.03084542644987961,0.015043841850109438,False
431940,14,-0.0074038026886236825,0.011229085050839681,-0.029453882056796256,0.014866920366369846,False
431950,25,-0.008530845182003146,0.01124490063568871,-0.031232778447719618,0.013876012003018136,False
431960,14,-0.006521675032146848,0.011385833250718428,-0.02916252164224909,0.01617074741330007,False
431970,2,-0.00772103387709484,0.011380653655781565,-0.029869492273072205,0.015015958415493372,False
431971,0,-0.007764235295078509,0.011310031592131196,-0.030277957423516168,0.01396668784477618,False
431973,5,-0.007646683899662258,0.011175516849093818,-0.03023758697414153,0.014551083048003222,False
431975,2,-0.00878917535419839,0.01140316325838052,-0.03159696251336452,0.013380528988850914,False
431980,2,-0.0074576907887798135,0.011575740789058363,-0.03053210850822551,0.015943326888122895,False
431990,80,-0.006147501006289638,0.011107474982865377,-0.028797090665260188,0.016689591625235735,False
432000,119,-0.010712772141296727,0.010742186222586027,-0.03245091496537544,0.00988597467608892,False
432010,19,-0.0076712109012765,0.011394387092481311,-0.03002126991390605,0.015244783355918756,False
432020,23,-0.009019792726613267,0.011304080088624161,-0.03168493387554761,0.012989938284391406,False
432023,1,-0.007355210797226782,0.011600547807418279,-0.0303649621691452,0.015356043566939368,False
432026,5,-0.007801844136793444,0.01151837938210323,-0.03121569820971941,0.014890301494915851,False
432030,1,-0.007914332169425484,0.011379122204377737,-0.03028300328322837,0.014994145960632383,False
432032,2,-0.007639673924176044,0.011670721935802913,-0.0309388644095666,0.015740794279217724,False
432035,2,-0.008167278541983165,0.01174844678295717,-0.0314598983275866,0.015683736906610516,False
432040,13,-0.010607132490979748,0.01152804682476627,-0.03360868160753198,0.011698286101593756,False
432045,4,-0.008585391668631643,0.01131578695189556,-0.03129779125046857,0.01338744702973369,False
432050,3,-0.0063575257863788285,0.011760457996830974,-0.029957846035252474,0.017194248389902873,False
432055,1,-0.007688519678926329,0.011296984177483337,-0.030544103121950376,0.014839350567146883,False
432057,1,-0.00820223544955007,0.011427699670626158,-0.030619607632584447,0.014263711578718911,False
432060,1,-0.0077105655111839285,0.011439748782532892,-0.030503663238112655,0.01513952406164046,False
432065,0,-0.007821907613313488,0.01134743261249969,-0.03061636863489203,0.014598703811641347,False
432067,5,-0.005562539157642311,0.011667381722748792,-0.02838697738235075,0.01809343964296072,False
432070,14,-0.008149070714075128,0.011588759759531697,-0.03126489809959297,0.015010427446886963,False
432080,29,-0.006825296030765506,0.011290329521063085,-0.029156374464889823,0.016217085148575037,False
432085,4,-0.008858864319078535,0.011505209327529305,-0.032184611899895486,0.014278495593217798,False
432090,24,-0.012925734610330314,0.011465472380193971,-0.036077019680639755,0.00942686296065422,False
432100,6,-0.006966358588694001,0.011291531499063019,-0.02912767783742204,0.015596278222998925,False
432110,13,-0.007079011706757742,0.011535959375652263,-0.030269929864511724,0.016408404814876515,False
432120,49,-0.004272036261843494,0.011099812243808937,-0.025674549184358617,0.018359942837852073,False
432130,16,-0.008772163567744864,0.011185741833706667,-0.0315476934579045,0.012733261204673737,False
432132,2,-0.008527796226436988,0.011580278388545204,-0.031551222401875544,0.01412606407908044,False
432135,5,-0.007540009788560275,0.01116862425535968,-0.029711791868230593,0.0143672324568195,False
432140,15,-0.007113579127460652,0.01133867971100337,-0.029641575015122847,0.015114068221461352,False
432143,13,-0.006358091439884959,0.01128632451057863,-0.028837758499464395,0.016099657549503953,False
432145,23,-0.006769072981337406,0.011303670368919964,-0.029012854179733455,0.016029548377706943,False
432146,8,-0.0055929501320965865,0.011482707756341361,-0.027474534243066583,0.01733916338847124,False
432147,4,-0.007722877798102279,0.011389045491166216,-0.030698341021316747,0.014787631690197998,False
432149,6,-0.007102012806039471,0.011505939247497314,-0.029932283138312844,0.015817360700265723,False
432150,37,-0.0027549837659504675,0.011448652162096111,-0.024975815127816648,0.02108226850761,False
432160,68,-0.003518822704084433,0.010610772192556225,-0.02424641587706387,0.01791643708075221,False
432162,0,-0.007841046053112569,0.01177928566849592,-0.031237890588250643,0.015453251698386987,False
432163,0,-0.007905578886471558,0.011384951480162352,-0.030332387297677177,0.014312052495063959,False
432166,7,-0.008438240841302002,0.011581027674621377,-0.031611804632871394,0.014032341226279124,False
432170,24,-0.007072445835657191,0.01141745461727318,-0.029380111160918026,0.01553492589869585,False
432180,24,-0.009751113111610876,0.01147438504430414,-0.03355730303312582,0.013066991471223862,False
432183,2,-0.007956614886135754,0.011466900688724743,-0.030595156468672245,0.014823354104252853,False
432185,5,-0.00525648319297182,0.011545815286787272,-0.02800670005621023,0.01757427645502084,False
432190,23,-0.005736771545606693,0.011109692610926182,-0.027922327538071424,0.016738901431497952,False
432195,5,-0.0066435062376493745,0.01129445265505206,-0.029329594405811166,0.015452888447163497,False
432200,22,-0.00796884946349958,0.011300192800464895,-0.02959292138330821,0.014200268659149551,False
432210,3,-0.008915234900413179,0.011579763482657868,-0.032342964875988124,0.014054975737793785,False
432215,3,-0.007549416700174165,0.011638978085828767,-0.030418681123965882,0.015304004011780609,False
432218,0,-0.007731331005101095,0.011551489835952451,-0.03138139792421926,0.015330049697734388,False
432220,17,-0.010427260652125934,0.011210844688073781,-0.033771234488924065,0.011801278797647835,False
432225,2,-0.006969804569461908,0.011397265104340928,-0.029604102506031,0.016086822306366003,False
432230,3,-0.008307768200221754,0.011496989684946963,-0.03088736507632449,0.013758701391733333,False
432232,3,-0.0058870552935629365,0.011146705956984871,-0.02754139683845197,0.0168308828583851,False
432234,0,-0.00781490234029608,0.011328259128610602,-0.029992764176885147,0.014574414142316255,False
432235,1,-0.007453789145862036,0.011692035102701446,-0.030576190636921914,0.016326545902434382,False
432237,2,-0.008114040177863716,0.01131619469868291,-0.030531011602118397,0.01404703445444016,False
432240,170,-0.011777967656432945,0.010495309340368112,-0.03300255299188401,0.008574869206743394,False
432250,108,-0.0028086501233003584,0.010974317479872755,-0.023857698478197537,0.019111020809762586,False
432252,2,-0.007360460987865556,0.01123036656882926,-0.02990676301041303,0.014812345510909977,False
432253,5,-0.00783153765361755,0.011495780699859938,-0.03065317237868236,0.014639521930489887,False
432254,9,-0.007555195591115797,0.011813760051935712,-0.03025805685210867,0.015742833088070403,False
432255,3,-0.007845071619711841,0.011472501944474198,-0.031002016608999577,0.014759085817249967,False
432260,62,-0.007032714422475327,0.011022080989970593,-0.029269772438234518,0.014917601413841863,False
432270,26,-0.008077224494623869,0.01106263223595516,-0.029888235411488037,0.013826907550531559,False
432280,11,-0.008085508936603808,0.0113491454225727,-0.030759050304655273,0.01454263117665142,False
432285,4,-0.008041114098688271,0.011526989720827134,-0.031143457671647945,0.014926601692928232,False
432290,1,-0.0075902469316398375,0.011368387723288005,-0.029994511267333775,0.014915510568945104,False
432300,241,0.007561394156510215,0.010989247728013242,-0.012802919772573088,0.029996106701151992,False
432310,1,-0.0070826092936030005,0.011269523669988572,-0.029110676738532827,0.01574541690803199,False
432320,2,-0.008628755600449746,0.011624752241497165,-0.032248414315606044,0.01423413106828981,False
432330,2,-0.008431180576980602,0.011315010584595293,-0.03089027641468837,0.014037735445732983,False
432335,0,-0.007753532872112237,0.011732956042456192,-0.030644017284298736,0.01593197371379942,False
432340,0,-0.007771363139523986,0.011624458202551192,-0.031113275953958075,0.01520373532983081,False
432345,1,-0.007934514691561246,0.011491737839316112,-0.03152861501481385,0.014673200747591748,False
432350,5,-0.008652762296898637,0.011485657846096871,-0.03175559892629961,0.014108983052170872,False
432360,1,-0.007308660483232707,0.011468799905627993,-0.02970664212736244,0.015510561679748996,False
432370,2,-0.007804283146521557,0.011524385777961861,-0.03187477367035543,0.014346852820203369,False
432375,1,-0.008264999703046972,0.011556619284890641,-0.03166219508256121,0.014292807231110777,False
432377,2,-0.007615919628601415,0.0116160602996856,-0.0307070677910004,0.01565699216109021,False
432380,15,-0.006672418839369126,0.01134452684840106,-0.02838869466134333,0.016265642596521357,False
500020,17,-0.008715010214366459,0.011205540683322924,-0.03140678239907788,0.012996871418916568,False
500025,3,-0.008023105460620579,0.011367829082925624,-0.030566283307233915,0.014763516698846743,False
500060,84,-0.007677431414222649,0.010768617038451066,-0.028978243776499327,0.013753475531005192,False
500070,38,-0.01452106918959939,0.011399807980468838,-0.037730571475165134,0.006898116724114449,False
500080,9,-0.009261043123442099,0.011359373279888469,-0.031568721334395845,0.013218415857136928,False
500085,13,-0.006462340257675952,0.011343969340852154,-0.028813542592284476,0.016772771424997324,False
500090,15,-0.00840809846444058,0.011039710754721158,-0.030661820995343255,0.013283775784110356,False
500100,32,-0.005447265242510175,0.01132936777669409,-0.027297298139890635,0.01753118633561557,False
500110,62,-0.011423166541069606,0.011255451942616502,-0.03449890849828935,0.01034216429428787,False
500124,24,-0.009409663330358232,0.01092383098695925,-0.03100677915483241,0.012109161329730347,False
500150,5,-0.008709603853666465,0.011494475422261468,-0.031372681616538535,0.013480539350816322,False
500190,32,-0.008903464632815392,0.010961836233390464,-0.03146798544836719,0.012752232358642571,False
500200,19,-0.009663989147149341,0.011306033669665674,-0.03265330829626966,0.012757696008323683,False
500210,36,-0.009006476471729079,0.010963913627765063,-0.030810980747748358,0.012793599670896097,False
500215,13,-0.006711466284281548,0.011632227808752664,-0.029387625465360487,0.01722635073417588,False
500220,33,-0.010766621260545964,0.011101249425267084,-0.03306108458793673,0.010754651342102581,False
500230,9,-0.007807875750388542,0.011619524223138951,-0.03133150484473257,0.015299687918938099,False
500240,51,-0.006854354433160548,0.011057161721882359,-0.028572405659926303,0.015137845147554282,False
500260,19,-0.006351215607186708,0.011709902547983968,-0.029298815113000105,0.0169751576728621,False
500270,905,-0.0007642628815130635,0.009535997529201054,-0.019249467293373387,0.018110421279980197,False
500280,9,-0.0069768708586507334,0.011287680840581304,-0.02832474798859746,0.015642704967879506,False
500290,24,-0.005841373264757841,0.01124765904416256,-0.02738968246042638,0.016774038207058983,False
500295,40,-0.005766008143102731,0.011216139590702678,-0.0275095154560298,0.01686172456989766,False
500310,3,-0.007815298201687849,0.011807174203666795,-0.03134642432643297,0.015544992322239238,False
500315,51,-0.005250648422487916,0.011038651436188854,-0.026958570483344577,0.016738059360174053,False
500320,276,-0.012900395487823596,0.010181944849702038,-0.03339376004651479,0.0067763289438656895,False
500325,34,-0.0049878646234496685,0.011448367171926791,-0.027406362814880774,0.01842675955996333,False
500330,26,-0.007268591864220494,0.011042671486032862,-0.029005512640950058,0.014774609921266347,False
500345,11,-0.007484082648952172,0.011164584064587313,-0.02948749251968191,0.014153885339797534,False
500348,6,-0.009215912393322824,0.011435579831440185,-0.0326637318742012,0.013653756980651726,False
500350,6,-0.0073034682827734666,0.0114351953715331,-0.0301850777680875,0.015617596622055235,False
500370,319,-0.009073901663885334,0.009760061827154604,-0.028223769633372375,0.009643201725403752,False
500375,21,-0.00862703145478976,0.010967613872987935,-0.030385686290790165,0.012733739412292912,False
500380,18,-0.004810082729025797,0.011337622606077439,-0.026799710258270226,0.018454573600803877,False
500390,4,-0.008942555281278656,0.011348768055112398,-0.03197460195377016,0.013552230804938831,False
500400,13,-0.004562082840706839,0.011528503729179978,-0.02671307789132488,0.01822583242565345,False
500410,5,-0.00830956554537699,0.011082070375424774,-0.030575473143706525,0.01330163027142866,False
500430,18,-0.008042477242538546,0.011474772705511747,-0.0313536308460861,0.014612531282409401,False
500440,16,-0.00949577177018254,0.011648112927247576,-0.033146002939124675,0.013205248490525238,False
500450,16,-0.008589792030548873,0.011400275754896117,-0.03118593844285132,0.013834954337817774,False
500460,24,-0.00493190053553273,0.011063260894848215,-0.026297378557015465,0.01728848735929761,False
500470,34,-0.008414860285806115,0.011147799650477873,-0.03046130509857648,0.013900003798466993,False
500480,23,-0.006083381996061508,0.011154020741291147,-0.028007907803737672,0.015911549186499414,False
500490,2,-0.007427603505919613,0.011647222791384214,-0.030859454900338423,0.01609151112552875,False
500500,28,-0.009568721255114104,0.011197968739215232,-0.03260740291059353,0.012170254231050897,False
500510,5,-0.008755469526644993,0.011786387544970744,-0.031835423092283495,0.014501680641986136,False
500515,9,-0.00920588943097403,0.011601380097900934,-0.0324134962331271,0.013846712807449629,False
500520,45,-0.012540590058906316,0.011079099030262081,-0.03515692448898044,0.00873329463094206,False
500525,9,-0.007481811592524895,0.011558373243301476,-0.030303793234886953,0.0151896258064935,False
500540,54,-0.010297158294803196,0.011151855460857419,-0.032619162497502525,0.011573431349941604,False
500560,44,-0.011927468476835132,0.011179233655382894,-0.03567601005734829,0.009879105296798672,False
500568,45,-0.008516877690199095,0.01105256895944506,-0.030785615269315388,0.013125740484038868,False
500570,69,-0.008190808991147816,0.011050702273729687,-0.029569174769348727,0.013433897900613403,False
500580,19,-0.005778992728815498,0.011362985223043702,-0.028192882696921794,0.017212820140777515,False
500600,22,-0.009349952386547884,0.011576054430182172,-0.03242957405264286,0.013360053959478707,False
500620,46,-0.007976231858242066,0.011412764192716847,-0.02978339011761684,0.014710973157661095,False
500625,7,-0.007847370965048166,0.01143653350990495,-0.030522797676292287,0.01426890983151124,False
500627,0,-0.008117613690615307,0.011510377248283568,-0.031122505455724016,0.014192722136276238,False
500630,47,-0.010628936026739024,0.011163920263798238,-0.03258517929334948,0.011081037615321357,False
500635,46,-0.008560696805984067,0.011059008411835216,-0.03054436810604207,0.012935278614560551,False
500640,3,-0.006216062931380636,0.011402606279299628,-0.028336195682486826,0.01661590655306645,False
500660,162,-0.00694427059242676,0.010686977889559824,-0.028180845142231212,0.014416200677021918,False
500690,21,-0.008648674350862787,0.011063756841626976,-0.03078310513886014,0.013081919918689927,False
500710,34,-0.00737677177316144,0.01123588078195459,-0.0297306330230186,0.014685640198109463,False
500720,51,-0.007684651011675692,0.011225663886277305,-0.02985615602536483,0.014721911809941503,False
500730,3,-0.007316545369704587,0.011093045089578606,-0.029039848263913898,0.015072478288939086,False
500740,31,-0.008872725259717187,0.011394636198651017,-0.03171913550395015,0.013459505575396649,False
500750,4,-0.006949909880011773,0.011548209173367475,-0.029489641307994387,0.015897157160364,False
500755,6,-0.006920693129053684,0.011313317221331338,-0.029740174084704914,0.015502753670209734,False
500769,33,-0.009147393225467912,0.011249604189167511,-0.031979799331952566,0.013051848840842671,False
500770,17,-0.008875887943522481,0.01182237661004264,-0.03239566905417644,0.0141202163286636,False
500780,8,-0.008502947177843837,0.011283773009164269,-0.03124301312184178,0.013277093531778967,False
500790,64,-0.006167377362808302,0.011101101757766737,-0.028029677206377272,0.016080375962812053,False
500793,11,-0.008457182979959404,0.011405292351073612,-0.03101093558427289,0.014428324232463118,False
500795,25,-0.008843138357668248,0.01137969059985521,-0.030875186980991655,0.013827986576716925,False
500797,6,-0.008104489911309673,0.011515802532191947,-0.030843397427296228,0.015261491728981986,False
500800,14,-0.010572130589011111,0.011437796210501606,-0.03409308788776079,0.011874187535428887,False
500830,169,-0.0032120977621803905,0.010863484858032164,-0.024523999982376574,0.01952629335585733,False
500840,2,-0.006350377165732701,0.011260254358004105,-0.02812189343620419,0.01584695973804067,False
510010,7,-0.009187452204602507,0.011227614077525195,-0.03166201372630291,0.013317395069357897,False
510020,59,-0.0050776457890453364,0.01115514655815944,-0.026685676122524673,0.017287777591566023,False
510025,104,-0.010080012480394503,0.0109016007596358,-0.03152360065844801,0.010911473684098248,False
510030,14,-0.009302795014538477,0.011262892585340717,-0.03168977703506024,0.013384147367484032,False
510035,9,-0.0065944235365626,0.011399008667525782,-0.02968460636636077,0.015997622126163315,False
510040,8,-0.008763323807407528,0.011392412706374195,-0.03170341927093607,0.01325484113224252,False
510050,3,-0.007558265415950888,0.011338747712667265,-0.0298595059092693,0.015613244498143235,False
510060,16,-0.005017442600343566,0.011298342773502506,-0.026791994121986025,0.0174724049258219,False
510080,20,-0.007459140672173541,0.01115930243425558,-0.0296190211067191,0.015278150128417146,False
510100,1,-0.008328821411548705,0.011425007531714017,-0.03162595388297055,0.014134604204123434,False
510120,1,-0.00846811004886737,0.011232734426036006,-0.030680523100963832,0.01399275419794778,False
510125,27,-0.004934916531185117,0.011913408299130623,-0.02787962185948099,0.019368636081785472,False
510130,8,-0.007687269537711088,0.011383784376313167,-0.029972000590969595,0.014677856519338022,False
510140,32,-0.010166983004117836,0.011733456452212075,-0.03340599197127412,0.012115331038241356,False
510160,3,-0.00790371586566305,0.011249585941988424,-0.030762298565615392,0.014042122863790743,False
510170,45,-0.004966841589227083,0.011306685648182043,-0.02729088515592252,0.01753832612848877,False
510180,120,-0.009701196943865455,0.010723155166012579,-0.031236132197823986,0.012074668038125914,False
510185,18,-0.006255445846886171,0.011306635911887838,-0.02854042778120551,0.016434088365718684,False
510190,32,-0.009420790060727989,0.011238194040591211,-0.03180919069503281,0.012410162935706114,False
510250,179,-0.0008273418790503799,0.010976531015410127,-0.02241480357898798,0.021614528463395413,False
510260,73,-0.0015435315490227293,0.011075103044346004,-0.02296844239072019,0.021194504424139022,False
510263,83,-0.0082425977827939,0.010865451886650418,-0.030174147323420625,0.013259957936637057,False
510267,51,-0.011216955067417086,0.011438630327171684,-0.03442253017758848,0.011468130852444424,False
510268,17,-0.004746557878432146,0.011261981912843484,-0.027252660662252952,0.018579181821161007,False
510269,3,-0.00862927237175494,0.011449256212623132,-0.03150443021971267,0.014127048508960799,False
510270,63,-0.009325371578086425,0.01127458746938062,-0.03224823293175388,0.012463642745631122,False
510279,13,-0.004758710231620073,0.011413397933190288,-0.026631105933709952,0.018706014770810672,False
510285,5,-0.007530708561226442,0.011692170241099926,-0.031224665935355833,0.015362161580692134,False
510300,28,-0.012133117081435829,0.011254078378279407,-0.03526300246421122,0.009542080850419073,False
510305,10,-0.00705351995517377,0.011457331552436778,-0.029995114388822172,0.015907706196769535,False
510310,5,-0.007435497583273469,0.011168217030932789,-0.02940121539207658,0.014718596645699114,False
510320,63,-0.003958437241629755,0.011007404297534466,-0.024920547290566294,0.018016831086735716,False
510325,62,-0.0093057435114473,0.011367134205148696,-0.031857834165536336,0.012950668487963203,False
510330,48,-0.006855912116542804,0.011033527031669989,-0.028727978614033554,0.015308455156651989,False
510335,61,-0.008316118746784673,0.011147750390868133,-0.030804164288856965,0.01392166389178469,False
510336,4,-0.006669027232646819,0.011424524985632525,-0.0297523945266523,0.01593494353695167,False
510337,5,-0.008466133026522488,0.011637328711935247,-0.031115063782686653,0.014842030400305378,False
510340,899,-0.005974209234957175,0.009111030710283626,-0.023997671058353733,0.012178949090182838,False
510343,2,-0.006902464472009198,0.011528140265241007,-0.03002883246259462,0.016254901621696908,False
510345,6,-0.0066607352429936305,0.011700612725555014,-0.029400730999974513,0.016667284970761125,False
510350,28,-0.0078731278746314,0.010953464116942709,-0.02940408730549594,0.01411736715109466,False
510360,7,-0.008147971538602248,0.011593781304256855,-0.030940158529978962,0.014738099304713039,False
510370,22,-0.009144147495040254,0.01124517602673514,-0.03202552017845405,0.0126287433391062,False
510380,1,-0.0071827384504570685,0.011506403532994095,-0.029990300563795338,0.01612415626696355,False
510385,12,-0.008486855116710552,0.011379822745869926,-0.03062676507323365,0.013766950870094897,False
510390,17,-0.005426060906302197,0.010931269820053496,-0.02731272898369218,0.016588807700870373,False
510395,1,-0.0077251541118915435,0.011234423900816004,-0.0301401446174649,0.015218597789773023,False
510410,56,-0.0065959266930844754,0.01123958948047491,-0.028232386292464367,0.01587811900818925,False
510420,8,-0.008727019524409444,0.011535018001976254,-0.031600725628701656,0.013736249707311245,False
510450,3,-0.008774545548085261,0.011426976217050674,-0.03127220457286038,0.013538298383697748,False
510452,11,-0.009379635483181313,0.011487429611242224,-0.03234222934166699,0.013980263047458611,False
510454,11,-0.007730401349863084,0.01181421669891664,-0.030993289777931143,0.01633411297013364,False
510455,8,-0.007710007338255753,0.011186880807916567,-0.02914199884368878,0.01467052005865823,False
510460,14,-0.007982513963098969,0.0112553591014681,-0.029894296477595794,0.014054934206803467,False
510480,32,-0.009245224082696193,0.011607170333994641,-0.03239636285498278,0.013488996673175746,False
510490,7,-0.00799684070243855,0.011452301907231077,-0.030890962031244848,0.014798066257844732,False
510500,9,-0.006769073452933858,0.011219062101918439,-0.028762872542474397,0.015571250270199318,False
510510,62,-0.007806041865580191,0.01104394051277257,-0.029925394678507446,0.01422603071122134,False
510515,82,-0.006928078543866597,0.0109426951464298,-0.02870857191007827,0.014350337516269587,False
510517,13,-0.0065778086399711595,0.011736489804028461,-0.0294152507023913,0.016732906256056085,False
510520,9,-0.0068129064518077,0.011663874613746461,-0.030349985141094243,0.015730640895729096,False
510523,6,-0.005864159284858189,0.011115653789305452,-0.0281557078490194,0.01605388219001112,False
510525,148,-0.006363937775118367,0.010556910341443645,-0.027276780006885343,0.014747050014501968,False
510530,9,-0.007854935042522158,0.011521647597710466,-0.030858530201058137,0.01506463185910705,False
510550,36,-0.006827746958451634,0.011214443692934114,-0.028681081566458023,0.015576557931845996,False
510558,22,-0.008770042422972937,0.011086367274096976,-0.03111619443130374,0.012771022120456527,False
510560,32,-0.003003271806266809,0.011380426883813232,-0.024946527660068614,0.020291862754087283,False
510562,44,-0.006362112081398339,0.011053280722637325,-0.028031366639477077,0.015997391935515002,False
510590,27,-0.010495610139250853,0.011143932501404604,-0.03308647822411068,0.010797514893842093,False
510600,12,-0.008214566530520932,0.011512771896919089,-0.03139235528205428,0.014594323286954387,False
510610,9,-0.006143920534701391,0.011529493352878246,-0.028415176872828664,0.016690934824637797,False
510615,14,-0.00968884634705591,0.01147072495810949,-0.032503035124247744,0.01297930810890851,False
510617,13,-0.004597192620137793,0.011223636541021396,-0.02595576873164315,0.018017346729381864,False
510618,9,-0.007166685601654534,0.011706259602793798,-0.030467699860442173,0.015838892703828298,False
510619,8,-0.009891760455182304,0.011167455835577341,-0.0322651311696099,0.012048563788231404,False
510620,5,-0.008472156327483143,0.011660745149548055,-0.032083095092480744,0.014647447095416094,False
510621,19,-0.004262011200427332,0.011273193034184,-0.025962638688030573,0.018182733503178745,False
510622,86,-0.006308121663565534,0.01102039311007267,-0.027807119928091303,0.016554136532569708,False
510623,30,-0.008405495659640431,0.011366425932925405,-0.03112767135230489,0.014272198991493254,False
510624,12,-0.006893266389171352,0.01131202958267485,-0.02940158445433123,0.01589299971530679,False
510625,22,-0.006116485096230955,0.011675190592751346,-0.02898032008037224,0.017805012918696853,False
510626,12,-0.0061385805217508945,0.011386560164770482,-0.02848790320071263,0.01694759456037462,False
510627,7,-0.005408456817148481,0.011375814861536545,-0.02769661122197202,0.01736677619953798,False
510628,12,-0.005072035001116983,0.011555058547318652,-0.027469728035859668,0.017875484119159322,False
510629,17,-0.009483607980844456,0.01137944149028334,-0.032562163127264135,0.012681143865360164,False
510630,50,-0.0055218915011434255,0.011401532125642787,-0.02815273788836744,0.01729734861767282,False
510631,3,-0.00796676639265766,0.011738231470386195,-0.031151097117381583,0.015115714834552358,False
510637,35,-0.008983881854125459,0.011501483500979784,-0.03181693752835381,0.01365863307628122,False
510642,66,-0.012353527366029465,0.01137651625840449,-0.0358453267272859,0.009579414991064312,False
510645,5,-0.008095614121610289,0.011314679324865334,-0.030208656774959222,0.014486717005050205,False
510650,49,-0.0052686445358177784,0.010994976281341962,-0.026819870022380666,0.016674641157578694,False
510665,8,-0.00724138522030521,0.01135090308960935,-0.02933910872071613,0.015425976193006624,False
510670,2,-0.008538104359538294,0.011566066077220062,-0.031678935915810835,0.014245765632848538,False
510675,72,-0.004678121193931248,0.011206163214828202,-0.026478121413572874,0.01789221941446845,False
510677,19,-0.006255146454160708,0.011109879877175334,-0.0277617409646399,0.015531531801984143,False
510680,10,-0.007694806876308827,0.011607945199897607,-0.030575400239886162,0.014647441156681826,False
510682,28,-0.011510216188102291,0.011446236582897722,-0.0347924400346783,0.010947990423066111,False
510685,5,-0.009250436401209716,0.01136042497138985,-0.03221537749632177,0.013215376850829406,False
510700,20,-0.010061386585920528,0.011139748985991743,-0.03287736035682522,0.011232908100305562,False
510704,103,-0.018430967505635745,0.011275835323897199,-0.0416214885035781,0.0027985892219269384,False
510706,50,-0.008310657287708792,0.010898810882857742,-0.029990347211253994,0.01306668218676565,False
510710,17,-0.00715893223566984,0.011432052013142808,-0.029924879818938276,0.015920890160130367,False
510715,1,-0.007075196482568116,0.01135368333666413,-0.029954409790131437,0.015295575760388846,False
510718,16,-0.01138068044132301,0.011091028251651891,-0.03389420531333374,0.010317285136178205,False
510719,3,-0.008301146943477014,0.011427215746277175,-0.031665824332102736,0.01386279645690244,False
510720,6,-0.007820887706360883,0.011367321422220172,-0.030372191848773485,0.014449084106705309,False
510724,10,-0.008032086696479408,0.011370586163472722,-0.030535117895429644,0.014837984974465541,False
510726,2,-0.00886096440975684,0.01177064128870565,-0.032527179968241,0.01446907090954928,False
510729,3,-0.006230845426014201,0.0114911429343119,-0.028927996910230677,0.01684896092752276,False
510730,29,-0.005856368256835256,0.011625207311686446,-0.02866105473826929,0.017645566022270617,False
510735,10,-0.0074540118211917855,0.011393523943652648,-0.02999569851171963,0.015286290377928492,False
510740,4,-0.009219036559564263,0.01137759294911219,-0.03208747361649323,0.013273646920966256,False
510757,2,-0.006909303886266293,0.011703525237823193,-0.02964627275441423,0.01634722772713095,False
510760,278,-0.006665150777587812,0.01010811510109971,-0.026389613690150922,0.013305111880702634,False
510770,17,-0.007142415722019505,0.01157471165210877,-0.030013242330097632,0.015338258686633965,False
510774,2,-0.0069746992339034895,0.011864928932229903,-0.0308807086393033,0.016567381669284703,False
510775,4,-0.007197852467847897,0.011715863311591707,-0.03010475857836676,0.015668251809605824,False
510776,6,-0.008833232059765711,0.011463834231355972,-0.031606562106255974,0.013531296948287887,False
510777,10,-0.005903032725020174,0.01144961499329909,-0.027995778757635707,0.017027849850899036,False
510779,9,-0.007608886702586628,0.011381993866410329,-0.0302587733145693,0.014507128682836724,False
510780,23,-0.009982187348393122,0.011043727705495263,-0.03199664213366778,0.011448810740235005,False
510785,16,-0.006726809920835673,0.011209223440137446,-0.02912174714768272,0.0152075676992043,False
510787,57,-0.004308301844648588,0.010926134393382308,-0.025073171541198525,0.01777084734696754,False
510788,1,-0.0073865689977312176,0.011461939421325345,-0.03004567740725204,0.015626283906443737,False
510790,243,-0.0051570873074050175,0.009968920453044872,-0.024828430281465332,0.014651458509674793,False
510792,142,-0.00877527498106775,0.010400101320536682,-0.02933435104340196,0.011734011896061788,False
510794,17,-0.007325348591843886,0.011292073587950393,-0.030097729096201457,0.01499335028263292,False
510795,167,-0.008895433417697166,0.010171321111077727,-0.029649472432774486,0.01121577369924065,False
510800,23,-0.008852020201958778,0.011293482461157295,-0.03239339509832421,0.013595155081044306,False
510805,11,-0.006934462160413389,0.011251395738386278,-0.02923815885915219,0.01516991792433872,False
510810,1,-0.007414258733142436,0.011273234985065593,-0.029978396028960498,0.015511880103657312,False
510820,4,-0.007283130088896677,0.011251896200482687,-0.029480477172414688,0.015016424660807428,False
510830,0,-0.00797163389157973,0.011804642129244902,-0.03138015739686765,0.015167325839788366,False
510835,4,-0.008931838831989607,0.011722677737873246,-0.032844626968779496,0.014445116287261424,False
510840,503,-0.006448157830435612,0.009617794307846744,-0.02503126835238667,0.013147338611198812,False
510850,14,-0.007885157997087503,0.01168345568599015,-0.031009516172779184,0.014773935442176799,False
510860,29,-0.012802588443968374,0.011327698007088409,-0.03588525651892421,0.00914725946509707,False
510880,6,-0.008287269756955516,0.011522296081553071,-0.03115384380992337,0.014242131258267397,False
510885,6,-0.006287079574895016,0.011386783047632276,-0.02885482996392341,0.01632370393356562,False
510890,11,-0.009024006429063411,0.01156114398016778,-0.032378433465335595,0.013867278134788101,False
510895,17,-0.010020970831940987,0.011566517349069974,-0.03356330758415336,0.0129864248416116,False
520005,33,-0.008809501148994522,0.01145929655613174,-0.03200171096397535,0.013930580981820722,False
520010,21,-0.008002361767871773,0.011502836350196857,-0.030649786077824846,0.014806928785261294,False
520013,33,-0.009903614715632472,0.011161731170314899,-0.03218658032135856,0.012169081570863084,False
520015,2,-0.007948367396509228,0.011410045015272418,-0.030576837222445467,0.014546375113316152,False
520017,5,-0.006650342566983367,0.011227512560341536,-0.028520549111679568,0.0154372719560988,False
520020,3,-0.007276879183963268,0.011576644645811924,-0.030812308822122665,0.0154811112869497,False
520025,272,-0.010875252657824264,0.010175746128696353,-0.031317448543743444,0.0082734651727729,False
520030,42,-0.009494564898505765,0.011235520169595833,-0.03226214355463757,0.012750898841923304,False
520050,0,-0.007886991686076948,0.011510215772708013,-0.030438244652726952,0.014977273851091946,False
520055,12,-0.0063321753930084485,0.011491810735780483,-0.02892522570478716,0.016630339506255625,False
520060,16,-0.009048162470687095,0.011277605701158242,-0.031342727663874144,0.012455554178303754,False
520080,14,-0.007598833005485883,0.011145026928577216,-0.029749273921666528,0.014534355320457394,False
520082,0,-0.007946383434638762,0.011632278677195095,-0.031028872048820866,0.015045470489439468,False
520085,6,-0.008214484912026872,0.011609500903575003,-0.03090698792701783,0.014572706421615693,False
520090,2,-0.008345166698501015,0.011868997284798143,-0.03231435580140821,0.015098659086742686,False
520110,565,6.43707606199967e-06,0.009601811048458912,-0.017930241819825367,0.019921693651673334,False
520120,1,-0.007109984119482012,0.011389273790090136,-0.02949986130038277,0.015669303709133966,False
520130,18,-0.003747520317351697,0.011454567963870324,-0.026355126170689195,0.019393400213305743,False
520140,819,-0.005036842357857532,0.008939095514959177,-0.02265833146103957,0.01299659900678421,False
520145,1,-0.007881733857140362,0.011632069184577288,-0.030212300100159732,0.014768475689087438,False
520150,11,-0.006837388958043508,0.011657756515954291,-0.03017729684034223,0.016196309790278147,False
520160,5,-0.007605426308962905,0.011251580995964598,-0.02958127540764027,0.014965250731254756,False
520170,34,-0.00745259330963572,0.011255804337811634,-0.029447738491725155,0.015098974634250388,False
520180,21,-0.008269816127313713,0.011277546886341373,-0.031047333713702996,0.013662180486606055,False
520215,9,-0.008027485256660303,0.011400511029080384,-0.031243817027260506,0.014578824899158706,False
520235,2,-0.007774741085052966,0.011547704868727315,-0.03019923253847462,0.015009748933184042,False
520250,16,-0.00956420679275691,0.011503991746489613,-0.03257613241614703,0.012218760520916581,False
520260,4,-0.007836096703552493,0.011566812706961135,-0.030970313950136278,0.014655462989875186,False
520280,3,-0.007819179288611972,0.011767556595766901,-0.03094635680785037,0.015524726986496762,False
520310,3,-0.008298366846807492,0.011292731203529112,-0.03068851031860894,0.014327245963357113,False
520320,17,-0.00790760832942136,0.011298745255643321,-0.030719490824374425,0.01498364364218534,False
520330,52,-0.009309801120350418,0.011170252824297518,-0.031739746603893886,0.012712886830250679,False
520340,14,-0.008965066776118167,0.011483219462661126,-0.03178626999939104,0.014192159023081331,False
520350,25,-0.008086748043383381,0.011175776146857604,-0.029798302183566997,0.01420410705630245,False
520355,12,-0.00894264767065818,0.011216390735461436,-0.03141690964875733,0.01304973889757399,False
520357,5,-0.007932879677074808,0.011613342528210863,-0.030831012307577562,0.015223844210621479,False
520360,4,-0.008305584921149226,0.011716292134686281,-0.03134322944728613,0.01536995246989707,False
520380,9,-0.005632470310826908,0.011205862648322735,-0.02763524120773133,0.01669562717067743,False
520390,8,-0.00677811701922868,0.01129276074875764,-0.02861827520681667,0.015704073548222244,False
520393,2,-0.007498292163846914,0.011344296257771776,-0.030129921659493734,0.014923693515215813,False
520396,3,-0.009223189437207053,0.011615829686487738,-0.03209974313344486,0.013641015650602507,False
520400,15,-0.009459015974173438,0.011303307103322308,-0.031970733037600535,0.012649581366321074,False
520410,9,-0.006857224301429991,0.01160694257242827,-0.02954361543965147,0.01647569230589164,False
520420,1,-0.008022680084698032,0.011264761598424612,-0.030490770068044484,0.014486348172134482,False
520425,9,-0.010125576867850823,0.011745653183539337,-0.03352509384016067,0.01302543910863353,False
520430,11,-0.01028125062357406,0.01112357708783117,-0.032639603712364046,0.011707267092116431,False
520440,12,-0.007447341988833029,0.01135749234360587,-0.030128105512655944,0.01529629079162685,False
520450,138,-0.006983539553665695,0.010779026081214354,-0.028592484057765963,0.014525502875207387,False
520455,2,-0.0071276469563954226,0.01160671429933973,-0.02965510865425916,0.015433515884621715,False
520460,7,-0.007921328851211773,0.011189673380150393,-0.030080571817383026,0.014336510766778044,False
520465,3,-0.007836574851263517,0.011327348841332182,-0.030512415945797698,0.014902434511450176,False
520470,14,-0.009446901394391586,0.011276655959673665,-0.03190461110839946,0.012845140451598631,False
520480,8,-0.00729556222446033,0.011481408841243195,-0.029790864909372043,0.015547580657997695,False
520485,14,-0.006513943260522845,0.01164868219629819,-0.029210907077766572,0.0167034884624888,False
520490,23,-0.007678157843235368,0.01162115611967611,-0.030829193704582047,0.015137186014879145,False
520495,7,-0.009093176554358682,0.011923521617772145,-0.03309787315108793,0.014524310288893436,False
520500,9,-0.00719392425022996,0.011497053717546722,-0.030123219571412174,0.014787255064219995,False
520505,6,-0.007637778040031563,0.011366947690828471,-0.03013877589120707,0.014456213804492435,False
520510,122,-0.008060276479606488,0.010937747534231233,-0.03016578656542462,0.013510176211840759,False
520520,13,-0.004768116226835631,0.011539506679156632,-0.026901331407118183,0.018133248928043973,False
520530,12,-0.007664556461024266,0.01151784258574101,-0.030852864465792367,0.016167685005025995,False
520540,31,-0.006267038481796035,0.01159360485411541,-0.028958214898605852,0.01689533057322048,False
520545,13,-0.009761064555656852,0.011628571461243036,-0.032589458803366333,0.013192803687089938,False
520547,13,-0.006458692629959281,0.010973901476278487,-0.027789469437867732,0.015339159139058003,False
520549,116,-0.010755871983851847,0.010554347956704015,-0.03153029430888919,0.009505179586725195,False
520551,18,-0.006613369522216091,0.011130310960652038,-0.02829179162640523,0.01577351993046566,False
520552,4,-0.006553678519073742,0.011579374300686392,-0.02950716751159531,0.016854418988068172,False
520570,5,-0.00887219319102448,0.011613215366676876,-0.0315813070984161,0.01408157764460328,False
520580,7,-0.00704808453885682,0.011425562957477958,-0.030171370870950332,0.01590651773585547,False
520590,2,-0.0076914322224301,0.011425026203447543,-0.030452764052850734,0.014422888455909786,False
520620,82,-0.0058117990886795085,0.010865371907047894,-0.027364881846297175,0.015457055198830907,False
520630,2,-0.006704144240706964,0.011299122736922578,-0.028985869872330466,0.015538182141150112,False
520640,26,-0.009614555231624525,0.011207101303933112,-0.03188467448399316,0.011597241528672662,False
520650,2,-0.007960775354233625,0.011492802521062565,-0.030811840869948173,0.014892049793484194,False
520660,2,-0.007925438471858648,0.011289193988720234,-0.030406389656596717,0.014192610097979697,False
520670,4,-0.006756171997309477,0.011148344512688407,-0.028431253033914056,0.015491327019663919,False
520680,3,-0.008428521282768017,0.011275523353243297,-0.030750542350935533,0.013777578030283719,False
520690,0,-0.008078502817990347,0.011400125040345937,-0.030553505941281586,0.014329886634741081,False
520710,3,-0.007953839140105227,0.01155058821231208,-0.030647044878941127,0.015218611974448203,False
520725,4,-0.007114404497930142,0.011249797131698486,-0.029491999892013673,0.015295836742961026,False
520735,8,-0.010286885534404233,0.011556026110073385,-0.03349923884332158,0.012253764304012519,False
520740,13,-0.007614886876309357,0.011499356539221652,-0.03021649060676252,0.015124502054004226,False
520750,2,-0.007839793295020464,0.011491254911133238,-0.030920823253158602,0.014241495763478279,False
520753,6,-0.008706309011070584,0.011753498662115551,-0.0325404394717845,0.014270180782701451,False
520760,7,-0.008334633665379277,0.011585113389434734,-0.03127495406126252,0.014687893271873224,False
520780,13,-0.009262935883442316,0.011355399016423101,-0.03219416591321703,0.012631587773751536,False
520790,12,-0.008460430901846916,0.011421077702440276,-0.031060266434973286,0.014190277532827278,False
520800,154,-0.006829856781373519,0.010474245921119696,-0.027391229370375844,0.014132705845915514,False
520810,4,-0.006035835874562149,0.011719273444404208,-0.02931688122421973,0.017801273500451506,False
520815,4,-0.009292564290189338,0.011424094460054704,-0.0321341675935062,0.012420959731471948,False
520830,9,-0.008987354611048408,0.0112138933750442,-0.031187483514963,0.013054521563283548,False
520840,17,-0.00821359872971411,0.011585083446827531,-0.031589293044371525,0.014516157164900352,False
520850,7,-0.009552312590701268,0.011762083316197363,-0.03335029385833327,0.013434999515202425,False
520860,98,-0.0037573400711360997,0.010866158741473782,-0.02527118396172236,0.017806685197002948,False
520870,1834,-0.009032064557198164,0.008634430264966225,-0.025691157119723026,0.008022563766956469,False
520880,94,-0.0090602877787133,0.010777234650502067,-0.030752837291895756,0.012202987169283825,False
520890,24,-0.006056721700739122,0.011126538377404963,-0.028291532184403046,0.0156265442721674,False
520910,37,-0.012503710098856894,0.011322764911958659,-0.03552603249945516,0.010050442683351151,False
520915,10,-0.009022378728146247,0.011509958819028679,-0.03189728347052038,0.0136139730975663,False
520920,24,-0.008000234982678345,0.01109895803608995,-0.030086801116476714,0.014693055762967228,False
520929,1,-0.007158215117837834,0.011474797641846352,-0.029905226376013807,0.015973180448576145,False
520940,8,-0.008637916543831907,0.01162843347306046,-0.031675850918673545,0.014663451310997819,False
520945,4,-0.009241106290580527,0.011466494282188787,-0.032377480658943504,0.013610443901203138,False
520960,3,-0.007693400820817793,0.0116139256518394,-0.030638401531830024,0.015373683587142365,False
520970,42,-0.006686134479829667,0.011389875475938374,-0.02898308201729576,0.015992703007821,False
520980,3,-0.008098490036419576,0.011322501237519364,-0.03036666562299709,0.014230987330277646,False
520990,14,-0.006655295924155209,0.011147816138570136,-0.02867802043550631,0.015857864290152,False
520993,6,-0.007122198074489233,0.01146748098865259,-0.029749744919204627,0.016372879311610324,False
520995,11,-0.006436830109231412,0.011414933006019454,-0.029129363876883765,0.0169258027492502,False
521000,75,-0.006678489902994116,0.011021304828056794,-0.028037823810112255,0.015993824426515146,False
521010,32,-0.012702090976843288,0.011430618249813918,-0.03592048575904316,0.009303812085907649,False
521015,3,-0.008059088356304681,0.011481569760677128,-0.031061160845206857,0.01509868928788498,False
521020,33,-0.008469778441278997,0.011057818708057122,-0.03048158545483819,0.012901489159618596,False
521030,0,-0.007731425785375418,0.011283949675755038,-0.03069545224110017,0.014899451440869162,False
521040,59,-0.008723555880214354,0.010853335283521106,-0.03084336028130485,0.012577080187324141,False
521056,4,-0.008375270421306808,0.01114256494194702,-0.03069716056191446,0.013791508543523914,False
521060,6,-0.00832636118020065,0.011526267854110487,-0.031549227189247256,0.014209117458433777,False
521080,6,-0.00781106564785729,0.01154506663815182,-0.030478598383402205,0.015178162449037757,False
521090,22,-0.008799915404237281,0.01151082728982427,-0.03160634346576928,0.014463891867650985,False
521100,4,-0.008870084058048752,0.011277409176801208,-0.03162156898358262,0.013340066704957373,False
521120,18,-0.008281079239753788,0.01139271441501259,-0.031552362962844374,0.014533401416014698,False
521130,4,-0.006783814425142361,0.011581198632314143,-0.029647082533993684,0.01656359284550907,False
521140,8,-0.005070874036718277,0.011666315977806254,-0.02741787848558469,0.018547531750479056,False
521150,128,-0.009826574734435631,0.010878646448050215,-0.03210532483624002,0.012083652899746259,False
521160,2,-0.008216160803853133,0.011597263919998742,-0.031014700620666562,0.014834139688036235,False
521170,6,-0.008104949470892284,0.0111857057865715,-0.030129133814771485,0.014009582540694905,False
521180,52,-0.012275674611803476,0.011439561984986803,-0.035868749428231685,0.009719147873690093,False
521190,154,-0.007805582404475839,0.010464067787745042,-0.02852279962881279,0.012741015798846676,False
521200,1,-0.008314412927890378,0.01149256098752639,-0.03149280444090222,0.014698318312566584,False
521205,3,-0.007969976790080295,0.011538056527936694,-0.030966336878573926,0.015254789850811157,False
521210,6,-0.0056864870593961395,0.0111037433527269,-0.027370724429115725,0.016954060172242186,False
521220,16,-0.006462514165713833,0.011371716964167994,-0.02844117766257898,0.016521777009070676,False
521225,1,-0.0077213089571345405,0.01121165673993248,-0.02969770421773751,0.014536438197724454,False
521230,13,-0.00865801013335797,0.011424126035112347,-0.031583204586865046,0.014094875231462262,False
521250,249,-0.006124559951987124,0.01031564498163371,-0.026503041587969418,0.014326082522898813,False
521260,1,-0.007741886152893752,0.011648171222132048,-0.030917628769569067,0.015026907543004208,False
521270,19,-0.007749981541452489,0.011278935194389753,-0.030461841908740604,0.014652457074167716,False
521280,18,-0.009049453640377084,0.011332051082217763,-0.0318452817555686,0.012618510204259229,False
521290,4,-0.006914674548372551,0.011438043349706346,-0.030098812607761028,0.015870502431747514,False
521295,4,-0.008858131345775106,0.01152357291050632,-0.032156631196998284,0.013982798241142931,False
521300,20,-0.011462712907509958,0.011306550588519,-0.03455201080264006,0.010303126326536582,False
521305,2,-0.008114643326957277,0.011417967228656878,-0.0307840254194528,0.014507535090007264,False
521308,30,-0.007135410662608841,0.011238718899822283,-0.02913290947834315,0.01565478366511442,False
521310,119,-0.012228984323443643,0.010795260204784564,-0.034057510947692174,0.008053967822422655,False
521340,1,-0.008240270456248141,0.011527301663980808,-0.03129884556957983,0.01479343331879138,False
521350,12,-0.008066412879970728,0.011149921583016018,-0.031159334687886623,0.01393578829398008,False
521370,7,-0.008282340514741467,0.011435662920839609,-0.0312847388394269,0.013902495236067682,False
521375,18,-0.008314984146280024,0.01161725163959623,-0.031150513634549917,0.01478557590880862,False
521377,10,-0.007389822292144521,0.011989282747700808,-0.031295969340850396,0.016296695421084414,False
521380,53,-0.004816704955782189,0.01108722392733627,-0.02638631739603015,0.017466269117998135,False
521385,3,-0.0068646286346424655,0.01146823436447535,-0.02928584142977972,0.015805328876443092,False
521390,3,-0.008093171964919392,0.011436030213710268,-0.030652487520622402,0.014564805059898966,False
521400,23,-0.009141339445385407,0.011224404202893123,-0.031373899789002346,0.012194570146224932,False
521405,7,-0.006730513628866237,0.011494540252084432,-0.028876750308645855,0.01637926011742209,False
521410,8,-0.007668131150327714,0.01163928923409017,-0.031036935577227878,0.015292116587195365,False
521440,6,-0.008026585766388967,0.011870621441303263,-0.031078104991524913,0.015349547525414635,False
521450,52,-0.009331542182505495,0.01085350828094686,-0.031143505623313392,0.01205849626804434,False
521460,40,-0.011422722533635344,0.011088870817497544,-0.033684707482878794,0.009825761356234584,False
521470,2,-0.007613380933719324,0.011762942284858292,-0.03174812686405732,0.01606007647092969,False
521480,2,-0.007940542992540123,0.01160360951362577,-0.03112639758285067,0.014385470504842072,False
521483,11,-0.008616529953254968,0.011159848416766583,-0.030940913416202347,0.013595062575905682,False
521486,8,-0.009446697454238494,0.011098759923003932,-0.031636620011040194,0.012024716167501621,False
521487,4,-0.008085685871996172,0.011424888141714464,-0.030839326992480112,0.014251316233226057,False
521490,5,-0.008944655379213887,0.011561128982569155,-0.03219029428765527,0.013696513240151247,False
521500,13,-0.007039185582809566,0.011415528338589732,-0.030138557437844375,0.015684516888045185,False
521520,1,-0.00837929519846996,0.011725470319823041,-0.03176397552029283,0.01501900944684153,False
521523,130,-0.01137400321007273,0.011035919431693724,-0.03385046148263474,0.009835573937333876,False
521525,2,-0.00774891703400619,0.011251538599918894,-0.029763312675901602,0.014695274717842795,False
521530,11,-0.006469087576024123,0.011500333204563978,-0.029247536262399725,0.01653020268961016,False
521540,5,-0.006945753927522323,0.011317141748311004,-0.02967888668228233,0.015088638683783986,False
521550,4,-0.008237606756113562,0.011627844132692,-0.031799333581408504,0.014639029894113543,False
521560,49,-0.005490171610754967,0.010871400367347172,-0.027014289273358996,0.016551174459318963,False
521565,1,-0.0077279381312507405,0.011671692628535034,-0.031699761941628865,0.015227146877692829,False
521570,35,-0.011317935681862363,0.011250374697086266,-0.033966047248830435,0.010284218758391276,False
521580,0,-0.007791079906605659,0.011713030179689804,-0.030840701601409126,0.01607452573791279,False
521590,5,-0.009113174657238396,0.011368296719709318,-0.03168056919527928,0.013028043764982658,False
521600,3,-0.008494275301136734,0.01133546049635972,-0.03124579446349929,0.013960181524750878,False
521630,9,-0.008691558196914676,0.011527684037857623,-0.03191235998338172,0.01402551840474495,False
521640,14,-0.009658621499077761,0.011255687766585818,-0.03218026949541061,0.012213427192611193,False
521645,2,-0.008889112275481751,0.01143742454397313,-0.03178542069625352,0.013086180490654957,False
521680,8,-0.00782246538673823,0.011279967038095836,-0.030223461903835635,0.014781182016434488,False
521690,4,-0.0075775897133908135,0.011405061859963773,-0.029546005226125497,0.015483857335630109,False
521710,26,-0.011153336202320048,0.011354422884002761,-0.03426322556406726,0.010968617647841248,False
521720,13,-0.010553851819376785,0.011583297501438591,-0.0339678411966588,0.01144277054509076,False
521730,30,-0.011655457899844419,0.011262871706915482,-0.03423721953844539,0.010702383482747274,False
521740,37,-0.008977200037776585,0.011199014689586265,-0.031440300958856776,0.012922548318820807,False
521760,114,-0.013969378964555145,0.011151562654436318,-0.036710253013253064,0.007870655933612773,False
521770,19,-0.010322029661316156,0.011070869364147808,-0.03260831953040684,0.01107438692272815,False
521800,50,-0.004763588343435974,0.011300911380109387,-0.02662856886737907,0.018081316907392724,False
521805,5,-0.00854757775006042,0.01148689557111441,-0.03154164074763334,0.014298051998002421,False
521810,6,-0.007584503728013182,0.011292637530235326,-0.030304214396656145,0.015278425514805094,False
521830,61,-0.008985719811446208,0.010928219126416975,-0.031222834438765418,0.012677031482605088,False
521839,1,-0.008084276631522763,0.011375266055673603,-0.030394476454841064,0.014641912963522595,False
521850,64,-0.01457009278722052,0.011293601761082728,-0.03788481467080803,0.0072042227656791,False
521860,18,-0.005043034626900039,0.011329925832868347,-0.027229129064901478,0.018075168420155916,False
521870,1,-0.007677350828944265,0.011601800047932676,-0.03097577010804212,0.015220029646283115,False
521878,5,-0.007935636157524463,0.011492366676331656,-0.030897124784981616,0.0154735953898797,False
521880,351,-0.010174560445671237,0.009781432621304226,-0.029624146004521058,0.00895426083671233,False
521890,17,-0.009499813859478866,0.011165225087109846,-0.03173129126946909,0.012228223733921574,False
521900,2,-0.008530773209126876,0.011561487172129192,-0.031821567119810004,0.01433201463872242,False
521910,11,-0.010060207795918739,0.011650079152285019,-0.033753228521030874,0.012516953420035542,False
521920,4,-0.009061048565916953,0.011695978855826832,-0.0327070979958125,0.013700748866474592,False
521925,3,-0.008029229814594103,0.011366497314229469,-0.030582571296608265,0.014904830975824263,False
521930,56,-0.011588650710761655,0.011238877022141701,-0.03456393874233263,0.010992912985326583,False
521935,2,-0.008409432331719311,0.011440461785003814,-0.03091690223940856,0.014476608731526305,False
521940,9,-0.007938486976966506,0.01167872360551267,-0.03142940793641678,0.015461815735015717,False
521945,1,-0.007366782242896795,0.011213497399575148,-0.029430229296284086,0.014674127724763267,False
521950,2,-0.0076868236645358376,0.011640644675378023,-0.031186859213447327,0.01590193300711487,False
521960,3,-0.008278203780358125,0.011333579707677652,-0.03102685963784471,0.013966706769515122,False
521970,16,-0.004143424863827589,0.01154779122653362,-0.026106409189237845,0.01904731136937174,False
521971,10,-0.0081206455702427,0.011746208741691761,-0.0311369270286125,0.01497791713169596,False
521973,12,-0.00540479802218307,0.011086577025465625,-0.02760744021759805,0.016979321641740815,False
521975,105,-0.0073887215264572875,0.011036878246441006,-0.02883092040492725,0.014143234185439826,False
521980,13,-0.006606558935270499,0.011635568000289162,-0.02996652878073873,0.016826071372689967,False
521990,10,-0.00824263354542468,0.011735006386853417,-0.03154468175233673,0.015665048048774645,False
522000,17,-0.009988523037629546,0.011624500225114697,-0.03334955875075378,0.012616587962381071,False
522005,2,-0.008028802817311392,0.011651933223596376,-0.03125155205421363,0.014779534770336172,False
522010,32,-0.007304529487719644,0.011066115513476605,-0.029493213518833113,0.014640961802868216,False
522015,7,-0.008372005011606174,0.011639581799180737,-0.03152918061785854,0.01428136027334059,False
522020,34,-0.010232175057569388,0.011289388188210316,-0.03270093297486596,0.011802575457817169,False
522026,4,-0.007191936770667444,0.011386623679798544,-0.02955026705147964,0.015765273142289368,False
522028,1,-0.007759828333255544,0.011455307536522727,-0.031092685352808347,0.014594894371756508,False
522040,29,-0.008018002023655508,0.011280390637754982,-0.030517901110732992,0.014248532187750051,False
522045,208,-0.004645570799962395,0.010544859123155281,-0.02508260553474744,0.01623735756354154,False
522050,10,-0.010432628427610224,0.011545547271123686,-0.033802099020045016,0.011443125272956564,False
522060,21,-0.0063542591184996295,0.01148350403332405,-0.029281524015210343,0.017033541139161314,False
522068,8,-0.008049681315132281,0.011329230611001792,-0.030378181807994478,0.014458436940684648,False
522070,1,-0.008713564175033625,0.011349440924334203,-0.03144419388242507,0.0135198686630134,False
522100,3,-0.007707216042781519,0.011554963867546949,-0.03002504334359704,0.01464155088698675,False
522108,4,-0.0075562996956263714,0.011558058637766877,-0.030171643625692707,0.014961220224497395,False
522119,10,-0.005901076039900229,0.011490665521328132,-0.028335711210893375,0.01658705748152539,False
522130,3,-0.007616696155763152,0.01116867582652977,-0.029723481345552586,0.014369726378006424,False
522140,174,-0.0047495055783302945,0.010332278706596245,-0.025178801874638633,0.016094577005140328,False
522145,2,-0.008477894792736442,0.011565662944897317,-0.031263473729954964,0.014037305834782786,False
522150,2,-0.008255507716184052,0.011553152472230719,-0.030465366203435568,0.014671205809300576,False
522155,7,-0.006504942007173312,0.011369313393434713,-0.028906338154665107,0.016032636336142277,False
522157,4,-0.006805854647673467,0.011688976431559748,-0.029837766637451447,0.016260319976830702,False
522160,65,-0.006624557250008864,0.01119547132605006,-0.028589464480380068,0.01596561494925922,False
522170,12,-0.008912731925823645,0.011546507270939171,-0.032130790522623104,0.013938610960752157,False
522180,4,-0.007239708432913918,0.01124932518189111,-0.029133632522711308,0.015025206655582843,False
522185,246,0.0018099945214388367,0.010454638528939918,-0.01822541910096776,0.023308393289539788,False
522190,7,-0.0073094632384977975,0.011444792271971996,-0.03012732040378892,0.015407473779583196,False
522200,18,-0.00629022937119539,0.011368414833526151,-0.028669974178517948,0.016301375120963416,False
522205,13,-0.008622020338588146,0.011402573350864042,-0.0315849972028534,0.013601655044319072,False
522220,11,-0.010751705775379873,0.011153078332437547,-0.03295343676954057,0.01079879066694524,False
522230,12,-0.008317951645355962,0.011751838545516093,-0.03161838549105562,0.015063886725597157,False
530010,3399,-0.011994514930437331,0.00828460210728849,-0.028757047279268404,0.004081053062972475,False
