unit,deaths,b_mean,b_sd,b_lo95,b_hi95,classified_95
110001,12,-0.025905478817924404,0.027790544332990955,-0.08162724841375488,0.027494310039192463,False
110002,87,-0.013721347891949497,0.023370800065681645,-0.05967475766077292,0.031325122222568905,False
110003,4,-0.02402354788055688,0.028487125033921333,-0.07883887890070063,0.0311498820418456,False
110004,53,-0.014924639685616335,0.024441287746333897,-0.06277855288829912,0.03466654727825557,False
110005,11,-0.02916599123415899,0.0274966457229162,-0.08160033785461862,0.024960704877843118,False
110006,11,-0.010903228810427105,0.02823227256248343,-0.06692048947882058,0.045240991940427716,False
110007,6,-0.024147441474449485,0.028416401375383916,-0.08029567880437426,0.031634038290142545,False
110008,16,-0.019608725019282087,0.027259152880316675,-0.07413109428657155,0.033031443191973466,False
110009,26,-0.025331692113527315,0.027031779867011507,-0.07715485471369472,0.027419837538052456,False
110010,58,-0.030754423940919817,0.024804920682582676,-0.07949939468851461,0.018174629203741723,False
110011,34,-0.026719893454491793,0.026191386825380452,-0.07968807448279487,0.023956075238811898,False
110012,84,-0.05168709176186968,0.023911234116359623,-0.09937002251116617,-0.005285852211301197,True
110013,35,-0.015949431969713147,0.026328824484649387,-0.06877463875560064,0.03490555576480866,False
110014,7,-0.013173595474200737,0.028331604145297742,-0.06846301775151509,0.04295209714660171,False
110015,17,-0.02115738041545675,0.027455639739121657,-0.0753289334634584,0.032880491142615945,False
110018,40,-0.018114341772754426,0.0259784744832267,-0.06869154330456852,0.03244991689252571,False
110020,317,-0.0976103020144619,0.01951182934837772,-0.13669456093421917,-0.06041802778541454,True
110025,16,-0.02634293829364635,0.027245302641137364,-0.07857206717998806,0.027741430704888558,False
110026,1,-0.02109153968467038,0.028787456295211046,-0.07731642580759449,0.03394351527837159,False
110028,39,-0.012895449064331255,0.02531286762430123,-0.06276980210276416,0.03683274849728702,False
110029,2,-0.023638176500208725,0.02900460618280503,-0.08146237203636937,0.03299627781381741,False
110030,64,-0.004540260009535688,0.023977962471964806,-0.05117946534716112,0.04115482804888878,False
110032,20,-0.028623822371586637,0.02716014728000607,-0.08263702568491416,0.024445358030519195,False
110033,21,-0.02396084997316901,0.02622212588425716,-0.07608956852198943,0.028012291894805894,False
110034,6,-0.02002532058669262,0.028629111352568338,-0.07619954372562043,0.03550543022365224,False
110037,1,-0.018052331533657765,0.02911745341120579,-0.07431514837972901,0.040007620737302976,False
110040,16,-0.03033207114892336,0.028246719484203025,-0.08522108308241302,0.025274602857943793,False
110045,29,-0.01828256922435286,0.0258658888407503,-0.0676650121633118,0.032171729916415544,False
110050,2,-0.015387633275358392,0.028560420718442194,-0.07171390180637674,0.04212707209945798,False
110060,1,-0.025546402168699654,0.02846699714794318,-0.08038112046870262,0.030143176534027927,False
110070,5,-0.020411470278458903,0.027571591963532215,-0.07463175844240899,0.03367313263533299,False
110080,20,-0.04451097696884316,0.028158559411028,-0.09986016994388172,0.00936754292491668,False
110090,3,-0.02674789317281018,0.028942092791572303,-0.08339633915049363,0.030475284431532995,False
110092,10,-0.029909204141701725,0.02903907868964067,-0.08661397915213216,0.026535850200519632,False
110094,10,-0.0273393940344411,0.028103490994611586,-0.08167135561916744,0.027339247401904392,False
110100,4,-0.024871502450102317,0.02842257521073907,-0.08064851155291597,0.03057383856366774,False
110110,1,-0.020465367184528765,0.029374020541545958,-0.07744623130589948,0.036974210489589376,False
110120,1,-0.021863130583721472,0.02863656385443074,-0.07861798154411936,0.03445044429010878,False
110130,8,-0.023859768595960038,0.028373994434381277,-0.07967620111965995,0.030450622187021496,False
110140,12,-0.016390746034522306,0.0280143809741616,-0.07140415532637434,0.03892239459864216,False
110143,4,-0.024815923624902373,0.028794581452829555,-0.08069181915613369,0.031847777797098895,False
110145,0,-0.02217456269068047,0.029347085319496716,-0.07909635289957949,0.03567937871525447,False
110146,2,-0.02353916354409149,0.02853478530369214,-0.08074872854643601,0.03177408805230448,False
110147,2,-0.01894735309923076,0.02908979220332412,-0.07656825207075081,0.037211416651946286,False
110148,3,-0.026687803933212066,0.02859440483060381,-0.08360392057397531,0.029579985841954988,False
110149,14,-0.030073557815793406,0.02762321898175869,-0.08492431797494332,0.023189257113575865,False
110150,10,-0.02484044455402395,0.0282193388370603,-0.08020455584890894,0.03018344033171524,False
110155,4,-0.021542515141136302,0.02900733594529991,-0.07758151799494767,0.03451322120371147,False
110160,3,-0.024254082863761482,0.028548690301990743,-0.08000986566318223,0.032329940573181275,False
110170,7,-0.028922131774770935,0.027957039636204568,-0.08467659597323064,0.02633995501423644,False
110175,11,-0.011023649859113156,0.028519487287441712,-0.0664569896500399,0.0442960158223357,False
110180,3,-0.02762611283738688,0.028552079027476213,-0.08381944607938623,0.028679629619892313,False
120001,9,-0.028510973091087858,0.028222832991956336,-0.08312631429147865,0.027408232610547367,False
120005,12,-0.029594888803770213,0.02866424836763959,-0.08587474499142522,0.0263616841252819,False
120010,26,-0.03640213169403396,0.02760238176690874,-0.09140942150023004,0.017564297075396355,False
120013,7,-0.010963411520750692,0.028298653300063262,-0.06666595123678366,0.0454337736850575,False
120017,7,-0.030384854259675177,0.02874794443062013,-0.0855475238235127,0.024713381926562913,False
120020,83,0.004358922299533225,0.023704161910859174,-0.04131108748891015,0.05024305236064149,False
120025,20,-0.021382472275546464,0.02699728890798314,-0.07456131339374833,0.03052369494279112,False
120030,46,-0.02358142094790327,0.024703759222428807,-0.07219353750517833,0.024992645208688255,False
120032,12,-0.020231597920741435,0.02785772210042128,-0.07613526318867055,0.03546761244232241,False
120033,20,-0.002557446325263873,0.027276341305107588,-0.05507077609245886,0.05137327268358481,False
120034,19,-0.028427461511928518,0.026902253124457133,-0.08181881133835263,0.02398960992579358,False
120035,17,-0.03608577395663784,0.026907225378659628,-0.08868606903859773,0.016157171329612918,False
120038,8,-0.0239254627643579,0.028061824809421827,-0.08020154454075298,0.03241136125615934,False
120039,16,-0.026802011528493513,0.02789742155086329,-0.08179619086485773,0.027040731230411275,False
120040,343,-0.007877922727498899,0.018260156039478434,-0.04393987712099828,0.027781665925641286,False
120042,17,-0.039389603417014474,0.02793583937593498,-0.09576799635045666,0.015096894185366168,False
120043,14,-0.021616888092215427,0.02833444311591467,-0.07772653914433615,0.03382407847053719,False
120045,14,-0.03346389584954985,0.026867922893402254,-0.08634943619234724,0.019261636566461553,False
120050,49,-0.004781571271197656,0.025016535596812363,-0.05399206507666516,0.04470012331498272,False
120060,82,-0.0256715621415448,0.0231875347731358,-0.07097230210186341,0.020400159895485957,False
120070,9,-0.015035923884502152,0.027645207332270803,-0.06968101488118049,0.039022211733698915,False
120080,17,-0.02626848041812075,0.02790510369935177,-0.08070592225534019,0.028049167370929596,False
130002,36,-0.002666554870558477,0.026894485886673317,-0.054932188492913495,0.05001180430022091,False
130006,19,-0.031005150308608953,0.027079890717165035,-0.0845517812542217,0.021928396966905787,False
130008,8,-0.021209387938368584,0.028460752299522846,-0.07642294142429323,0.03649332490885029,False
130010,19,-0.010014716335098236,0.026515721968751987,-0.060457515078248605,0.04241875475344582,False
130014,10,-0.030357418878051438,0.02872716034001485,-0.08676181517207332,0.025736717252983418,False
130020,36,-0.034686054626319435,0.025890145986889778,-0.08584536710889151,0.014793780689062888,False
130030,37,-0.005566612938465781,0.02545709832116065,-0.05486208966164765,0.04488792336426378,False
130040,32,-0.026286913774401937,0.026049417021144824,-0.07797723266252811,0.024912199286735708,False
130050,63,-0.03502805166014433,0.02434966520540442,-0.08207553121386926,0.012464889731222594,False
130060,65,-0.024240651063675775,0.024058727888683417,-0.07113907617825327,0.022163759776954027,False
130063,19,-0.007842063599249953,0.027794207788363435,-0.06207467308194821,0.048406418401622,False
130068,25,-0.016686365965572228,0.027171306144787903,-0.07046003016835076,0.03597799778839011,False
130070,35,-0.02701424974663191,0.02603336435321383,-0.07847403248402149,0.023855541385743483,False
130080,40,-0.043133828304752646,0.02506597526611935,-0.0922981254568591,0.005504410486036636,False
130083,9,-0.025643568614815364,0.02892804040160294,-0.08196631669498118,0.03192313897300501,False
130090,18,-0.03057052702621784,0.02800376557972263,-0.0859220431069109,0.02402573307007091,False
130100,45,-0.027439763767209868,0.02585743052902799,-0.07765426081197832,0.023070317133339298,False
130110,21,-0.01500338696622289,0.027514573325947974,-0.06896030224803845,0.0389041045630366,False
130115,5,-0.020611044299739183,0.028480535997844156,-0.0766204069269436,0.03498670534201803,False
130120,96,-0.021667632942421636,0.02288302119062812,-0.06687240013001779,0.022765792502888876,False
130130,19,-0.02195158261886589,0.027271810099659528,-0.07539591284575578,0.02967928987140069,False
130140,90,-0.028753854146405463,0.023101772142963814,-0.07359601080803176,0.015370690383145912,False
130150,36,-0.013674549591086322,0.025746993123555318,-0.06439148930311007,0.03703189477245427,False
130160,47,-0.02477020173786812,0.0254857259602728,-0.07524330786623165,0.024656971599644854,False
130165,9,-0.01461136569929332,0.02812504766248428,-0.07023849711374008,0.042143821971899864,False
130170,45,-0.015416898795802884,0.024860205395462895,-0.06483341715060935,0.03251053738001655,False
130180,34,-0.009296621220669888,0.02649864750340795,-0.06062516937251487,0.04234369433342352,False
130185,33,-0.024516486876976964,0.0254476798787802,-0.075361378496106,0.025026808613499676,False
130190,118,-0.0132242751618558,0.022674195533485538,-0.05751395181027623,0.03124324364004881,False
130195,14,-0.020493949658979247,0.029015826902845012,-0.07752220443933062,0.03517803763121106,False
130200,9,-0.025455625769985696,0.028244280000623324,-0.08049470785962547,0.029970381892623358,False
130210,15,-0.008772727394189108,0.028576814498039293,-0.06538810839831605,0.047754166653061376,False
130220,16,-0.029471675329872143,0.0271625211329973,-0.08244781097998782,0.024195506271513442,False
130230,37,-0.013835831951712325,0.02626070664234624,-0.06573534790815272,0.03593278610098985,False
130240,54,-0.03550528274112743,0.025234502919385837,-0.0856950094785966,0.012736871089882749,False
130250,94,-0.044975691986917664,0.023252281740471285,-0.09116641090336028,0.001108963408113469,False
130255,13,-0.031000158987540365,0.027570449818164137,-0.08421239528172464,0.022883610596722653,False
130260,1706,-0.03821302032560055,0.01575631994436261,-0.06950564763879875,-0.007076970786441797,True
130270,52,-0.01369042673445119,0.02485673097052292,-0.06322619132639709,0.034037146653485756,False
130280,22,-0.020485535047875397,0.027179880717660112,-0.07334756758290527,0.03134549629791203,False
130290,81,-0.010074832572196567,0.023804106952994116,-0.057043442440134304,0.037022626299675655,False
130300,29,-0.029531867821449013,0.02599832605682411,-0.08241476201083071,0.020862914642156047,False
130310,33,-0.018327000045087548,0.02582156603368669,-0.06904885293913068,0.03221631219259907,False
130320,18,-0.007504558522320735,0.027356235552538376,-0.060063784221959245,0.045586750369938187,False
130330,30,-0.0020540704774764775,0.02673105747141169,-0.05445091260846401,0.048565616643034916,False
130340,180,-0.020694361853604088,0.020673999325214992,-0.061426500379042945,0.01981002550524613,False
130350,32,-0.017811006490700065,0.026105484888812015,-0.06862239065964723,0.03307175728129649,False
130353,35,-0.021742244452355217,0.026857664781298553,-0.0730947654941095,0.03045748364146104,False
130356,23,-0.04943880825131147,0.027220159651565906,-0.103323168363479,0.003172438266674482,False
130360,21,-0.013709432200594346,0.027934020962172398,-0.06804120699838541,0.04093008508949078,False
130370,43,-0.032323698381301086,0.02522917549204532,-0.08109121514078832,0.016587344845092274,False
130380,130,-0.021109045862700782,0.022019426346026317,-0.06414354629220961,0.022103112986882136,False
130390,46,-0.012422504448178735,0.025812523048444273,-0.06331988492265195,0.037457271993397344,False
130395,12,-0.028780318619412326,0.028133585204668993,-0.08315293035519576,0.027090060892456882,False
130400,8,-0.010579622941720475,0.027763936653568026,-0.06482462873939793,0.04337960943809615,False
130406,118,-0.021915124829453115,0.022518485880205615,-0.0654560583014024,0.022511039221696737,False
130410,19,-0.021638660269548,0.02759137399179866,-0.07467359711552389,0.030779519946541507,False
130420,118,-0.052830710228953116,0.021992457857112485,-0.0950813712368548,-0.009374377613444378,True
130423,32,-0.011405896063652653,0.026280895210944347,-0.062437255791224555,0.04066605040392372,False
130426,25,-0.016553274164919203,0.02721548556445793,-0.07013349428906296,0.03768918602364876,False
130430,26,-0.01759014836613838,0.027530927537016393,-0.07199067480120856,0.035349820666406746,False
130440,12,-0.027321749131950013,0.028181658926375683,-0.08346259551843305,0.028898462673656266,False
140002,37,-0.0006327445183675296,0.025532688738723212,-0.05005273590723492,0.04919958277739383,False
140005,49,-0.025850452293533947,0.02531258775616496,-0.07560801740689284,0.024067778759173465,False
140010,417,0.006221939557942972,0.018012589530255425,-0.029204407800271504,0.0411006376520368,False
140015,23,-0.012416073580531302,0.02753630870021978,-0.06674480434069419,0.04122712176831261,False
140017,21,-0.04824608325855894,0.027457396776440896,-0.10227615161560483,0.0049851719983423,False
140020,27,-0.026151335076342142,0.026481682273430986,-0.07870342631745003,0.024789505082558557,False
140023,7,-0.028610230049906964,0.02910398076185798,-0.08572221868204595,0.028217962253845007,False
140028,6,-0.032013224311509256,0.02858944012166832,-0.08892615876366716,0.02512834256687149,False
140030,23,-0.023466451989824926,0.026573191191482933,-0.07553755321620796,0.028167554215547258,False
140040,31,-0.001947599459819284,0.026065179253169243,-0.052553054079009384,0.05011165884252733,False
140045,39,-0.013838987584063602,0.025844535188527407,-0.06438854795973414,0.03666357581660739,False
140047,35,-0.021356475722163325,0.02564015042467234,-0.07057749636549636,0.028381534917740786,False
140050,9,-0.022044252983390456,0.028272194075217524,-0.07642906354380588,0.03294433730139444,False
140060,5,-0.027452851638384155,0.02798275431798768,-0.08089066243874221,0.025931950407508016,False
140070,28,-0.0034199035484290914,0.026613025723626366,-0.054873658615146155,0.04922946876621174,False
150010,157,0.0002456064317273587,0.021271576776492652,-0.0406711198417121,0.04215088220629917,False
150013,10,-0.031921443178472474,0.028167442528397278,-0.08799179539166957,0.02370141902974195,False
150020,53,-0.04045653630237522,0.024717327992088537,-0.08958447389798707,0.007472803518986536,False
150030,42,-0.030169202896658733,0.025530397719098437,-0.08035504792728158,0.01996002570288774,False
150034,19,-0.016547357147522913,0.0272537589599245,-0.06989597429728742,0.037222141933345214,False
150040,126,-0.032982707690973716,0.02228599208008309,-0.07665058625604146,0.010576699177502792,False
150050,54,-0.013332184627888806,0.02473950056484409,-0.061242252260287844,0.035098320340008024,False
150060,107,-0.048234826296389706,0.022307607835896803,-0.0915283923728794,-0.004674500219832585,True
150070,54,-0.03767717922367201,0.025575849238811146,-0.08813612606695284,0.012630559617906151,False
150080,461,-0.0528687099219392,0.01803817726638183,-0.08778996563665067,-0.017766901296418083,True
150085,44,-0.021526905569670247,0.025220307855723836,-0.07188685633874087,0.02857139237430631,False
150090,55,-0.015803558486127956,0.0254117168078838,-0.0667189554439335,0.034482256914088794,False
150095,20,-0.03319304955589583,0.02781276805619488,-0.08818525748435703,0.02143925849516248,False
150100,17,-0.006474663006440064,0.028098579448244315,-0.0623312115946206,0.04753080774542462,False
150110,32,-0.005348451990713151,0.026173210873001927,-0.05695549385917683,0.04689012868115461,False
150120,41,-0.05335874061316019,0.02581469818182952,-0.10541771987844294,-0.0017211922010353833,True
150125,3,-0.024340582186155587,0.02902714806252777,-0.08155353095729448,0.0319896804494826,False
150130,107,-0.015136423973253333,0.02274376277142287,-0.05943094549005282,0.029383738506090034,False
150140,1010,-0.00588163341484695,0.01620517315847126,-0.037486233321709986,0.025560956180279707,False
150145,30,-0.002214298977036398,0.027371573233661316,-0.05588444575794898,0.05206069681818381,False
150150,53,-0.05306985233766289,0.024396111771972193,-0.10097195584174853,-0.006492304013593471,True
150157,11,-0.040247729359953854,0.028350410874628744,-0.09651192074723812,0.014414463420750262,False
150160,8,-0.04230453622685533,0.027529867850262568,-0.0970433038744636,0.01250746008996821,False
150170,146,-0.03045442940807565,0.021469839547396875,-0.07260405663669597,0.010533731050792155,False
150172,8,-0.02155506483011502,0.02807929448173922,-0.07576645352097901,0.034162811371751256,False
150175,4,-0.03839379600704784,0.029328808373255112,-0.09642763200288064,0.019791486026581973,False
150178,33,-0.039741809776634426,0.026978636701630337,-0.093073235348143,0.011664557604455485,False
150180,182,-0.035301403076238386,0.019969601526936012,-0.07463934815530075,0.003938648897983111,False
150190,27,-0.021011724492505452,0.026956214781682454,-0.07390034930379998,0.029669213293187266,False
150195,18,-0.023190164432487156,0.02780005286742276,-0.07852833650315869,0.031784442135739575,False
150200,24,-0.024213574798077165,0.02699537773085889,-0.0772634109421114,0.02862093189804457,False
150210,175,-0.032332244665911516,0.020916835157609597,-0.0735057703230393,0.00960222340309356,False
150215,91,-0.054826806868611355,0.02258467139541697,-0.09854630163467831,-0.010399253335905922,True
150220,77,-0.021364530224114966,0.024061008548281918,-0.06918998633269219,0.02628282392860941,False
150230,46,-0.021382824394535798,0.02560243815897528,-0.07069701687530677,0.02903360102277987,False
150240,173,-0.03391556219448152,0.020991170568543435,-0.07422577666088553,0.007162100848057082,False
150250,14,-0.02358648110338639,0.026930004965295844,-0.07689947732330657,0.02910968983416935,False
150260,8,-0.014314511523223395,0.027827077595381736,-0.06851700359064779,0.03916549168822962,False
150270,49,-0.010384364274112115,0.0249726148010718,-0.05884529491935198,0.03981517076985229,False
150275,28,-0.04299751762016084,0.026550830310643304,-0.09582266105966249,0.00892611146897247,False
150276,16,-0.028528078947030442,0.02801324655235481,-0.0826303445353254,0.027331148938888956,False
150277,22,-0.019610373901973958,0.026857018470639142,-0.07252115762058985,0.03380053578030305,False
150280,57,0.007398112170556125,0.024368007166356773,-0.04131136042646798,0.05543395242595077,False
150285,16,-0.015404980304923484,0.02795813659308535,-0.07076175297868945,0.03958026467719201,False
150290,37,-0.016436423631467193,0.02518825700004678,-0.0652308170568089,0.03324694148517007,False
150293,32,-0.030397677833940616,0.02587089582674366,-0.08121588435283016,0.020346764684222224,False
150295,26,0.0065201494410673175,0.02657977586979416,-0.04595332101371103,0.059375944028165435,False
150300,14,-0.02474013925946223,0.02880715118973827,-0.08192444353722164,0.03125279608554327,False
150304,15,-0.0211818859378216,0.027843944855446993,-0.07514799585754867,0.03385292485358307,False
150307,29,-0.008808341228182668,0.026798085471334096,-0.060417626696128594,0.043826893713515926,False
150309,26,-0.020385693189750705,0.026629629385713647,-0.07190415396343887,0.03268692199262097,False
150310,33,-0.013864062214972436,0.02627876809467891,-0.06422550702181336,0.03771626929046755,False
150320,38,-0.006401656944663737,0.025856554735622452,-0.05770449345926996,0.044763745431363994,False
150330,57,-0.008196987561720381,0.024359512142615735,-0.05559941633739208,0.039453261671002486,False
150340,10,-0.02253982725221518,0.02883454735289398,-0.07982007313239807,0.03356779971703948,False
150345,36,-0.04529985430377494,0.026253752805038312,-0.09767503379323575,0.006528466407374461,False
150350,23,-0.013400982265481077,0.027139149242622975,-0.06504633377127993,0.041667010787853564,False
150360,225,0.031024076320571997,0.020385508419131473,-0.008378202322328627,0.07167497570617402,False
150370,48,-0.036062861774267596,0.02572360954873049,-0.08700716473645713,0.014393758223891407,False
150375,50,-0.02922145771274554,0.024158254321877803,-0.07738271942580882,0.017939856633605127,False
150380,27,-0.01903783630968365,0.02637988946845426,-0.06998039469081652,0.032588004894621145,False
150390,94,-0.035242455923247235,0.02318570884608837,-0.08141987838541925,0.00952971330648445,False
150400,49,-0.04393518668653352,0.02547947733507512,-0.09469560626643946,0.0074282307140478105,False
150405,31,-0.023268548835865335,0.02647709055156706,-0.07541390189083629,0.027988491314330954,False
150410,4,-0.01886624868855013,0.029195148838714727,-0.0762552818805974,0.038300516530614205,False
150420,272,-0.017661374631207698,0.01921475425485322,-0.0550755993137758,0.01897742660405072,False
150430,30,-0.01400850470059967,0.027027078019094188,-0.06619149104306508,0.03827405470209182,False
150440,23,-0.023051899080249457,0.027808468219271472,-0.07852730894704824,0.031585529741612536,False
150442,88,-0.028774820938516216,0.023642076467636025,-0.07509785959522858,0.017593314207991373,False
150445,19,-0.024539078920662254,0.027777666958720332,-0.07887980696361666,0.030495710797072934,False
150450,46,0.00772166706144098,0.025490080460077735,-0.041800435974383016,0.05666077393129172,False
150460,45,-0.042057086198517835,0.025279373659292156,-0.09176898381940722,0.0066692487228022556,False
150470,88,-0.027832144024926345,0.023100744378467306,-0.07303687218555373,0.01759491336687138,False
150475,18,-0.038735552408744545,0.027367994236387812,-0.09358031596773336,0.014536231957690937,False
150480,93,-0.011173093854185016,0.02308789859501119,-0.05569430402028599,0.03431790295277302,False
150490,51,-0.031924413878113275,0.02525334345788897,-0.08249534129224602,0.01714044506763485,False
150495,15,-0.021962515020963774,0.027748475345424888,-0.07531262279698267,0.030766209543855564,False
150497,11,-0.028008821294195012,0.028259166800360926,-0.08456302925033483,0.027212675375237385,False
150500,4,-0.01691501766410448,0.02893360272547624,-0.07305629146574041,0.04137143430521376,False
150503,42,0.0018178142966255094,0.025380032114545426,-0.047413833031691284,0.05153841843328,False
150506,62,0.00248471085613234,0.024581634040655,-0.045451088970629286,0.05110150709361581,False
150510,69,-0.010129864907304808,0.023921379535123136,-0.056446579424375545,0.037140728874895126,False
150520,57,-0.014171058727657249,0.025233752698903343,-0.06382371585563341,0.03641899205094014,False
150530,134,-0.032942588806476096,0.0222367396277356,-0.07633177809642742,0.009428012741905639,False
150540,19,-0.01161134426387351,0.027179973400507377,-0.06518646376171468,0.04129041957878719,False
150543,42,-0.00999720921756742,0.025868599969752052,-0.06075225898825739,0.04054037776902264,False
150548,33,-0.02477030830530296,0.026431685489338407,-0.07603475879435276,0.026682247786365767,False
150549,4,-0.026988841000722852,0.029231060670919424,-0.08420026007604621,0.030522051420030817,False
150550,100,-0.02260199102690644,0.022757602552819826,-0.067795335933795,0.022559672258412593,False
150553,273,-0.032178697202195385,0.018734958538762995,-0.06812146476117467,0.00483353103778714,False
150555,7,-0.027253395171566996,0.029294800946810192,-0.08439038689277459,0.03129397416398161,False
150560,6,-0.027475467199822384,0.028428493999628223,-0.0829232297388046,0.028322727840709872,False
150563,8,-0.027314834532168174,0.028072013341652078,-0.08214397308558612,0.028287564586117003,False
150565,18,-0.016251010186461842,0.02774872395612189,-0.07033027188307053,0.0377944950602858,False
150570,14,-0.016278020702247563,0.027874160883749326,-0.07244100284213315,0.03880675484356009,False
150580,114,-0.004070008761862228,0.022677795858169654,-0.04835819477459172,0.04081762150993902,False
150590,52,-0.009865141574740588,0.025275137045400017,-0.05987111571098025,0.04002066665693194,False
150600,50,-0.03663572096249916,0.026015630643785568,-0.08809060900545199,0.013368004938833116,False
150610,11,-0.030370668810132638,0.027837004933502347,-0.08427068373188151,0.023528985179792298,False
150611,11,-0.016046840852556015,0.028173051956797538,-0.07099564780708414,0.039244991722706984,False
150613,110,-0.028673241913381945,0.022828314144426855,-0.07335067741283197,0.016135080819116077,False
150616,11,-0.00914070737933142,0.027283034931882732,-0.06236574738169983,0.04440636236308779,False
150618,39,-0.045584675287596584,0.025542777265944696,-0.09610168549740257,0.0038348878282431506,False
150619,31,-0.005990071559033297,0.026264332828750833,-0.056366829617983207,0.04495732718090814,False
150620,22,-0.031043220264126935,0.026892260258945724,-0.08321706275989792,0.021299454888003364,False
150630,18,-0.038599051048950894,0.0273862032322399,-0.09333633817253051,0.01441763278998433,False
150635,16,-0.015261228159718266,0.02762059127856552,-0.06910248148771982,0.03868069399043331,False
150640,6,-0.020652609486900203,0.0282103873689183,-0.07629910676313832,0.03354103956630541,False
150650,52,-0.026740632261694288,0.024811369497775626,-0.07479854803368736,0.02193864859224833,False
150655,15,-0.034044503439024744,0.02783123723792122,-0.0896722818623292,0.021451446325021408,False
150658,16,-0.01800139675018949,0.0273803907051025,-0.0721744976440279,0.03477302934289917,False
150660,30,-0.007461600834443276,0.026947575307516992,-0.05947892143473017,0.0446408781200958,False
150670,42,0.005042379093309442,0.026154394529789397,-0.046241717869983906,0.055976056631141025,False
150680,511,0.006467870760132335,0.017555939306096138,-0.02734526527678417,0.04123852871698092,False
150690,3,-0.026014678007818478,0.028286106218017935,-0.08110354836277589,0.030452344061401772,False
150700,27,-0.025427996067772008,0.026393875854004687,-0.0769070818013731,0.026362905817058104,False
150710,12,-0.013924123546351195,0.028906330502790123,-0.06961442238169105,0.043419651998452075,False
150715,17,-0.02785355008527544,0.027487155351924527,-0.08073174638719716,0.02501751097631086,False
150720,20,-0.03739529604246803,0.027017572518495646,-0.09194580016846561,0.016055997022940867,False
150730,63,-0.014590743865882815,0.0250750740455143,-0.06447924825106499,0.03486089136233466,False
150740,18,-0.011831606666974324,0.028107001926513452,-0.06670365603931208,0.043668590618949496,False
150745,19,-0.020491400653335594,0.026557500549642274,-0.07166684366755526,0.03173117125714673,False
150746,5,-0.01731234379593902,0.028634220409597785,-0.07296501671952517,0.0386949324234222,False
150747,17,-0.019887524315440528,0.02755786519823576,-0.07450541910831221,0.034279945728890995,False
150750,9,-0.03084639560109875,0.028022761974865376,-0.08654373797872823,0.022882492414902433,False
150760,61,-0.052172884673934515,0.024717695128771353,-0.10093148266091585,-0.004858025243135549,True
150770,21,-0.03558816156759172,0.026117998104832865,-0.087002118812988,0.015855338794604254,False
150775,6,-0.020537016746468743,0.028453803782749452,-0.07656655855680905,0.03671972522880987,False
150780,26,-0.021951246827585588,0.026893649342084595,-0.07483827395661452,0.029883389856933347,False
150790,24,-0.03727107896853307,0.026235791974492585,-0.08754785453157767,0.013261533452588894,False
150795,103,-0.005998258469021177,0.02256182763963759,-0.04969292323289086,0.03872716692952343,False
150796,8,-0.0025248591117745527,0.029276847036030125,-0.059120399082011686,0.05564015019911407,False
150797,19,-0.041506194472220634,0.027925765034923198,-0.09679317492493282,0.01261202180323755,False
150800,75,-0.017003148337762647,0.02366131687366696,-0.06372928668371695,0.029823833318673578,False
150803,36,-0.004062067321642101,0.026396637569449745,-0.05538994552025824,0.04826063175962132,False
150805,23,-0.02875936071969178,0.027250880527062545,-0.08100462796965639,0.024034960331223668,False
150808,58,-0.04328654151365055,0.023946133528722383,-0.09102160694139433,0.003417717081764236,False
150810,91,-0.006941777206783237,0.02318116467849475,-0.05239934103075767,0.037792945085374965,False
150812,24,-0.029677325332235382,0.02721510734254022,-0.08392889689035397,0.022932533775004846,False
150815,55,-0.015923964594894518,0.02511543485082734,-0.06677194583597154,0.033743088639489965,False
150820,35,-0.03424664461552417,0.026419770311480118,-0.08690860588101387,0.016268404698945728,False
150830,75,-0.03153143735614329,0.024201899743715147,-0.07873252457545904,0.014511426339578857,False
150835,17,-0.022559728541829714,0.027371160900018596,-0.07642409872269632,0.031191775658221194,False
150840,55,-0.021737566494092395,0.024166215704020493,-0.06798250088554972,0.02634804569968605,False
160005,1,-0.02354300129701626,0.029629852553578452,-0.08199759449230894,0.03473299004321358,False
160010,3,-0.022034130141923503,0.02928391584810571,-0.07931890447394734,0.03472085700112558,False
160015,16,-0.02566569694798069,0.027371674277946848,-0.07958297862160853,0.028522244088581082,False
160020,14,-0.011622814589601939,0.027621321238467455,-0.06540023069117906,0.04278641064691725,False
160021,10,-0.030198733947546547,0.028652593062972867,-0.0867885154707716,0.02695192587024544,False
160023,14,-0.01195404619464388,0.02771742580933273,-0.06538345162600723,0.04184030011710258,False
160025,2,-0.024446021840683334,0.028785198502301285,-0.08150752645669498,0.033170868402384646,False
160027,59,-0.03624045863297212,0.024935300523769053,-0.08520864924247554,0.012009638774743925,False
160030,455,-0.05933550466670922,0.017881001223259835,-0.09410872228641927,-0.024807557877556848,True
160040,27,-0.03179056943942276,0.02664914869379468,-0.08446985391926486,0.020579751076207076,False
160050,43,-0.0015966100879380126,0.024929712063500406,-0.05013470169546952,0.047416468955508065,False
160053,17,-0.01721269953376023,0.027393655947586793,-0.07133048617887151,0.03745277591021865,False
160055,2,-0.015561353294999292,0.028840908398957178,-0.07131580004693522,0.04165411330908361,False
160060,139,-0.02072728306476874,0.021661269289383483,-0.06360265548707003,0.021601379563513937,False
160070,15,-0.009280893592607992,0.027644733192102016,-0.06407201429679205,0.04516821738772374,False
160080,21,-0.024472110624423057,0.027421538382783887,-0.07833932809566975,0.029096401069245964,False
170025,1,-0.01980220265188311,0.028451170577286317,-0.07433896490768123,0.03635654161262848,False
170030,1,-0.021949372401050462,0.028987260380780616,-0.07879431990432748,0.03429893710179485,False
170035,4,-0.01615368003527431,0.028609306340747053,-0.07269664500978633,0.038433964407489016,False
170040,3,-0.022225516757686956,0.028440226145558963,-0.0780001404391277,0.033200295435643665,False
170070,5,-0.0193095967161092,0.028938066093570473,-0.0763934786132149,0.03774715793354841,False
170100,3,-0.023607840822916344,0.02899613286206003,-0.0801109453855569,0.03336845320625821,False
170105,4,-0.018447686084031484,0.02842709236055089,-0.0749578891852049,0.0369342730479735,False
170110,2,-0.023818609591047504,0.02856582542254564,-0.08097076655776579,0.03233321024760944,False
170130,0,-0.022122915187703762,0.02952540354891534,-0.07815630959659677,0.036121761353837746,False
170190,5,-0.019859136664918918,0.029070529683058278,-0.07741626113996014,0.037096597280818794,False
170200,3,-0.018540926378524735,0.028130662163609873,-0.0734256594924138,0.03630945477285934,False
170210,134,-0.0144281273957826,0.02164966777726134,-0.05717916944640171,0.027223341815991498,False
170215,4,-0.02158985795039096,0.029171542802158546,-0.07924256327469571,0.03485485239321148,False
170220,15,-0.006002903880331896,0.027714618357903904,-0.0586650704369509,0.04917054808003813,False
170230,0,-0.02212303004911747,0.027985659709165788,-0.07730164054370744,0.03158644518221475,False
170240,4,-0.012077257516904407,0.028505886911879767,-0.0675514213911349,0.043108052775876086,False
170255,13,-0.03180935569742666,0.027518281462351815,-0.085945328416813,0.02238416426670602,False
170270,4,-0.029749067079322615,0.030019502804857313,-0.0894204023288433,0.02873763576789974,False
170290,8,-0.017275013960571725,0.02861187832156855,-0.07352209923342165,0.03869952198015842,False
170300,8,-0.026174724410757258,0.028841282475982635,-0.08405366806005025,0.030348342075437636,False
170305,2,-0.015958860979428276,0.027834312118902103,-0.07098879697902102,0.03901054182424311,False
170307,6,-0.023807814538506583,0.0284652482949129,-0.08027500568270443,0.03203630873311595,False
170310,1,-0.023788859429115423,0.029069076179877227,-0.08112685900361141,0.0325324175434331,False
170320,1,-0.01725719586504051,0.028422917705973688,-0.07157711616931085,0.03807153627360135,False
170330,2,-0.014090216537528597,0.029421312943812523,-0.07092230354362299,0.043535670989852775,False
170360,1,-0.020711335073360322,0.02960997575220199,-0.07794664454508168,0.03748526615050727,False
170370,1,-0.017630324150011995,0.02907846890791017,-0.0733887772610947,0.039118804524689126,False
170380,3,-0.022264587753419468,0.028658591175620914,-0.07872258625582576,0.03410820878776745,False
170382,0,-0.022026930084052775,0.028935984018081375,-0.0799665933584785,0.0339833926014836,False
170384,9,-0.025063145465376545,0.028348397271679152,-0.0808202529833975,0.0299291858997621,False
170386,1,-0.021528812297115178,0.028157957321499127,-0.0767114232321571,0.034197998880770214,False
170388,1,-0.017237645598206997,0.02912294954991135,-0.07489003716601071,0.04077103038039821,False
170389,3,-0.02173305980684727,0.02924685714924735,-0.07964393807119809,0.0349803986904399,False
170390,6,-0.02049592768710737,0.0293227410821668,-0.07787921961046426,0.036379411554410004,False
170410,2,-0.026725261520423014,0.02857538259135083,-0.08191624938617931,0.027903682911956773,False
170460,0,-0.02250807879049904,0.028879187927088452,-0.07909759100066173,0.03480677637340044,False
170510,2,-0.02493697804629068,0.029119874261459518,-0.08159315527563686,0.0323002237139199,False
170550,30,-0.004349175480226642,0.026112907601114507,-0.05463733961591845,0.04686703189760905,False
170555,3,-0.01850348444391414,0.028419900388373914,-0.07301215005375004,0.036917553104286106,False
170560,4,-0.018152685707274165,0.02844479899920276,-0.07320430352719275,0.03727623729135079,False
170600,3,-0.017936694917266703,0.028993916726418715,-0.07418975798236978,0.03934979185441672,False
170610,2,-0.023583271229579702,0.028620961313226348,-0.07817482872184287,0.03215660793075282,False
170625,0,-0.021990840069248653,0.029638742333982043,-0.08057082618105456,0.03630654491196449,False
170650,3,-0.018516989649123815,0.02894431920365092,-0.07657870915389524,0.03767148737802055,False
170700,9,-0.020889073622502852,0.028048742350035148,-0.07598591284947384,0.034411677058705493,False
170710,4,-0.02123454483677848,0.02926448679635788,-0.07906525927725105,0.03591295604349465,False
170720,4,-0.019077863941204566,0.028913821765417746,-0.07596837021668433,0.03815634960220206,False
170730,2,-0.01520475258416332,0.028451798938427794,-0.07082917871417703,0.0408746841678199,False
170740,6,-0.017407519530724728,0.028172854916548522,-0.07212972628022991,0.03725145903221987,False
170755,3,-0.017309168021221927,0.029124826843935435,-0.07387341628026164,0.04136250166209156,False
170765,4,-0.022181840230865817,0.02828213126934397,-0.07786098339043267,0.03341392096821985,False
170770,5,-0.02675550897405535,0.0283423762625016,-0.08335674567227319,0.029456244853992723,False
170820,7,-0.02107112470990604,0.02814971137276748,-0.07661984141839964,0.03476466792199969,False
170825,2,-0.026759476409129245,0.02906707173934071,-0.08425475578211138,0.02915188256989466,False
170830,1,-0.01790332009379978,0.028841542591829774,-0.07360076732696513,0.03835878757544412,False
170900,10,-0.011725327765317381,0.027636534680254822,-0.0655077528454308,0.042345087892049986,False
170930,10,-0.003762592972533535,0.02763971021316141,-0.05866609185422638,0.050794732388255506,False
170950,33,-0.016528449677475656,0.0257468862115072,-0.06704320488559021,0.03369415441759882,False
170980,0,-0.021797833943454786,0.029062547565861966,-0.0777176006509951,0.03548854626446231,False
171050,9,-0.02456180512994995,0.028604470249247886,-0.08125853565356599,0.031157616671196008,False
171070,2,-0.02367358593622429,0.028502712236072418,-0.07835488721157322,0.03173143964695685,False
171090,2,-0.02425592668582693,0.029735729382244957,-0.0834626229699615,0.0330013505746463,False
171110,1,-0.022914877568636853,0.028619066543495674,-0.0790444604692531,0.033226699200477036,False
171150,3,-0.03024579545763976,0.029307674284360586,-0.08873019958468766,0.02669065916580633,False
171180,3,-0.018832130177977607,0.02925652025689369,-0.07446286647802833,0.03852417183846904,False
171190,10,-0.029692658307861317,0.028466919412853536,-0.08572358206554517,0.025076802779080903,False
171195,2,-0.02129949468620532,0.02928433337769352,-0.08131090010342137,0.036030188965739354,False
171200,4,-0.024666186330476923,0.029454675958404324,-0.08253375481268901,0.03309078723091529,False
171215,3,-0.016951512538745495,0.02845076205782423,-0.07157507533533823,0.03847345905166224,False
171240,1,-0.025893746817624942,0.028870759418276448,-0.08231145626156793,0.030235456708009128,False
171245,2,-0.016209671429312972,0.029131686698903318,-0.07292656916315252,0.041095140020770714,False
171250,4,-0.02685225978488204,0.028298567851396884,-0.08132587852398653,0.027865849185576073,False
171270,4,-0.02680016073501149,0.028680076047840935,-0.08285406838617157,0.029663296578898577,False
171280,5,-0.02176592441850017,0.029521188208800692,-0.07999951396075211,0.034879771422334636,False
171320,21,-0.0015002258790547199,0.027541972740150612,-0.056210731782426526,0.05373452630423617,False
171330,7,-0.036139545914247624,0.028492083608093254,-0.09107943076780847,0.019295397333726344,False
171360,4,-0.017049263887031117,0.029171903036558998,-0.07379001749336137,0.04028326787893718,False
171370,1,-0.021849170004023383,0.029506240077911222,-0.07987533523880548,0.036475952178945094,False
171380,2,-0.016387745289444866,0.028925436581784883,-0.07319460323480333,0.04118605905894678,False
171395,7,-0.0212509188418074,0.028518627762305387,-0.07714706561658853,0.03486098028964596,False
171420,4,-0.02274332379840815,0.02867204192402547,-0.07854622743567409,0.03378637474710592,False
171430,2,-0.021973288631193414,0.02992047104436222,-0.07990331080534452,0.03606798918823926,False
171488,7,-0.013378780946396163,0.028575136272381056,-0.06912384757815283,0.04333780132417576,False
171500,0,-0.0216781613661695,0.029590865874730927,-0.08059429007695308,0.03703757546960714,False
171510,3,-0.02867264460558068,0.029052147289175198,-0.08615950654834997,0.027499985391463772,False
171515,1,-0.024998830008938062,0.028879752398713227,-0.08191463327173107,0.03287459870874398,False
171525,2,-0.02240680342442775,0.029024950771297076,-0.07909957857920222,0.034448784523960954,False
171550,0,-0.02238581891741373,0.02858009713000721,-0.07786372133767654,0.03255346594120086,False
171570,4,-0.008739147629088513,0.02960137256994168,-0.06623445713560944,0.05009554631476922,False
171575,4,-0.019401752851797745,0.028660212749294926,-0.07580120636120374,0.03675853353492016,False
171610,27,-0.007770833542678624,0.026278968390812566,-0.05947209150929055,0.044543598928884785,False
171620,8,-0.005072688518438738,0.028408370413183354,-0.05896460141787763,0.05207921117127399,False
171630,3,-0.018867440963003478,0.028771196379280918,-0.07551883590811301,0.03713364838346423,False
171650,17,-0.0005483788315043365,0.02786862593991982,-0.05636886446954097,0.05441642827770533,False
171660,4,-0.02057872539518599,0.028219445355832394,-0.07577062480435294,0.03419909354939278,False
171665,2,-0.023584735933981454,0.028443868084892163,-0.08026983575344904,0.0330467210882553,False
171670,1,-0.018341248079472423,0.028818294929563067,-0.07483862975441165,0.0391635163934739,False
171700,2,-0.019382173728488827,0.028680542687262896,-0.07544784463064291,0.036026936038789203,False
171720,0,-0.02222341318810983,0.02934043588726369,-0.07988467611519583,0.03646928369839473,False
171750,3,-0.020787716237818478,0.028776493254366237,-0.07733428119538503,0.03735054578890476,False
171780,0,-0.02183547494583943,0.029420156056414747,-0.07938320600459355,0.03691581229116316,False
171790,4,-0.02201363650524016,0.028551927717230585,-0.07793097238525294,0.033295435711719355,False
171800,0,-0.021701969575174278,0.02940318718874411,-0.07906598919450156,0.03801501315854906,False
171820,37,-0.023131082939426277,0.02533714515123768,-0.073827957059167,0.026607437259311133,False
171830,6,-0.01851372920277231,0.029005795688066365,-0.07492773391288478,0.03864788168717875,False
171840,0,-0.021638175554770454,0.029336445076571044,-0.07791695318911851,0.03523400855708445,False
171845,0,-0.02182976966101465,0.029125332356105454,-0.08038385034080169,0.03531815186460971,False
171850,6,-0.03666858555290427,0.02903530019287979,-0.09283581880494897,0.01972859333517429,False
171855,0,-0.02078109820887332,0.029622544803652496,-0.07940953449400494,0.036982197242428065,False
171865,1,-0.02042898659663957,0.02888868209828922,-0.07705123935601019,0.036065005056048406,False
171870,1,-0.022875384402577716,0.029100162436854517,-0.08082780830917469,0.034809807659223715,False
171875,6,-0.028051230124328513,0.029349031797813507,-0.08601146134916574,0.02980250771063014,False
171880,2,-0.024808663998305884,0.029030292010198046,-0.08167007293969687,0.031535610380243856,False
171884,2,-0.024516620513445338,0.029567050398415153,-0.08210079268284358,0.03316463943446351,False
171886,6,-0.02747729860617118,0.02775474542526161,-0.08231594371639066,0.025993902829490614,False
171888,0,-0.022598621339234227,0.02934450079373782,-0.0806723938105595,0.03513025481358338,False
171889,0,-0.02208064126116297,0.02951798703778737,-0.08022432907132342,0.036124255213400513,False
171890,2,-0.019274717045977635,0.029818333015892345,-0.07751342582246212,0.0395220306267259,False
171900,2,-0.02229988239105954,0.028643554393454278,-0.07904129705139579,0.03395046088497347,False
172000,1,-0.018664183460213635,0.029571922024843583,-0.07696450303136555,0.03805433270052359,False
172010,1,-0.02408952954886689,0.02872182442510795,-0.08157509510777998,0.03229820333705228,False
172015,1,-0.026019972368198627,0.02899392780455262,-0.08335937494968845,0.0315905764339897,False
172020,9,-0.03388732632785998,0.02881878584505572,-0.09224042626790371,0.0217038837252703,False
172025,0,-0.022279122690252177,0.028801596667058973,-0.07838355690957713,0.033902178185528056,False
172030,4,-0.011085509435920984,0.028628768264384596,-0.06833358055408796,0.04521064190475666,False
172049,2,-0.017305801030613934,0.028514794790765498,-0.07293583923358066,0.03796168520145201,False
172065,2,-0.026977372067350274,0.02830304276947188,-0.08275319981890161,0.028649792201945374,False
172080,3,-0.01741583200269695,0.02902875029923205,-0.07451557056026308,0.03999359057588734,False
172085,0,-0.02223766812804098,0.02876149778568545,-0.07926155653841414,0.03489956371220517,False
172090,10,-0.017612234656558395,0.02872346241265926,-0.0757819146375115,0.03895573428405375,False
172093,1,-0.023307749551483074,0.028977057997296475,-0.08142953593960012,0.03367030170460129,False
172097,0,-0.022076202110242013,0.028288049025709774,-0.07855061260598901,0.03305235089005299,False
172100,72,-0.019460981946540532,0.023326790605841995,-0.06581355743558609,0.02547177167172574,False
172110,10,-0.029371390110904023,0.028904566436169964,-0.08582158692644279,0.027133519162341257,False
172120,15,-0.022117307032520656,0.027165977978998432,-0.07507973688690502,0.03063790576799517,False
172125,1,-0.018603586843421838,0.028808229714634398,-0.07593316135538875,0.03787785480218453,False
172130,1,-0.01861564227678615,0.02871694958312361,-0.07529461849789185,0.03790656210324248,False
172208,6,-0.019723555202938108,0.028285990238674272,-0.07500018586600049,0.03553538234018886,False
172210,5,-0.014756960540080067,0.02874117872167837,-0.0699560907405197,0.042490634084541776,False
210005,120,-0.05785664045807116,0.021872413115997656,-0.10118151776846393,-0.01571359013180353,True
210010,7,-0.035786062645698745,0.028534015626964903,-0.09355966095181503,0.019749285648850392,False
210015,7,-0.013623795242277376,0.028446146660021165,-0.06937174575324703,0.04260437265007439,False
210020,9,-0.01330498954921613,0.028437524382561936,-0.06827145162248603,0.04252125332461096,False
210030,28,-0.02529826116695927,0.026422749999905307,-0.07653083439762852,0.026270694793433164,False
210040,6,-0.028601897173629518,0.028378949340130695,-0.08342601089424988,0.027782724334811285,False
210043,39,-0.03827167646265556,0.02625679507614201,-0.08990992441750767,0.012970044915965694,False
210047,27,-0.018777626927761023,0.027102989941279635,-0.07174538846176816,0.03609459598339443,False
210050,13,-0.022200365597865965,0.02809948265321525,-0.07667254189004331,0.03384994882339753,False
210055,7,-0.019680809937497712,0.02827139846566219,-0.075842014106349,0.036038212173061204,False
210060,55,-0.0327666438304254,0.025772363333814826,-0.08446105635404,0.016790044775733613,False
210070,20,-0.011707623156764152,0.027174912767365778,-0.06434427764854293,0.04027340174908013,False
210080,22,-0.022531579218446847,0.02709404371747741,-0.07642738408561892,0.03001757086661565,False
210083,22,-0.03906234498546715,0.027005237989940877,-0.09202965432594493,0.012540724851783341,False
210087,10,-0.02527239928175371,0.02782150505055763,-0.08086459717203046,0.029167627494235675,False
210090,21,-0.03335296139243873,0.02742833286328293,-0.08712277810621044,0.021579147687582213,False
210095,49,-0.020866683958061044,0.025259908638220033,-0.06968140027395771,0.027998361045263515,False
210100,20,-0.011332605894107511,0.026719569789743533,-0.06356860223094611,0.04085979069134386,False
210110,9,-0.013605329671265504,0.029066008541198764,-0.07147571222747273,0.042994773551747835,False
210120,93,-0.032807883250407475,0.023403760729231567,-0.07979210922453638,0.012815151107889694,False
210125,10,-0.017298423080583627,0.028454797663553112,-0.07162545682573095,0.03875979763258919,False
210130,14,-0.03506617495327796,0.028288423115068767,-0.08939218992448666,0.021047605145803644,False
210135,3,-0.018299846172045914,0.029304751128458453,-0.07550625889791918,0.039597316797069716,False
210140,166,-0.026963277644984355,0.020495290344308154,-0.06719080599718587,0.012766007424208303,False
210150,15,-0.020242032913905996,0.02751547058352643,-0.0753887070639909,0.03322831639754758,False
210160,93,-0.03016795524657052,0.023303343063328576,-0.07666743725237368,0.01537111864966081,False
210170,70,-0.0010998731940170486,0.02353299033178112,-0.04750821616817053,0.045239899838626835,False
210173,11,-0.02385240618911641,0.027855584687268575,-0.07850786513023626,0.0316133193723913,False
210177,12,-0.03950693145185607,0.028820165933418036,-0.09660027495670732,0.01725957529952626,False
210180,2,-0.019155414571947367,0.029333869403762234,-0.0778334776519958,0.039215968254798415,False
210190,11,-0.019679125621782822,0.027616788074524983,-0.07488385159856252,0.0351096036782605,False
210193,4,-0.02856396909873149,0.028050080517829517,-0.0846183929018746,0.027695151955240405,False
210197,4,-0.026912357515814382,0.029733930748576904,-0.08539233808926124,0.03184532481186578,False
210200,36,-0.0026361113079425152,0.02589268757062746,-0.053135189800915694,0.0479657130710191,False
210203,46,-0.029016174720057176,0.025731112066371943,-0.0793881037724496,0.020600472661184324,False
210207,11,-0.03294276559957417,0.027956768872771414,-0.08873120867373574,0.021073135205382006,False
210210,26,-0.027633836174195344,0.027062744920587904,-0.08032608880276937,0.025511283685515765,False
210215,7,-0.022890471324025392,0.028002577433011096,-0.07802676369510726,0.03166971395455381,False
210220,37,-0.0198594515865187,0.026830237651546684,-0.07355898152217343,0.03232409277755717,False
210230,13,-0.015427790133442646,0.027115752275482744,-0.06736001002366777,0.03954150728711672,False
210232,83,-0.02647355610016484,0.02329088162762549,-0.07209668143074224,0.0181210552478023,False
210235,19,-0.014121843984995748,0.027374914624701516,-0.0682384501913044,0.03928482117796658,False
210237,8,-0.02125404279001986,0.028076446812549907,-0.07597582758775934,0.03424197617928418,False
210240,6,-0.018675082336168602,0.028839145706387508,-0.07755330213763555,0.037881648901614134,False
210250,19,-0.026422115621782864,0.02727411449957676,-0.08007184300425822,0.02603232724269749,False
210255,12,-0.014390905502346186,0.028081463366733974,-0.0683680216923207,0.041005479544922306,False
210260,14,-0.01402192482668525,0.028256384393869054,-0.06923110133589071,0.04174585680447416,False
210270,18,-0.0379712302033632,0.026859197550792035,-0.0892004131555655,0.015373526551494878,False
210275,12,-0.02767838043726832,0.028147866871110656,-0.08237320459852152,0.02752372544618718,False
210280,20,-0.034237696830442636,0.027386959938004225,-0.08745496683109595,0.019807508360232148,False
210290,28,-0.01909020643424474,0.02675968026428156,-0.07038226042887129,0.03240709644000574,False
210300,140,-0.03881076758051165,0.022440211609501985,-0.0826028073384875,0.003789935191587063,False
210310,11,-0.01949621371791333,0.027944358163290613,-0.07352999799920795,0.035140001196483556,False
210312,5,-0.021540245839459977,0.02827945290212391,-0.07559413367385977,0.03407128580060624,False
210315,16,-0.028210872943962195,0.027928004161440572,-0.08340527084184775,0.025750222529154994,False
210317,25,-0.016265309025894834,0.02732684209811102,-0.06949110562514575,0.036997468217448516,False
210320,65,-0.047596561684833116,0.02452904135431556,-0.09609975072759136,-0.00023789597028447444,True
210325,10,-0.015199246357227072,0.028193855174443696,-0.07092468891653912,0.04003057455434631,False
210330,130,-0.014988740924639298,0.021538206487704305,-0.05678438963400195,0.027776186522014665,False
210340,59,-0.027712912297751337,0.024947079585294223,-0.07822496800124557,0.021655400133362826,False
210350,58,-0.0012292098532002563,0.02515265254266079,-0.04927918091739945,0.04839396655660414,False
210355,17,-0.023086860246891366,0.027712711707032264,-0.0766425762756705,0.03115098920467051,False
210360,40,-0.04426568334429334,0.026057206487885655,-0.09694021621377737,0.006420919100318313,False
210370,40,-0.018900889685493118,0.025933572350526696,-0.06879610931667375,0.03169221348812584,False
210375,16,-0.03000634153431804,0.02786973313668971,-0.08566005472623454,0.02428997700090803,False
210380,19,-0.022726209644163314,0.028026413223362117,-0.07846613356703787,0.03222276592814797,False
210390,5,-0.025731863141363533,0.028612661453351305,-0.08192077954665525,0.02964875228536456,False
210400,12,-0.015911401996507587,0.02780584563243115,-0.07114913431962099,0.04084233702648866,False
210405,35,-0.030754022289364212,0.026480435174920238,-0.08179883319367978,0.022516221613835638,False
210407,5,-0.03619350424094081,0.029029546090855427,-0.09244124535401783,0.02070793935786085,False
210408,28,-0.03906739841081423,0.02665348522430401,-0.09186681307415835,0.012456112808242738,False
210409,18,-0.026088330458044033,0.027726450099747117,-0.0811650487173088,0.028543869833251745,False
210410,13,-0.023454779302728247,0.027871278860441738,-0.07801464661056584,0.030068510202412777,False
210420,15,-0.018091707016205816,0.027099354874724087,-0.07197373776671585,0.0357356517954735,False
210430,12,-0.012498620065884057,0.028566555128210318,-0.06721617098795835,0.04196314967561869,False
210440,18,-0.0362902898435113,0.027863042983460706,-0.09256245712707036,0.01740448947736781,False
210450,10,-0.016328201357066054,0.027395984405742254,-0.0694581612912295,0.03709636109037477,False
210455,14,-0.014118878641717101,0.02838172283708124,-0.06991417562706834,0.04161186131726726,False
210460,10,-0.00586652411308652,0.028188774292084377,-0.06104616708599309,0.04909491706157576,False
210462,4,-0.020758497495271526,0.028661590757452723,-0.07635829575034028,0.03608933401093984,False
210465,8,-0.009660051613220224,0.0284652803304387,-0.06588474074142088,0.04691446578900055,False
210467,15,-0.022156501121551524,0.02778398487196206,-0.0763742270944122,0.030602753587722065,False
210470,8,-0.029340812941735198,0.029654790134780642,-0.08736478758151742,0.029594726865064695,False
210480,103,-0.03328956079775251,0.02300325546457903,-0.07754177077615503,0.011339235675948803,False
210490,11,-0.030873036880030437,0.028188175841250163,-0.08538333669759135,0.02376231945942713,False
210500,24,-0.025441713939580012,0.027026243920734265,-0.07954835395647707,0.027882654895774055,False
210510,29,-0.02825024828762372,0.02688103617664847,-0.0810149215172882,0.024132146586180698,False
210515,12,-0.03669873038888954,0.028126830489085278,-0.09199634152695568,0.0193984686953913,False
210520,11,-0.027144419292322947,0.027684600587298915,-0.08211035777312296,0.0273189141907268,False
210530,237,-0.021278723528220862,0.02022938540471299,-0.06051131861472587,0.01841300827607661,False
210535,16,-0.014526382739906389,0.028003686612434946,-0.07009961268594822,0.039829065263544544,False
210540,61,-0.046131026822283164,0.024547412051565774,-0.09514944573825236,0.002073957071803344,False
210542,17,-0.0239638848524386,0.028226232025366442,-0.07903099364983016,0.031041820267017236,False
210545,7,-0.019188387093485245,0.02866431209287225,-0.07429595595617675,0.03671287782278092,False
210547,34,-0.0063806821690207275,0.02727683429862038,-0.05976387086075044,0.0474266050388168,False
210550,26,-0.013988105802242258,0.026369445125168683,-0.0643465589209039,0.038711617255703726,False
210560,11,-0.027764712639650392,0.027798327738540934,-0.08285357015106705,0.026337389318520137,False
210565,3,-0.02572024216877555,0.028280670702878104,-0.08062601057500499,0.03025907161887496,False
210570,41,-0.03399662840953233,0.02543272456640752,-0.08414015002421397,0.014395957547491227,False
210580,7,-0.01626841724746734,0.02765249804861827,-0.07107936535237493,0.0381894980368694,False
210590,12,-0.015255880677273704,0.02768990541281025,-0.06913030498751889,0.03952031059495754,False
210592,9,-0.01978902087972987,0.028276531484484845,-0.07557008486687647,0.03599546840629073,False
210594,6,-0.018755564832775955,0.028625896041521375,-0.07394812399932105,0.038063972637738176,False
210596,12,-0.024026483612900818,0.026621258734118306,-0.07626858806973166,0.028937431695798977,False
210598,7,-0.02730769599689109,0.028106659294796825,-0.08323660188618799,0.029525631241744853,False
210600,11,-0.02143535395296817,0.027842093818465218,-0.0748343264697372,0.03242658078420234,False
210610,12,-0.032594200059939224,0.028218748248066337,-0.08732533568735895,0.02292996676601075,False
210620,6,-0.017248656587322032,0.028153336568613914,-0.07192136155890631,0.03835455549560497,False
210630,9,-0.017242384378273964,0.028375021851846326,-0.07196763781117645,0.038388813229805877,False
210632,22,-0.040775983895508676,0.027209146795005603,-0.09310326170016946,0.0129007743090844,False
210635,9,-0.027285033524158828,0.028752230842195574,-0.08502550478682266,0.027975512613200068,False
210637,5,-0.02097940491290458,0.028618126717970625,-0.07635940019962074,0.03513859778950339,False
210640,20,-0.03340162686707157,0.02734553979665145,-0.08915175624983428,0.01984567364331678,False
210650,27,-0.031068861656264553,0.026762339375914507,-0.08334017856159756,0.020585763368222366,False
210660,33,-0.029255751136109703,0.026348956069299972,-0.0814728633278872,0.02096731735234538,False
210663,6,-0.025150519597693776,0.028221713105682233,-0.08133113044074557,0.029076644903464437,False
210667,2,-0.016129358240760994,0.029721049561883203,-0.07390062446560669,0.04245182626212569,False
210670,17,-0.01688544485438701,0.027346735458184775,-0.06992602012063723,0.03658337859040453,False
210675,14,-0.02992004329599959,0.028006639307901086,-0.08627195416803475,0.024049519044024605,False
210680,16,-0.011361116462884088,0.02747153771948463,-0.06546924980307921,0.041855630863274415,False
210690,44,-0.0333064916126403,0.026114604111840578,-0.08422335532304608,0.01732236720837181,False
210700,10,-0.028938060410054787,0.028749546939633237,-0.08540695294809945,0.0277226284814354,False
210710,18,-0.01431733157568557,0.028250713215460105,-0.07132561361239904,0.04125976151303068,False
210720,10,-0.026919643862817123,0.029080735812996902,-0.08405578179615687,0.0287589467103355,False
210725,3,-0.022014534794347913,0.028283299998496235,-0.07625655247669304,0.034207633483998925,False
210730,2,-0.021026820993224733,0.028547901147357776,-0.07651269994731529,0.03413318534304138,False
210735,5,-0.0221333664652779,0.028450637639803395,-0.0776239915588938,0.03251736625564399,False
210740,12,-0.0358213174949454,0.027874499957780966,-0.08980024632847768,0.01790382811912728,False
210745,10,-0.028209695782284033,0.028192489641107852,-0.08305849245803976,0.027167136014290254,False
210750,82,-0.03165119328249863,0.02393193230191533,-0.07897730752922831,0.015231914323577624,False
210760,23,-0.03092268224339814,0.02740377369539288,-0.08512886419518412,0.02260056229535722,False
210770,24,-0.004184482075743547,0.026560423830906555,-0.056240725455368755,0.04918591416863047,False
210780,27,-0.03831605664254624,0.026894489830779272,-0.09168236137439097,0.013960713259709384,False
210790,16,-0.024893668665046723,0.027962129646010424,-0.08005133612733846,0.0293441349499561,False
210800,17,-0.010658772228580006,0.027557494871352832,-0.06408503930507832,0.043926364428330075,False
210805,11,-0.027523639973035852,0.02867114605489957,-0.08445666597444751,0.02697963630401387,False
210810,25,-0.03799627971830723,0.02754605715953675,-0.09319998438744506,0.015681701188330135,False
210820,25,-0.013868764035604102,0.026688154639871717,-0.06611991637313816,0.03755481444706264,False
210825,26,-0.02663305495184013,0.026107072064472985,-0.07858235965179772,0.025689333210183938,False
210830,60,-0.047993860374888585,0.02559195646752001,-0.09820050591645896,0.0014055798736585172,False
210840,12,-0.015184958930619243,0.02797115166077565,-0.07090957149302947,0.04035349527422746,False
210845,32,-0.015435965329572953,0.026507075907486483,-0.06693126251108514,0.03749886091465104,False
210850,23,-0.029180237000957267,0.025978914591706908,-0.07954000103807962,0.02284484537794164,False
210860,102,-0.0247930733031838,0.022996576236995005,-0.06962264482590017,0.020437344450896015,False
210870,25,-0.020054251501353856,0.026836093335854787,-0.07281834721701186,0.03221263563286637,False
210880,21,-0.048599485308108835,0.02790459300674196,-0.10318246881768703,0.0051975902906407,False
210890,11,-0.021222812081123695,0.028545876426466422,-0.07618253299783732,0.035922980850613496,False
210900,35,-0.04558830137390845,0.026460294705853173,-0.09788385227611725,0.005752315842129135,False
210905,2,-0.025620319194601084,0.02835512588370682,-0.08082809960594545,0.028468449203916422,False
210910,38,-0.008654046472440398,0.02526620500618328,-0.05768051993524368,0.041134101072786734,False
210920,6,-0.027399657822841286,0.02785784584405977,-0.08257896766175842,0.026338538073981056,False
210923,5,-0.02457957830473924,0.028714643157470736,-0.08125110261084172,0.03183414358845892,False
210927,30,-0.0211222883019788,0.027531750694279412,-0.07502527699515861,0.03367929396188175,False
210930,12,-0.016935845476358888,0.027879238843621493,-0.0709886812652997,0.038260428991412306,False
210940,15,-0.03005782246594578,0.027608483432136115,-0.0841435468926724,0.023488534608946843,False
210945,23,-0.029048416955823938,0.027056589062283674,-0.08219147917814024,0.023326775912266763,False
210950,16,-0.026633506622065276,0.02826100392399736,-0.08227117319148279,0.02746431249320073,False
210955,5,-0.015232632946916206,0.029210686293410625,-0.07252020696020728,0.04298746213548129,False
210960,36,-0.018673847196154673,0.025958520926134057,-0.0690594101774486,0.031847672867012414,False
210970,5,-0.02543302867974028,0.028926704811379104,-0.08121236373113401,0.03066744710777743,False
210975,3,-0.017329686700159018,0.028702312470678424,-0.07529352393028386,0.03804895251697126,False
210980,24,-0.020131368010658787,0.026313620936709192,-0.07056877686273029,0.03196937914687047,False
210990,87,-0.027933552584530237,0.023858333272828294,-0.0753297054651984,0.018433051015812364,False
211000,52,-0.026799470497285777,0.02489668665440883,-0.07539655710825034,0.02265305961659259,False
211003,25,-0.02202482839063014,0.027084295355607246,-0.07514554388909178,0.030375618849326196,False
211010,29,-0.01544367997724154,0.02662450279807791,-0.06763568656093275,0.03624040922014724,False
211020,37,-0.02871248183253439,0.0259075589331974,-0.07960210693460952,0.02213527310185076,False
211023,4,-0.022059947915419514,0.02894513500760625,-0.07866526213981923,0.03565396504709188,False
211027,10,-0.022494814621710275,0.028191545233940185,-0.07812520940892136,0.03181481725993248,False
211030,10,-0.015648380802611574,0.027994968740244368,-0.0698709871970904,0.03922805058746945,False
211040,23,-0.03134260207062232,0.02707733296610158,-0.08397868700916068,0.02129460039401658,False
211050,42,-0.040657780911060155,0.026777156889029843,-0.09425089742457128,0.011660675807152463,False
211060,21,-0.009189604803961972,0.02775553906176487,-0.06368667211852311,0.046416961459369674,False
211065,5,-0.01101873810186874,0.028993967896461297,-0.0674829191752295,0.047409560240943054,False
211070,22,-0.040754613679775065,0.02601877235475625,-0.09201199349533297,0.010347307304628484,False
211080,3,-0.022609314428547782,0.02889237870594932,-0.07988404265518247,0.03350989852771573,False
211085,5,-0.029384699754576995,0.028456131150250842,-0.08650147816978497,0.027170869566520872,False
211090,8,-0.014726259926932992,0.028975519068549397,-0.0704262471596761,0.04275844326089049,False
211100,17,-0.00480737319831685,0.027434168139628432,-0.058008262093170115,0.04947185591561873,False
211102,13,-0.01772870194042447,0.028386484128427418,-0.07270117106960053,0.039171112303344004,False
211105,7,-0.019765178903522904,0.02799566300079337,-0.07465603988562419,0.036040210268436644,False
211107,19,-0.017560311731964182,0.026966055853316153,-0.07093801382735765,0.03567466171502421,False
211110,17,-0.02536602210875651,0.027854519916713796,-0.07976011372373254,0.0298622388199653,False
211120,176,-0.006807276461404157,0.02064038909742804,-0.0474911925764582,0.034469622551514666,False
211125,7,-0.03244721826973308,0.0284857631111117,-0.08878770786087815,0.022519548594952175,False
211130,625,-0.03972109658176134,0.017180755899459107,-0.07351530317791254,-0.006000430826138421,True
211140,18,-0.021164838337686547,0.027651331778403596,-0.0750430159839436,0.033862646439223425,False
211150,33,-0.037508680154023026,0.026882608874196842,-0.09041334274963014,0.014694269928870128,False
211153,9,-0.020163899058161166,0.028333592230703218,-0.07512700525609006,0.0345885251262046,False
211157,5,-0.029711453953626423,0.028904148020177416,-0.086540405513603,0.027362429535972763,False
211160,28,-0.04673059222666202,0.02658264726737594,-0.10035341489542733,0.0066178793300766476,False
211163,7,-0.019113132729293113,0.028856586694271182,-0.0766452920729024,0.03772865806910486,False
211167,4,-0.022314944570614018,0.029099444447677508,-0.07957592287241873,0.03452220268469995,False
211170,13,-0.024996541472072257,0.02847395099418605,-0.0806607393323681,0.0313511626588158,False
211172,6,-0.01818716919435397,0.02821889113870324,-0.07291401638931679,0.03749378800123805,False
211174,7,-0.013261189959697295,0.028818498700588707,-0.0692547270876062,0.044002755630979405,False
211176,19,-0.04301616137369881,0.02758462014670906,-0.09783441287828588,0.011127831454898516,False
211178,11,-0.040610974911977724,0.028145723264651857,-0.09590407639777412,0.014983977606853537,False
211180,12,-0.03214325430078026,0.02758672653693887,-0.08663850413851513,0.021820221397540845,False
211190,8,-0.027091002388724323,0.028091945373292893,-0.08213123569220365,0.027821362390137657,False
211195,6,-0.019363393279632674,0.02887699158581076,-0.07558806734710129,0.03714788964490242,False
211200,6,-0.018491732269100915,0.027977628900237743,-0.07276776003115269,0.03729177915136337,False
211210,27,-0.026778367447415397,0.027168202675378183,-0.07946781241103786,0.026529425873683267,False
211220,108,-0.040427908932606095,0.021747372236610482,-0.08218235382935073,0.0014959667057988537,False
211223,19,-0.006352659667556824,0.02707108528985748,-0.05855606264148237,0.0485353350819729,False
211227,6,-0.019859852541793427,0.02833246420501784,-0.07427137216818533,0.03448248475195943,False
211230,34,0.0041995050818754015,0.02663864294739621,-0.04717123663918403,0.05665553731136826,False
211240,30,-0.026811699573564208,0.02580030839567849,-0.07860138527122658,0.023554544817638506,False
211245,19,0.004681850820920315,0.027311469106393357,-0.04829017888506764,0.0584274252885708,False
211250,51,-0.020748077546049782,0.025152319495532986,-0.07047978660526509,0.028616381224235293,False
211260,28,-0.023242069204688805,0.027158007012610324,-0.07576281096580897,0.029652907402090575,False
211270,41,-0.02275776775153104,0.02550083082969158,-0.07303364350429754,0.027078967179676804,False
211280,74,-0.04922123144977482,0.02453732093189962,-0.09693051856820718,-0.002242182610328805,True
211285,11,-0.01759472294069397,0.028121905595753775,-0.07146551344518241,0.037788196758763916,False
211290,26,-0.022252625708401818,0.026735216556273915,-0.07464366249348979,0.03061100765239677,False
211300,26,-0.014857761355888873,0.026617339635317473,-0.06711070393329689,0.038398086103418154,False
211400,50,-0.01829157937266365,0.025458013250981817,-0.06899378295408608,0.0315164216648176,False
220005,6,-0.030710835619488258,0.029222069465075322,-0.08848489303309374,0.025056395629729812,False
220010,3,-0.02221862070446321,0.02919372301675701,-0.07983074183080308,0.035559320489229024,False
220020,6,-0.028146528931964062,0.028146067157852454,-0.08358967036976556,0.026863157278455695,False
220025,7,-0.017937971680245544,0.028691580807363812,-0.07466998183744275,0.037487479267618445,False
220027,3,-0.022422688927075513,0.02940177099401086,-0.08056218035245377,0.034337503770934946,False
220030,1,-0.02301676841085064,0.02883011685570555,-0.08020493438098379,0.03305956708279065,False
220040,22,-0.014462503829979653,0.02696397415277223,-0.06637967722270274,0.03767604510463271,False
220045,5,-0.023716830636682572,0.029230954380591128,-0.0821565319170043,0.03439400376207173,False
220050,15,-0.021308635416657517,0.028192046524053174,-0.07619583295647227,0.03527366860018491,False
220060,6,-0.021473501231073597,0.02814064991264802,-0.07657027662226291,0.03341199019285113,False
220070,10,-0.02523285124985145,0.027703498820893475,-0.07914240932860174,0.02846268507242336,False
220080,3,-0.022784452942409758,0.028938847366406853,-0.0788288422910545,0.03314491949559199,False
220090,0,-0.021443989559913886,0.02851129297711137,-0.07678023375242413,0.034832237398599586,False
220095,2,-0.02570898831939636,0.02898723935910866,-0.08292244465096739,0.029800855523397198,False
220100,5,-0.020588364354617583,0.02783625822363375,-0.0744467767847049,0.034980333604338644,False
220105,6,-0.025680840042922908,0.028920976219498934,-0.08243203467238557,0.03081996202464307,False
220110,7,-0.02253040461939907,0.028011938790066568,-0.07702549183044828,0.031681878581972446,False
220115,19,-0.03424329344039449,0.02836886432033054,-0.08858881050215281,0.02091383177932623,False
220117,3,-0.019579175937083464,0.028822236397864402,-0.07473187919527301,0.03785477169720541,False
220120,38,-0.034292625496644025,0.026115946255089863,-0.08532642144975217,0.015767784581323774,False
220130,1,-0.019126845059259098,0.029245358231380088,-0.07686167610337644,0.038449975008626666,False
220140,5,-0.027166693668471235,0.028639369178256036,-0.0846636857874335,0.029776447711004343,False
220150,16,-0.01912256901444918,0.027753622842236245,-0.07247097656675627,0.036234888727755384,False
220155,6,-0.03482305112815812,0.028714189232902795,-0.09186847939443919,0.020939917052350075,False
220157,3,-0.027144851374301615,0.029152466326126114,-0.08596140202806488,0.02772544407777305,False
220160,5,-0.02186489110609625,0.029279520672776414,-0.080391772054795,0.03562890012537782,False
220170,2,-0.02667034506541933,0.02879185195958263,-0.08146698666113474,0.029551267894741225,False
220173,11,-0.009226203357826422,0.028982052063869577,-0.06660852308186511,0.04757801340365048,False
220177,7,-0.020294949960664183,0.028161496571536538,-0.07529101804012234,0.03580962458599632,False
220180,4,-0.027898465731679346,0.029031437953804085,-0.08464513685084771,0.02943015500150404,False
220190,19,-0.021415117287601277,0.027443305058856372,-0.07400304259505455,0.03253466489196717,False
220191,6,-0.025298625481101625,0.029097610695326778,-0.08451873371329816,0.03310234709967088,False
220192,1,-0.018519862989377547,0.02859801048273243,-0.07419664927253693,0.03762138678092486,False
220194,2,-0.027114187038092544,0.029260998022268597,-0.08628630671538803,0.029700895239276538,False
220196,2,-0.02009162849651334,0.028773464176174157,-0.07674213173342553,0.035864573219735026,False
220198,0,-0.02176479319666647,0.02864584629742643,-0.07722076532574323,0.035237109362952004,False
220200,6,-0.02557897585844135,0.02818512625316734,-0.08057745297274468,0.0282998091824278,False
220202,2,-0.023476778085561232,0.028828098852489294,-0.07987214518252321,0.03278756267005393,False
220205,4,-0.021944534373080676,0.02835539355591081,-0.0768672778155971,0.03260350780719687,False
220207,1,-0.024836828214750254,0.028387952827442945,-0.08082113128505368,0.030362647828276197,False
220208,3,-0.01859361704123544,0.028225909181468632,-0.07384025585480206,0.03643692795588463,False
220209,5,-0.025948675899146185,0.028749238890745592,-0.08283359132502845,0.031169801396677597,False
220210,4,-0.019394120045507654,0.028962583348420556,-0.07681591048208898,0.03822740672814973,False
220211,3,-0.025743485198102926,0.028828696720955223,-0.0810880114730631,0.030707781701997807,False
220213,5,-0.016007518656255874,0.0292022372179369,-0.07419149674119696,0.041275810270845724,False
220217,4,-0.028459957812094813,0.029154872108700693,-0.08630163471053277,0.029000769344392944,False
220220,17,-0.027357795139744786,0.027188656275007897,-0.08042683964457506,0.026841130453981225,False
220225,3,-0.027314430168343767,0.029023294081306,-0.08536038228005348,0.029177542054310494,False
220230,16,-0.02897198258813368,0.02813487065437927,-0.08367039572161265,0.026104315695398877,False
220240,2,-0.017734276574091257,0.028378454629867537,-0.07181813685023715,0.038883627745422276,False
220245,3,-0.026431073135731797,0.029191062364916587,-0.08193057484967609,0.02916152002228244,False
220250,12,-0.018768619872904176,0.028564119987103977,-0.0766146906691639,0.03753677710376436,False
220253,1,-0.017220198148882877,0.02810560078234895,-0.07330469623664145,0.03678801128567003,False
220255,5,-0.029219923890210435,0.029065858186283936,-0.08731579014275453,0.02860448807692449,False
220260,11,-0.015228166300883302,0.028077344673350838,-0.06995392655450482,0.03890126905277528,False
220265,6,-0.022714378584303224,0.028266435645140222,-0.07833305590048055,0.03292680825949605,False
220270,25,-0.010926542558877756,0.026719688350966872,-0.06225313758658294,0.04242575859925943,False
220271,0,-0.021337459244745963,0.028428201522090267,-0.07679464955076305,0.03300822858501565,False
220272,4,-0.01829524843886718,0.02798696768264526,-0.07339949076149718,0.036249596809771106,False
220273,1,-0.017685596196861036,0.029376843901486017,-0.07634103534756374,0.0389159245843544,False
220275,6,-0.028592012066388464,0.028639896474122444,-0.08503056018688639,0.027957968097422063,False
220277,3,-0.026260446878988764,0.028682936787240373,-0.08282297934074462,0.029869268093930226,False
220280,0,-0.021833090149380903,0.02878862038942892,-0.07881017758524897,0.03528830007806798,False
220285,3,-0.023777998499971687,0.029548099951780517,-0.08243922683394173,0.03422276765762343,False
220290,27,-0.019315981844951067,0.026914142843886962,-0.07325070090213012,0.03396006175401342,False
220300,7,-0.027702739029490598,0.028662934183610166,-0.08395244103104932,0.029728438835814393,False
220310,9,-0.029125296064175396,0.027236330458340275,-0.08295474958579102,0.02536597787822075,False
220320,9,-0.02534799120363353,0.0287284187371136,-0.08181627242818926,0.031352241492410914,False
220323,3,-0.021023371662366713,0.027811732229971693,-0.07459847646442312,0.03463359386488858,False
220325,3,-0.019825639794966918,0.02854042822969592,-0.07531220366922946,0.03575329656526364,False
220327,6,-0.014687460914690953,0.027728077178751236,-0.06935930527477352,0.03973749247881951,False
220330,8,-0.03089843918224363,0.02803750369001837,-0.08596156789460065,0.023721972397570876,False
220335,4,-0.022312742049822955,0.028612382761242023,-0.07930263537294376,0.03381557755049275,False
220340,7,-0.02167467253162361,0.02912944690077049,-0.0785403134770611,0.03563558773184598,False
220342,2,-0.026436348206797845,0.02916204606652471,-0.08300089083204759,0.03120043891385366,False
220345,9,-0.028561823577838822,0.027862260292868115,-0.08295502638631977,0.026162520919834807,False
220350,7,-0.011643567735947722,0.028753714206501267,-0.06801715440935709,0.04586008716498303,False
220360,2,-0.021101139579360596,0.028992434578291298,-0.07796196058026303,0.035795270863404685,False
220370,32,-0.03832906096035242,0.026322063518959347,-0.09058254847806141,0.013161481171131669,False
220375,5,-0.01738187110016524,0.0289754732515488,-0.0734434976917047,0.039702821380498965,False
220380,5,-0.027124255621904667,0.028834084108732734,-0.08468947671025384,0.028619895678181094,False
220385,1,-0.024572161206364997,0.029496282166715612,-0.08351038196678945,0.03299023423860575,False
220390,47,-0.02364652074223751,0.02524202277010859,-0.07198270891792004,0.025823038990349233,False
220400,0,-0.02105743855555476,0.02897633074465806,-0.077315731841219,0.03581114116564046,False
220410,2,-0.023074408553281918,0.028376965185294017,-0.07892268076508048,0.033195182525075716,False
220415,1,-0.025249596571763098,0.029477696741889863,-0.08299033302939256,0.031640657910557556,False
220420,6,-0.019373486858037428,0.028669475646965495,-0.07634260546019044,0.03829512459731322,False
220430,9,-0.025356550792624867,0.028706184168444736,-0.08361236056713049,0.030888858070518523,False
220435,3,-0.024379933094296008,0.028672487600381578,-0.08128354845990522,0.03280308309505535,False
220440,9,-0.01847370150936396,0.027768107807057945,-0.07312339869377499,0.03593993829213132,False
220450,9,-0.02629526533888036,0.0281046313694025,-0.08099389749708577,0.027831716596772773,False
220455,5,-0.03050742232614439,0.029449423500132358,-0.08797175384454095,0.02692617246282528,False
220460,1,-0.018376798833141986,0.029167038784964863,-0.07466793822291765,0.039611381512247475,False
220465,6,-0.022537831325816986,0.028711213649015497,-0.07928884833958381,0.03264468216415935,False
220470,8,-0.005483738236570313,0.027974742300101406,-0.06014296007965332,0.04990262353240838,False
220480,9,-0.02687071632781537,0.029376527170158317,-0.0850834120463873,0.03067968242927872,False
220490,8,-0.030936373354790842,0.027564091027286946,-0.08554777456883023,0.022653642302671577,False
220500,4,-0.025088794094544512,0.02810000446948921,-0.07932554165836463,0.03049415604423738,False
220510,10,-0.010975524895578926,0.02827587343279643,-0.06708530345941417,0.04501835888829846,False
220515,2,-0.027374662091238074,0.027946631188232953,-0.08204686779992758,0.026614356179726996,False
220520,9,-0.016804675198886457,0.027841034422824974,-0.07154033509402763,0.03926844319646694,False
220525,2,-0.014963207679043624,0.02939912776341916,-0.07218687191644753,0.043597252956652593,False
220527,1,-0.02171660888850748,0.02887006499274555,-0.07837269437938538,0.03370329544152719,False
220530,3,-0.014937304448775909,0.028525318804773415,-0.07124645764055898,0.04194926274669915,False
220535,2,-0.022635008476004467,0.02879593437452757,-0.07837414529690719,0.03353697561863068,False
220540,9,-0.034161106824384085,0.028897255936696866,-0.09171315842958656,0.022468290153487187,False
220545,3,-0.02485646122761307,0.02948059780703374,-0.08308752539194428,0.03382996684064159,False
220550,25,-0.03622573072948902,0.02657959840496052,-0.08956999511326576,0.01605150043836368,False
220551,1,-0.0217765976999893,0.02951486189071968,-0.07913921778181811,0.03696167152131107,False
220552,6,-0.019163199637960922,0.0288214423438067,-0.07607320375586496,0.03828948587396683,False
220553,6,-0.021263354685245144,0.028902825733880862,-0.07842355097189373,0.03554337201096953,False
220554,2,-0.0253680625759123,0.029025705053560613,-0.08276988490885853,0.030440356955749825,False
220555,5,-0.017345324884709676,0.02809416848284955,-0.07147690474631627,0.03830123170267061,False
220556,5,-0.020760653795412455,0.028844971366840114,-0.07718901763948764,0.03499707572015497,False
220557,1,-0.02242605264209482,0.028596948082290942,-0.07814394828405556,0.03346814217165663,False
220558,3,-0.030308989677533527,0.02936160339078414,-0.08806377664392359,0.026542999313295096,False
220559,2,-0.02171351193131446,0.0285152587869333,-0.07664370350182412,0.03400966255519989,False
220560,7,-0.02050269602291766,0.028612017101152465,-0.07567070446094731,0.035778460817513374,False
220570,32,-0.01823245782275079,0.02622038332897843,-0.06972349090559245,0.033164799743088426,False
220580,15,-0.00646980420333283,0.028261873704026077,-0.05969212685039442,0.05007511474178595,False
220585,6,-0.0343659534167916,0.028817997026116766,-0.09272271720155935,0.021085437900723033,False
220590,5,-0.023774583924917592,0.029315489817345407,-0.08137939166679387,0.03433639215071947,False
220595,11,-0.0364865719454448,0.02781058292661019,-0.09084478976524972,0.017315459862058385,False
220600,2,-0.0192921422344286,0.029166273097838834,-0.07598538067167543,0.037972962725251705,False
220605,4,-0.030218448576713026,0.02960738225610818,-0.0887335157716659,0.027804918957587132,False
220610,5,-0.012996619850644547,0.02806530352345198,-0.06763512739185104,0.04213531059667972,False
220620,16,-0.02061959515363015,0.027673905378879576,-0.07405062962019583,0.032203205060201724,False
220630,2,-0.026208373373964065,0.028518553025464497,-0.08269222113940078,0.030522778052482415,False
220635,6,-0.016037100872536326,0.02866444212411205,-0.07228858057835738,0.04121910200258011,False
220640,3,-0.021362232778405574,0.029162437146060833,-0.07897633233173007,0.03602143096500529,False
220650,8,-0.019607227302149213,0.027754879312591716,-0.0744960737145868,0.03520559221837383,False
220660,7,-0.02325446292816289,0.028650690285609764,-0.08064093778803089,0.03274542309360805,False
220665,2,-0.02136268035143678,0.02826563474245227,-0.07784943967250627,0.0337924030779282,False
220667,2,-0.017600630639882788,0.028532119611988153,-0.07214519679130896,0.03823063987092072,False
220669,6,-0.03234648765565887,0.028302710252791793,-0.08880749880466357,0.023672374466633936,False
220670,4,-0.024180522836246998,0.029303923324033223,-0.08151933147240419,0.033559104873602606,False
220672,3,-0.02651058135624803,0.029004578981390625,-0.0842263586732478,0.030926028442283253,False
220675,3,-0.021709645702597678,0.029282438743736112,-0.07920961445247668,0.03760106877212676,False
220680,8,-0.031266718371479145,0.02840707245650135,-0.08646882542968072,0.02329617685966161,False
220690,4,-0.023118761770648984,0.02886993532766308,-0.08259006384842957,0.03269036994971953,False
220695,4,-0.02408075188684301,0.02800737129884953,-0.07966868418627102,0.03062706488378162,False
220700,15,-0.02343543354037799,0.02742784667503241,-0.07658605293920331,0.03007310987141442,False
220710,1,-0.02187114356767724,0.02888094999321162,-0.07881145244185939,0.03591678042785671,False
220720,2,-0.02422544598481871,0.02902933375290823,-0.08039865813228923,0.03329861554154756,False
220730,4,-0.02182835839020925,0.029168970961013698,-0.07790956633772234,0.03475749353010722,False
220735,1,-0.025051440872188892,0.02820602553382976,-0.07988353564791174,0.03029729305343963,False
220740,6,-0.025578105003970213,0.028988492326349157,-0.0818998340748913,0.030721014974868125,False
220750,8,-0.02703510876534303,0.02929189772557304,-0.08484704672313592,0.03038272409745611,False
220755,2,-0.024149706850443597,0.028943665323416565,-0.07935954511515872,0.03397911474835692,False
220760,5,-0.017580682609063297,0.02862468920720866,-0.07298532261432603,0.03841418138996252,False
220770,140,-0.03798685600300018,0.021344057476815368,-0.0794784492304656,0.004021338331288706,False
220775,4,-0.027130586502170283,0.02854370830415889,-0.08410882468332331,0.028220491129196227,False
220777,5,-0.016352377784297184,0.028009963028673788,-0.07194961608995906,0.039181882198328605,False
220779,1,-0.02312343155745841,0.028316664810497154,-0.07823830744568276,0.03213070163131775,False
220780,21,-0.031258175807420484,0.02774705241661377,-0.08600044300531884,0.023017191393906088,False
220785,2,-0.030360125079703405,0.028700756096521198,-0.08635474404931605,0.026319324371280733,False
220790,29,-0.014598154440814795,0.027328020993684025,-0.0692939776704287,0.03859027866558893,False
220793,2,-0.02603347536275541,0.028839840377994166,-0.08299933496535608,0.030573272068826096,False
220795,4,-0.02053626547592832,0.029247290790630445,-0.07833133779535628,0.03764354223114879,False
220800,45,-0.03148362366032246,0.025599959251949633,-0.08152474203223531,0.018267824885056714,False
220810,5,-0.024554166305534114,0.028448409785400294,-0.07931379648265474,0.03123933324628922,False
220820,15,-0.0312805367272856,0.027649293889862286,-0.08697886762349641,0.023668996385475927,False
220830,15,-0.020650892727805962,0.027954741239783164,-0.0741175054146433,0.033801586758942084,False
220840,30,-0.03126051118528819,0.026386069769947885,-0.08221089980069489,0.019379753664933882,False
220850,7,-0.028169997092122506,0.028122835715637094,-0.08319493301458634,0.027389387823872458,False
220855,2,-0.021591608251863816,0.02913826611790535,-0.07823028433582327,0.035462540234795115,False
220860,1,-0.021024864277991932,0.029428493559684174,-0.07859853073785478,0.038163403126907906,False
220865,7,-0.03142174734080201,0.028500875985884643,-0.08668886519064156,0.02383697073767848,False
220870,4,-0.01989878532182056,0.02908351129168424,-0.07714064435924399,0.036424468734448316,False
220880,9,-0.013684584526927513,0.028053501649116488,-0.06861151990142714,0.041224806118016065,False
220885,3,-0.025592059569977513,0.029278809350163377,-0.08309335294397008,0.029925970882048628,False
220887,6,-0.01460164256730358,0.028956659661093884,-0.07059648175568281,0.0423508185344864,False
220890,6,-0.021867755204243014,0.028767882395068774,-0.07922766974734763,0.033513494816025655,False
220900,4,-0.018563472685778567,0.027744971538580705,-0.07103223088157168,0.03612356934174408,False
220910,1,-0.025952326867506467,0.029062006622407027,-0.08206755084174991,0.0315172873718525,False
220915,3,-0.030809582662088584,0.0286805257294558,-0.08801603419751919,0.024809849893444223,False
220920,7,-0.02087266849922244,0.028233341075875763,-0.07759526738499807,0.034071690637006276,False
220930,3,-0.019402604094108242,0.029133609472785656,-0.07553905921335595,0.03710430295694137,False
220935,2,-0.02690739004323377,0.028647442045532812,-0.08309892758740182,0.029309202898715418,False
220937,3,-0.02123746171972643,0.028715909231199033,-0.07952949435077683,0.03532617464326767,False
220940,5,-0.01547405778629886,0.02882258284790631,-0.07321132792401067,0.042043457408723124,False
220945,1,-0.01741650509853135,0.029189344210870098,-0.07457385608542268,0.040250478511303006,False
220950,2,-0.01969302352616854,0.029478780091047943,-0.07724470582553526,0.03726844889672421,False
220955,0,-0.021686660954418152,0.02867576924901199,-0.07744302925277795,0.03444942102046386,False
220960,1,-0.02674430566586109,0.02969878679380353,-0.08439616333203966,0.02988524652308832,False
220965,6,-0.02097789635051552,0.02812522248954795,-0.07566998955184484,0.03500858056678597,False
220970,2,-0.026041811470793014,0.028951078291935006,-0.08508652477237544,0.030328839832863448,False
220975,2,-0.025547467280952398,0.02818742780444865,-0.08081759979046585,0.02991590301782556,False
220980,1,-0.020981843991642015,0.029952729525346635,-0.07972447126170222,0.03715441481215684,False
220985,1,-0.020423010072866874,0.02910827945107428,-0.07773960634664774,0.03644093150754994,False
220987,2,-0.028776371987725216,0.028526497453413714,-0.08571735384200074,0.02694775655196193,False
220990,1,-0.02167367700281054,0.029375434990275187,-0.07785243463770374,0.03503856007342794,False
220995,1,-0.01991785075302784,0.028936130549584053,-0.0784788213571438,0.036433208390481246,False
220997,11,-0.017424857843545544,0.028589870304908477,-0.07384622270811794,0.03964826706765094,False
221000,15,-0.0010006719074590077,0.02764859111300494,-0.05488246011252199,0.05420563564037971,False
221005,4,-0.018558115896056143,0.028852971529794772,-0.07469471505845568,0.03629067232017016,False
221010,1,-0.017168108456240366,0.028518955185952655,-0.07288476053207879,0.038159303963441187,False
221020,3,-0.01823058603275896,0.029451775865231213,-0.07554550935637641,0.040416280523029924,False
221030,3,-0.025036174310780982,0.028873963262271613,-0.08031242891483498,0.03271451362212822,False
221035,2,-0.016093756703616797,0.029154420377755532,-0.0738151445184951,0.04155383621248657,False
221037,2,-0.015949958650636743,0.029816089687220566,-0.07418486084778808,0.04244225491569147,False
221038,0,-0.02278457027052905,0.029181286057458268,-0.08006496954529968,0.034841467302129774,False
221039,2,-0.02772060579127533,0.029073306878008017,-0.08415116767303019,0.029999441493991683,False
221040,9,-0.013494066670031791,0.028480692191443772,-0.07019396929602824,0.04309088508252286,False
221050,8,-0.012983615376765826,0.029125907596705823,-0.06936124598171368,0.044613705903159995,False
221060,26,-0.0404294317108927,0.026491159464894165,-0.0935000150492718,0.012514714447655076,False
221062,1,-0.025400591117276407,0.02914411616786754,-0.08267614093863603,0.031581705965857076,False
221063,0,-0.022279014457529625,0.028359756350188645,-0.07794648497283585,0.03198241393292368,False
221065,4,-0.013263223672119859,0.02914588204731386,-0.0718404992426887,0.044898906887860086,False
221070,14,-0.018022335855591216,0.027704474485938126,-0.07242760457963068,0.03651406433557226,False
221080,7,-0.024116458059811337,0.0282377161236867,-0.07929609545562866,0.030985825327904674,False
221090,0,-0.022369667598699874,0.028928562429500704,-0.0783347266997787,0.035636745255129366,False
221093,6,-0.02491725465269521,0.028963468586350148,-0.08185801442831815,0.03110745603693491,False
221095,2,-0.02432511228532771,0.028658285717566376,-0.08070842007904577,0.03171889088267741,False
221097,2,-0.021837062605179643,0.029379626557761076,-0.0800505100411378,0.035609474196688126,False
221100,343,-0.07016914578751933,0.0191984168702119,-0.1081891486901137,-0.0326588707476525,True
221110,20,-0.006210966103184591,0.027126464532881783,-0.05857439942780869,0.04601525482571442,False
221120,23,-0.027841122077797327,0.027460565945297374,-0.08081085482214802,0.026315945271319433,False
221130,10,-0.015521454579534629,0.027863283697587823,-0.06998282907027989,0.03783478077864545,False
221135,6,-0.02019611186006493,0.02804123524480124,-0.07575657452943567,0.03313561224113316,False
221140,3,-0.020427779634537575,0.02820863949697461,-0.07610251939979813,0.03413117121448897,False
221150,3,-0.021378793004022487,0.0292362280653881,-0.07709986396583428,0.03535320432548645,False
221160,3,-0.03049794362038156,0.02932002616272864,-0.08926174939311585,0.026543283965077834,False
221170,2,-0.02647752062065957,0.029794664007965446,-0.08558103172288756,0.030217228090005866,False
230010,9,-0.03074416227373636,0.028852062834293143,-0.08817592670458077,0.025806795330128782,False
230015,12,-0.014175251632281243,0.027894434332604665,-0.06762496723356179,0.04027556033585761,False
230020,40,-0.04531524149776205,0.026007044873696112,-0.09610244929696347,0.0049176356592823016,False
230030,28,-0.012991796245133106,0.026566801826951248,-0.06518268752878344,0.03966459656178121,False
230040,9,-0.014744722417336003,0.02884039312783896,-0.07036197592780231,0.042461112340476066,False
230050,6,-0.017523331351240585,0.02931484307750944,-0.07596352289956941,0.03896132659562866,False
230060,7,-0.02994934691210272,0.027817689779871563,-0.08308568583051726,0.025206536214269396,False
230070,12,-0.026236634866126828,0.028336078948287224,-0.08274069154923838,0.029934682431392832,False
230075,29,-0.016580676536566575,0.02605030893335022,-0.06799188376189354,0.035552768772173796,False
230080,5,-0.026394244643660053,0.02876219066254429,-0.08327965110305058,0.029541089056177007,False
230090,8,-0.03454161275158393,0.02882215450265258,-0.09138536570312976,0.021605217153459977,False
230100,49,-0.00827689907590828,0.02461496132847418,-0.056350512803006104,0.03993062367571322,False
230110,30,-0.03448542166168199,0.0262767173598986,-0.08565380038050907,0.016171669611267196,False
230120,16,-0.028677286527010976,0.02832897944802109,-0.08398807101109412,0.026677435860759345,False
230125,19,-0.03129343817053981,0.02744019837477016,-0.08483571514622706,0.021948612155595532,False
230130,19,-0.01182592668282608,0.02737986184647021,-0.06513737182543695,0.04097184821877582,False
230140,6,-0.01578404235492543,0.028983437417223267,-0.07328027150548236,0.03999402391682024,False
230150,4,-0.019229595579055334,0.02887250694349115,-0.07590543734924801,0.038318328562159214,False
230160,11,-0.03596834516680469,0.028707840618407122,-0.09381550551303676,0.0190212543514129,False
230170,13,-0.02124604713213287,0.02752095920446926,-0.07537024517810989,0.032652069106531637,False
230180,2,-0.02837768998362308,0.028505672520922273,-0.08396736451680548,0.028861488376903076,False
230185,20,-0.02717955208142389,0.028371561790785586,-0.08444048686988971,0.028441499463985977,False
230190,58,-0.039805033152847086,0.024760225952288824,-0.0895625911637326,0.008568524552685306,False
230195,7,-0.02079204535412563,0.027691109766494464,-0.07464356773950727,0.033831598423693036,False
230200,18,-0.028081617051665016,0.0276929731565529,-0.08276304668443606,0.02583628221377217,False
230205,11,-0.024083951487653948,0.027978338424811417,-0.07800810636227545,0.02964775000361599,False
230210,18,-0.022377338608284825,0.02772216488113814,-0.07672901764955069,0.03141006073019941,False
230220,19,-0.021360211614705183,0.027155772611747713,-0.07375842406793631,0.03331119085243444,False
230230,26,-0.027383683942528804,0.02650175792690814,-0.07931784635056995,0.024010438871253426,False
230240,26,-0.02944827614805385,0.026858238541458593,-0.0810330730300933,0.021857247450039096,False
230250,46,-0.05149134177385419,0.02581342342439089,-0.10195281117332367,-0.0003975210633576076,True
230260,50,-0.02157238464557408,0.02526297330181298,-0.07167551081734752,0.028048581868877865,False
230270,20,-0.02637223756907652,0.028264623930421274,-0.08108661364412253,0.028272277033432304,False
230280,39,-0.02580877192239267,0.025055074786746845,-0.07466332892225966,0.02363276053451098,False
230290,14,-0.020959737912783497,0.027885875596090563,-0.07606830048580199,0.03469198372067422,False
230300,9,-0.00771235728709984,0.028307733740949508,-0.06296271531689744,0.048776200405823984,False
230310,10,-0.025878076345994927,0.028513455086725762,-0.08128303961757824,0.029243251278686534,False
230320,25,-0.03826992433029795,0.027103835346875844,-0.09149445282770648,0.014486874003193052,False
230330,13,-0.02344174192409434,0.027882855880113917,-0.07772308428012256,0.030898519499191805,False
230340,11,-0.02234936181959519,0.027701287124523594,-0.07673008104204695,0.03082868666585864,False
230350,42,-0.010869032287971966,0.026002169991884334,-0.06158857431003618,0.040650467233515786,False
230360,11,-0.029355691022812328,0.029128401532384423,-0.08591742477908657,0.029034869671462023,False
230365,9,-0.02688487956372154,0.028909211323710465,-0.08405721912828987,0.030316063383480633,False
230370,207,-0.030213380549714078,0.019870514980791815,-0.07007760141960649,0.008739215671042343,False
230380,16,-0.026153949254957922,0.02743594658007302,-0.0804134931169981,0.026702443451943145,False
230390,12,-0.023776609357023422,0.028213331570671817,-0.0797120443326888,0.031869386759193645,False
230393,11,-0.031803173016179985,0.028189379653621352,-0.08736151960494316,0.024149142920156956,False
230395,7,-0.014628003092735417,0.028445031023896807,-0.07113128958740152,0.04070451902938544,False
230400,7,-0.03194437923356689,0.02865456311972951,-0.0880666044445527,0.02374458163284351,False
230410,75,-0.030764906610767057,0.0237516795870713,-0.07669388379824328,0.014803421903561306,False
230420,116,-0.038761203251568045,0.022002580071713435,-0.0822044755184678,0.004089953256212188,False
230423,13,-0.03445254733932834,0.02723879047452761,-0.08847937036163096,0.018792377855987766,False
230425,24,-0.014768090142005454,0.027330295044256617,-0.06726737685868144,0.03922694741132271,False
230426,3,-0.017011599958220023,0.02881119585699798,-0.07476182314142711,0.04033481576430899,False
230427,6,-0.0252381558772281,0.02834898708259966,-0.08067781842258774,0.03027571545429698,False
230428,33,-0.013739069944173114,0.025773643477545623,-0.0642580809525446,0.03658523578446728,False
230430,18,-0.027331688389454347,0.02726924507949172,-0.08179879055323822,0.026544647828664475,False
230435,14,-0.03977871831096301,0.027301197683668333,-0.09379789444157549,0.01355494148273002,False
230440,1400,-0.02683869144801002,0.015336458521052063,-0.056154510808076846,0.0030365262872787463,False
230445,14,-0.013572588397083005,0.028034050721036968,-0.06811184369884157,0.041834786710838,False
230450,8,-0.02377274972555227,0.028117455568459977,-0.07861604453098629,0.03196600899664438,False
230460,5,-0.02598687104915187,0.028207384005547367,-0.08062708266896766,0.030555778826779054,False
230465,5,-0.01664178359863272,0.028322824275682053,-0.07278416180152332,0.039205500931599045,False
230470,39,-0.035824475840787066,0.025508569695739097,-0.0859278983588956,0.01310735188999099,False
230480,5,-0.028525396171847718,0.029046653800387463,-0.08809937714239725,0.028151283712332012,False
230490,5,-0.027252168593845057,0.027967542177327283,-0.08109263995894593,0.02704947215968501,False
230495,5,-0.024262356811476843,0.028534766115606507,-0.08083749287726946,0.03217713429352814,False
230500,32,-0.017440798866771853,0.026676351031508307,-0.07009860367693203,0.034305676373449445,False
230510,2,-0.021958967042969655,0.028444044900516153,-0.07940027594956946,0.03517478134781194,False
230520,11,-0.02651935333244947,0.028486568154915883,-0.08132533753556796,0.028240619925430543,False
230523,41,-0.022577131545402647,0.02619333907460115,-0.07413429199451103,0.026730451268487956,False
230526,24,-0.016847138053226393,0.026972130537566884,-0.06927321543291952,0.03694289784118254,False
230530,21,-0.037534079469945754,0.027670120974089232,-0.09211698795221009,0.017516477942884315,False
230533,4,-0.007352269492633153,0.029301958942063517,-0.063345093974115,0.05120336446740543,False
230535,8,-0.017772934177174335,0.028491406152983532,-0.0737543188957661,0.037391587659118625,False
230540,37,-0.03965580468479226,0.026106239234315896,-0.0907987841290891,0.01233109393907383,False
230550,62,0.0013087921440748964,0.024056476481647895,-0.04594165119958271,0.04888537532705459,False
230560,28,-0.022394733204735444,0.027356527701690777,-0.07604413081973613,0.029934817370014105,False
230565,12,-0.03342344121266992,0.02786035756378456,-0.08806225484154331,0.021144720778666116,False
230570,7,-0.02344204930419201,0.028762120527010597,-0.0794291761749443,0.0331435967254471,False
230580,22,-0.038469576820951916,0.027128563655211362,-0.09100550671319117,0.013771570544721572,False
230590,29,-0.037319847734395735,0.02671097859735451,-0.09076381799918881,0.014816037727707072,False
230600,8,-0.027164967078720598,0.028418949883578442,-0.08248300465761597,0.02731857638073997,False
230610,16,-0.0298370536462029,0.027514399432001617,-0.08446442563093008,0.02426294291826976,False
230620,4,-0.017640699391307812,0.028583102866081955,-0.0745783985892021,0.038281726042590156,False
230625,18,-0.033645665960701586,0.026758073093833462,-0.08656572054350811,0.018580005667355126,False
230630,34,-0.03749723240102647,0.026369094029995727,-0.0902841601992452,0.014724111470336374,False
230640,102,-0.028555013766645473,0.022717147052071566,-0.07321988850043769,0.01533559918655666,False
230650,13,-0.028062175625338796,0.02835876813193284,-0.08416313932267877,0.025736884146458604,False
230655,34,-0.020644153635202733,0.02685041507034607,-0.07367724987361965,0.03122102684506781,False
230660,12,-0.03510874657508445,0.02853268359863447,-0.09053694014870949,0.0211211430837613,False
230670,7,-0.027170281031064246,0.02893010564007421,-0.0846796513827764,0.028321840885118063,False
230680,8,-0.023400753106669944,0.02788218576231052,-0.07829316283721878,0.03083354289366721,False
230690,12,-0.012782354192015939,0.027810773449881847,-0.0665848937606105,0.04107522948289587,False
230700,9,-0.013873117916987504,0.02819440953052959,-0.0683766997653864,0.0426829569853627,False
230710,24,-0.025969976566710358,0.027170423720933538,-0.07903193472038098,0.027679163074577184,False
230720,7,-0.026087684022647085,0.029032550856120328,-0.08384671097291439,0.029391288744816533,False
230725,19,-0.008462910926417728,0.02746298416734973,-0.062271646104096856,0.045864983199669446,False
230730,239,-0.04765921227250402,0.0195019617207859,-0.08649166875580154,-0.010588167807225251,True
230740,23,-0.01980351685165845,0.027102653557291367,-0.07366740063961771,0.03338545511233531,False
230750,10,-0.019536845936156205,0.027772310756340027,-0.07533013065809016,0.035364875903399436,False
230760,35,-0.014482425738555342,0.025664872501473035,-0.06512885380253951,0.03687178954352217,False
230763,7,-0.02977890270637587,0.028032533549358817,-0.08456842028046696,0.02480552309224836,False
230765,140,-0.01638379844358019,0.021416423731883717,-0.058222499307585614,0.026128919386724604,False
230770,51,-0.029288449463733345,0.025668461843789268,-0.07884076973103443,0.020804686834147518,False
230780,25,-0.029852153667916027,0.026919948396829596,-0.08312793715997857,0.02218459476644817,False
230790,9,-0.03537606174395098,0.02839258533403783,-0.0901382345036515,0.019953192258581113,False
230800,25,-0.018998884404276592,0.02712251332704243,-0.07313165877727273,0.03389625142570776,False
230810,42,-0.032924404471353905,0.02520490337188171,-0.08294892960961171,0.015826273133002913,False
230820,10,-0.03735557218457644,0.027823021781670565,-0.09306075712410777,0.01778138133054162,False
230830,20,-0.0425053159844488,0.027490244705676983,-0.09706486935579386,0.011076578052918671,False
230835,13,-0.030831665468962408,0.027960689163197976,-0.086070637919644,0.023125278673657105,False
230837,11,-0.029753794560857846,0.02799759631210965,-0.08482169649401808,0.024826265609465062,False
230840,29,-0.02531096567804385,0.026291128774848918,-0.07718903231331234,0.02557036991673514,False
230850,29,-0.02449631613494018,0.02569525408867325,-0.07446437512957305,0.025882483161244727,False
230860,19,-0.041619324862063156,0.02780764763764924,-0.09648757739413433,0.012129084407022884,False
230870,22,-0.01725152679631536,0.027022035418241823,-0.07014031779060922,0.03532025248498472,False
230880,5,-0.023977828946342677,0.029126993868253633,-0.08133125061618476,0.033918633111111575,False
230890,18,-0.0254341839569829,0.02739876323231918,-0.08030385327789429,0.029139227881392882,False
230900,9,-0.028211299873615477,0.028040526328855373,-0.0835604318405269,0.025990390810231863,False
230910,7,-0.034426003390805385,0.029289319099639985,-0.09226649168149276,0.022438226452142798,False
230920,14,-0.04267367218942065,0.028591967514818472,-0.09854768236378948,0.012515970799252174,False
230930,23,-0.03909618215975076,0.026840508197393326,-0.09206523458188887,0.014296024779148772,False
230940,16,-0.030868536993422263,0.02759390042645395,-0.08492303311950965,0.023659360140318005,False
230945,16,-0.016968859391892372,0.027700723686785313,-0.07055760137865388,0.03654980975628297,False
230950,17,-0.016536461737086425,0.028633092959212063,-0.07277766040599286,0.04041464572301325,False
230960,47,-0.02584553336942013,0.02570719329713552,-0.0756027211564381,0.024315654560717728,False
230970,45,-0.013997284215529772,0.025494652152527466,-0.06395324002137778,0.03622752473030922,False
230980,6,-0.011344762622889078,0.02852626183874575,-0.06580677323821817,0.04463457232909267,False
230990,1,-0.024150409689569705,0.02891845219404474,-0.08010573309558222,0.03182380452313739,False
231000,6,-0.015232384203009063,0.02837491534740742,-0.0711300777445888,0.04112013604102809,False
231010,4,-0.023309644063516727,0.0290160472239147,-0.08053602690619449,0.032453427633000284,False
231020,25,-0.01913259003495371,0.027579261449934892,-0.07404396697740837,0.03487985256417296,False
231025,19,-0.022730075158660837,0.027323318701667945,-0.07527071386887507,0.031110519768615546,False
231030,18,-0.030486440875406497,0.027022023876619367,-0.08463766704091219,0.02250216864725917,False
231040,9,-0.03856121940949661,0.028989426043798113,-0.09526208528119989,0.018606800548618654,False
231050,22,-0.02760109376154847,0.027074186599262046,-0.08046735792849123,0.025024448966746105,False
231060,8,-0.03167547382809983,0.027638006622892692,-0.08619432096671649,0.022685153682891014,False
231070,28,-0.015020559812644819,0.026130507929546173,-0.06538746812132076,0.03553651550156879,False
231080,11,-0.02255572788369445,0.028568639869203646,-0.078138082068042,0.033570674136479836,False
231085,12,-0.01902289165723288,0.02737895782767255,-0.07380084959412841,0.034369748094927585,False
231090,8,-0.029475732522479377,0.02857366099068219,-0.08493679886369236,0.024595574151651388,False
231095,1,-0.02653553522003756,0.02898813385476109,-0.08466611048035465,0.029515042027720133,False
231100,14,-0.023379671454104557,0.027959843045113706,-0.07840364348171522,0.031183264820425015,False
231110,14,-0.011133067884762359,0.027760520558992967,-0.06494427264885637,0.043002023728145,False
231120,6,-0.02717753577002685,0.029206582927682412,-0.08436480345582993,0.030590224496255657,False
231123,7,-0.010446938361818944,0.028898479374560627,-0.06647968960039423,0.0472850032971049,False
231126,19,-0.028532962768849514,0.027883991883823938,-0.08319090457008874,0.025512084645820523,False
231130,87,-0.040850015140119225,0.023635318115515197,-0.08741361827591805,0.005238930482823196,False
231135,16,-0.018223584671877405,0.027716536869472452,-0.07326575798868097,0.037116437136700334,False
231140,67,-0.01713279251083117,0.024693966262390538,-0.06483083734852936,0.031213166654944113,False
231150,12,-0.0266965575979592,0.02817764755301821,-0.08136969282690862,0.028535642078107836,False
231160,11,-0.01097707220323106,0.02775207577561535,-0.06615323638942588,0.04398011022790843,False
231170,11,-0.03938910151591435,0.028514724797035595,-0.09509580453676815,0.017343986396314758,False
231180,42,-0.02268517066085287,0.026385465236217855,-0.07518631282639754,0.029632914059054927,False
231190,4,-0.02642672010265168,0.028110898116686257,-0.08077745800686711,0.027914804891279215,False
231195,14,-0.024974165885562498,0.02743182285327974,-0.07908461480608729,0.028486047228670545,False
231200,24,-0.02485556503770136,0.026857045253409838,-0.07722795698814597,0.026638885752726018,False
231210,13,-0.04094644627748726,0.028504145330048507,-0.09603584159308184,0.013397927044448126,False
231220,30,-0.03419454857386713,0.026333270391193046,-0.08384964411507262,0.0171668905175337,False
231230,29,-0.022575609089636857,0.026815361241592287,-0.07542576055294203,0.030565212380635268,False
231240,34,-0.019287706125356976,0.026117723656010974,-0.07119004176606765,0.03198830289270852,False
231250,1,-0.020524724305294558,0.02944943029965448,-0.07974334475382555,0.036685381878684926,False
231260,4,-0.015804629881208152,0.028744093524732086,-0.07198279264327337,0.04113158572485339,False
231270,19,-0.02857638354018272,0.027529183495478015,-0.08274723042359461,0.025682188848740285,False
231280,4,-0.02399806682964563,0.028817859654475208,-0.07996205512516992,0.032939748497724214,False
231290,122,-0.025363560506087103,0.021939535484844005,-0.06846694424610233,0.01817818425713889,False
231300,17,-0.032908110285485015,0.027718890065809788,-0.08776116169592156,0.02120494597186522,False
231310,19,-0.024081693711351423,0.026584537633869323,-0.07628084840587084,0.027973412462273646,False
231320,17,-0.022734535443110684,0.026975349115421834,-0.07481147915275548,0.03019235550543381,False
231325,5,-0.0274866423335667,0.028316680716043423,-0.08250932659402171,0.026858404904011292,False
231330,33,-0.01639787624534246,0.026139349746943617,-0.06701286362760604,0.03476738718417546,False
231335,9,-0.021367068909730277,0.028008330938238714,-0.0756978447403558,0.03326980546730082,False
231340,49,-0.03790731828364243,0.024891823690740746,-0.08783059106698575,0.010805254953906928,False
231350,40,-0.03514879796375847,0.025192730079589058,-0.08487550374999993,0.013356698998393667,False
231355,19,-0.0172286300319507,0.02756430359277948,-0.07166675063000176,0.03660381262810069,False
231360,31,-0.03439408400514172,0.02619587266003718,-0.08556614674032291,0.016798066154364914,False
231370,1,-0.02452048620351613,0.028839855742913794,-0.0814325220128311,0.031979742895239104,False
231375,22,-0.016237923161913234,0.02814165194354726,-0.0708057779822259,0.038510358444101264,False
231380,23,-0.012058433880668597,0.027642234012374277,-0.06616205915873662,0.04220604871759808,False
231390,6,-0.029267317962687743,0.02807759836711659,-0.08447132431082033,0.026094367762963273,False
231395,7,-0.025348403647684512,0.027926012218437407,-0.08007917911530173,0.028890867124230883,False
231400,20,-0.015714706053000183,0.02752205807405049,-0.06950678979182354,0.03841042485643642,False
231410,31,-0.008314544179046592,0.026494205239012143,-0.06008266945002728,0.04522846755994071,False
240010,3,-0.018368392350322275,0.02893501359748786,-0.07467105335208002,0.03939021038615574,False
240020,36,-0.006040394763635195,0.026101280493354855,-0.05807485987902486,0.045506234601483904,False
240030,2,-0.015644334147692906,0.029122744531631804,-0.07142351818046011,0.04160323649992179,False
240040,3,-0.020813100428089128,0.029720244060685297,-0.07936334266146819,0.03799332775809306,False
240050,2,-0.025563720006047636,0.028117230087279337,-0.08108002478617561,0.030124485367540074,False
240060,3,-0.016361430371090953,0.028754311755859532,-0.07195093544272527,0.041808723173160305,False
240070,8,-0.01901887947018494,0.027877257417777492,-0.07250189617741364,0.036430016954447246,False
240080,3,-0.020578917125715402,0.028427682135954823,-0.07510858594570957,0.03548306856809751,False
240090,8,-0.010874539858617117,0.02767794013404929,-0.06527202842953035,0.043321772160607,False
240100,25,-0.004351102639205326,0.02658991673841799,-0.05520193807882068,0.0474808272005238,False
240110,15,-0.024589594177062853,0.027920318205530113,-0.0801576303496985,0.031045356869751267,False
240120,7,-0.019492972103353604,0.028784404414625302,-0.07524952943186256,0.03726880238564789,False
240130,3,-0.02162469964456403,0.028371539836346882,-0.07721518146712858,0.033096559353503266,False
240140,4,-0.010755748714682298,0.028930564040285385,-0.06867736028754512,0.04753521586093143,False
240145,14,-0.010308173330810995,0.027026117855663383,-0.06366125059589274,0.04223096984673965,False
240150,2,-0.027547495021389107,0.029296242367697636,-0.0850555199461967,0.029490767696266997,False
240160,3,-0.02440170419172997,0.02896715283029787,-0.08083231612513325,0.03225253719009135,False
240165,3,-0.025660134003650862,0.02913143504775681,-0.08345638943632316,0.03152504856765325,False
240170,5,-0.012703428729600586,0.029211007177908636,-0.07000796971526173,0.04549621354929785,False
240180,6,-0.025119571828825342,0.0284059394135954,-0.08059090030796495,0.029753389444548084,False
240185,1,-0.023779647802080868,0.02912890773807442,-0.08120089373984817,0.03214773065977105,False
240190,1,-0.02152577357379607,0.02876406088505426,-0.07887991591199776,0.03475313999978535,False
240200,32,-0.009630225835543762,0.026662423233677422,-0.06172439086776227,0.043224882491924084,False
240210,7,-0.028454571858875535,0.02864175800079367,-0.08558154485996351,0.028125005604122105,False
240220,13,-0.005053643779507196,0.02759673170870265,-0.05893723344432954,0.049672359416957496,False
240230,9,-0.03718235916280062,0.028394316083204002,-0.0933348245962818,0.01854741346706282,False
240240,3,-0.020906944928728053,0.02895568211971599,-0.07740795426668652,0.03456641726235804,False
240250,4,-0.02431489560835766,0.027978573645569552,-0.07951695192373608,0.0289923181515142,False
240260,34,-0.02673319823643458,0.025610598092256492,-0.07652111788979014,0.022717723877893024,False
240270,8,-0.028153710295446877,0.02886804018437702,-0.08412405527819156,0.027679868590401138,False
240280,1,-0.02468160832495433,0.02920737911235265,-0.08217905909403365,0.03152130814523528,False
240290,6,-0.03287670445647099,0.02881839620645229,-0.09024867246142605,0.024122640266277685,False
240300,7,-0.022181406107576938,0.02870051960072142,-0.07813439800836137,0.033851676435109286,False
240310,28,-0.008958466584809973,0.02585446586508937,-0.05897320831754735,0.04341886605378023,False
240320,3,-0.025117179342294654,0.029476295611735936,-0.08475129555478254,0.032806759936973816,False
240325,78,-0.05318019265245275,0.023783505250909727,-0.09950562476997596,-0.0071966284076866414,True
240330,3,-0.024127595063081937,0.028989396997843475,-0.08109115008128333,0.03525822698264528,False
240340,4,-0.025619579341411375,0.02916358296206241,-0.08346239042704687,0.03144308741233693,False
240350,7,-0.02179362889992696,0.028557158469516387,-0.0774689761553869,0.0334665996069206,False
240360,35,-0.03931479300214608,0.026166357991675153,-0.09044177258112439,0.011543342605926684,False
240370,1,-0.0222024332168349,0.028855598936111147,-0.07841379255105828,0.035552898856620975,False
240375,4,-0.011638760702759744,0.029548391303807674,-0.06920945994357977,0.046392127967860255,False
240380,5,-0.011783923794200755,0.028462169179195744,-0.06672796590978307,0.042765897748431064,False
240390,4,-0.027982347287161067,0.029070536337517296,-0.0857098242783547,0.02919511380575667,False
240400,5,-0.011654138160415353,0.029124291708640507,-0.06844688944933049,0.04437116808162765,False
240410,2,-0.016629039986097473,0.02979866488214102,-0.07501054361393729,0.04184840218010379,False
240420,21,-0.03312800683410807,0.027259521732067176,-0.08777628900779506,0.02098270701789355,False
240430,12,-0.019961531679591277,0.028045806284442365,-0.07538083068472178,0.03501103079461364,False
240440,6,-0.00902251091874388,0.02912308483273856,-0.06491716935014552,0.04916319986298444,False
240450,19,-0.04545016294289686,0.027618005610377996,-0.10147108953125102,0.009490643264955316,False
240460,9,-0.028114913098222602,0.028741290893552696,-0.08432790713066744,0.027736831347837883,False
240470,15,-0.0024478058612155927,0.02842160282367687,-0.057853861158042516,0.0528654000611022,False
240480,0,-0.022719228149389883,0.029124800771323234,-0.08027854754104947,0.03338652773441278,False
240485,7,-0.016084105119742762,0.028487391126287218,-0.07149208381311845,0.03957982551217778,False
240490,3,-0.022348959641186644,0.029005703818838182,-0.07945102646965622,0.034937124315647286,False
240500,4,-0.026507827676265684,0.028475259036915865,-0.08160459941842817,0.029678376870930837,False
240510,2,-0.019418164124323102,0.02912147974603202,-0.07597044476208824,0.03824719135303377,False
240520,2,-0.022154559562704675,0.028455661255796662,-0.07824179462562816,0.03243455724885594,False
240530,4,-0.027583522492767732,0.029161263782149845,-0.08557626180042732,0.029282279721607723,False
240540,4,-0.02638811740208854,0.02877746433680855,-0.08305335622691642,0.0290268938978482,False
240550,2,-0.019372770030348867,0.0292545994456856,-0.07707131046545442,0.038742798572442755,False
240560,5,-0.027964340791390385,0.02850657930340969,-0.08370351572714005,0.028477109308613524,False
240570,7,-0.02216147309751842,0.028490324523699314,-0.07814370644606328,0.03301596892208963,False
240580,27,-0.022858016408275183,0.026160492841226134,-0.07360743198792029,0.02950903832580445,False
240590,2,-0.026316117390714044,0.029499929010230973,-0.08489156804674805,0.032938549430369286,False
240600,7,-0.021462103456266816,0.028575239980821638,-0.07633859983234882,0.034691667112164884,False
240610,4,-0.02531082590348971,0.028615987425929856,-0.08153678795465431,0.029502008401926193,False
240615,2,-0.025700903206846933,0.02888172728716298,-0.08213537146995577,0.0327833410783571,False
240620,4,-0.02269055098182679,0.029148795716714637,-0.07985597304293499,0.033676002461883944,False
240630,4,-0.020284370579914206,0.028695309305855794,-0.07690717887845652,0.034797753175485745,False
240640,2,-0.023256742516179676,0.029031978950341465,-0.0794838324881864,0.03308225997386218,False
240650,12,-0.02510008787995592,0.027874050422556647,-0.07913434526723509,0.030079495458031187,False
240660,6,-0.028931990513364154,0.02834432458512771,-0.08534642832672337,0.02714350347071055,False
240670,7,-0.020634139271082562,0.02919926232446709,-0.07919802730161035,0.03645652753661129,False
240680,2,-0.017913770380494055,0.028053210938606247,-0.07391830854453552,0.03724411633029237,False
240690,5,-0.020869033358940657,0.027791306622318712,-0.07618841818047244,0.033675316096464486,False
240700,11,-0.020875413940197072,0.02872939988023893,-0.0774986970245616,0.034964161700933416,False
240710,49,-0.02986312503092029,0.02546235697556663,-0.0807280505053713,0.018894075776354956,False
240720,12,-0.026041645628233724,0.02771430760118708,-0.07979672084054903,0.027779322490031712,False
240725,4,-0.019377890106401043,0.028680895674526797,-0.07485021709555734,0.03696642696224963,False
240730,8,-0.023721501451509794,0.029250667261414308,-0.08080021200400604,0.03426828796043333,False
240740,4,-0.020724299080237533,0.028684763701025615,-0.07727242910514512,0.033546474701943406,False
240750,9,-0.027481977034484316,0.028575009757533586,-0.0840799537170407,0.028848893943247977,False
240760,1,-0.017897836726003022,0.029573466209427163,-0.0773019731570773,0.03978357537368284,False
240770,10,-0.029275122913355777,0.02834877243816533,-0.08532085406543916,0.02517316838364571,False
240780,10,-0.019128341287374142,0.02790386361017466,-0.07337511764524413,0.035365934835689034,False
240790,2,-0.016846575934522743,0.02853533040979907,-0.07229669195384561,0.04090890504695766,False
240800,160,-0.019124104808298556,0.020804082063105578,-0.060488660876712494,0.02072651817900255,False
240810,372,-0.06596437667590782,0.018433356147561558,-0.1026955104289393,-0.02985112843859705,True
240820,7,-0.018364897060538964,0.027836147959571268,-0.0739674495680745,0.034909867774153426,False
240830,22,-0.025388976782098137,0.026726599468748648,-0.07819604893832917,0.027388159035638012,False
240840,1,-0.02123338364185711,0.029633440990783,-0.0800219657794512,0.03810706208503741,False
240850,1,-0.023442906033793644,0.02926238683366344,-0.07957895252554027,0.032381905019985016,False
240860,2,-0.023286743460986144,0.02991632820830063,-0.08375781690085474,0.03568358241498033,False
240870,1,-0.017263354736961254,0.029752858941734964,-0.07455179833087533,0.04001230962264849,False
240880,5,-0.020683764569453103,0.028814313806895073,-0.07735419919311703,0.03665044030167716,False
240890,12,-0.03385882089301899,0.027804845034397178,-0.089635893034936,0.020735944006487074,False
240895,3,-0.023977997058197285,0.02825436223035596,-0.07995821683506953,0.03265996005667501,False
240910,7,-0.030889815655378263,0.027721598298056902,-0.085982658451778,0.02339432946754463,False
240920,3,-0.019162922839065125,0.029201494482394997,-0.07694780851916179,0.038443453914766924,False
240930,3,-0.02432098501211825,0.028341570319257967,-0.07881139489326867,0.031347334237560594,False
240933,3,-0.014655826458783579,0.030007960257666194,-0.07445016729633798,0.04444632498934208,False
240940,22,-0.02241510908381818,0.027176795217708324,-0.07627503779928549,0.03147270072065158,False
240950,1,-0.019685732052291908,0.028182874020277686,-0.07475718767851872,0.03624458128440057,False
240960,1,-0.01753164707008404,0.029404575976834487,-0.07459617447745137,0.03995764850872912,False
240970,3,-0.032051923018766464,0.029222452143569687,-0.08988159057373242,0.024067466737851654,False
240980,9,-0.010680831450733033,0.02871602330151529,-0.06686141862297651,0.044941620413078386,False
240990,7,-0.011567168777432475,0.028344706668210394,-0.06756243617706874,0.04332813620751408,False
241000,3,-0.01902673602503216,0.02913209314976776,-0.07719267742248158,0.03743070878814344,False
241010,8,-0.029356653410381014,0.02766591415134757,-0.08258416434133765,0.02467772863086118,False
241020,6,-0.022819743289805378,0.028546002446676755,-0.079743629598291,0.031985199920344286,False
241025,2,-0.01680089571734902,0.02857079930079357,-0.0718519916848788,0.038934648188665946,False
241030,7,-0.027146326498496402,0.02833201579685663,-0.08337083896661178,0.02945167067970533,False
241040,7,-0.024055738964471437,0.029136858204302386,-0.08028640789932891,0.032912979856079376,False
241050,3,-0.030636577496679602,0.02861342706252526,-0.08600393741123165,0.026341302193689617,False
241060,0,-0.021851511608158968,0.029238174499264535,-0.07801516422110406,0.035544954597656914,False
241070,2,-0.0175151195812408,0.028699152507240644,-0.07428131889140886,0.03972266531475306,False
241080,1,-0.02607959708016412,0.029401903866695847,-0.08394160578599624,0.031378628477133935,False
241090,8,-0.03279820101756153,0.02897373307420009,-0.0888866265227591,0.024272343624523678,False
241100,4,-0.022398254015470263,0.028625196550607246,-0.079604321167249,0.032635796644666246,False
241105,3,-0.02260955060710872,0.028400415281452606,-0.07890142296042722,0.034237366358945594,False
241110,0,-0.021847153967778175,0.029475282155426316,-0.0795300766490383,0.0352453354143247,False
241120,23,-0.025429192260558016,0.0272053407982032,-0.07917274337048737,0.028048567134026932,False
241140,6,-0.028356626662793805,0.028075080551108852,-0.08362950031397717,0.027119174871899507,False
241142,1,-0.021140919267802115,0.029110974756621125,-0.07856379582351848,0.035971260238885944,False
241150,12,-0.018535160622609258,0.027477622731759115,-0.07286832504135117,0.034601362131701174,False
241160,3,-0.012775598675583128,0.02892615754470867,-0.0689464236832884,0.04452626755920219,False
241170,2,-0.021087903691851814,0.028771581640285322,-0.07725057002509285,0.035937431217315005,False
241180,1,-0.023523178222195032,0.029398020760537304,-0.08097875354803395,0.03475504235476784,False
241190,4,-0.01905791465019242,0.029307169027044902,-0.07749998193333145,0.039176496212966566,False
241200,73,-0.027994320798623996,0.02414082604730826,-0.07623504098315939,0.018790160703954038,False
241210,0,-0.021115191569596733,0.02895552937175436,-0.0785878467119128,0.035527503737762305,False
241220,27,-0.02637841674707511,0.026561064661224182,-0.07866061866620026,0.02545581018076858,False
241230,8,-0.014904837405345019,0.029023076051054093,-0.07133270377583416,0.04217332748629301,False
241240,2,-0.020494631337294716,0.029226624415999578,-0.07792612987110474,0.036886822803229156,False
241250,9,-0.025754106505730685,0.02885227581274115,-0.08316914099331904,0.030812458707132832,False
241255,6,-0.024905225146039774,0.029177697978311108,-0.08006215984160849,0.03252860566212786,False
241260,8,-0.019591736112790678,0.028722883470832846,-0.07774470083797316,0.036686447629163406,False
241270,3,-0.021498918960581974,0.028069948736993502,-0.07677574606846785,0.03270976132843646,False
241280,5,-0.016171822105043615,0.029219544379697156,-0.07259360805686504,0.042485597268915015,False
241290,5,-0.028754461200658544,0.02818877298166367,-0.08351266368939642,0.02657364276551339,False
241300,2,-0.019582519266241914,0.029721974904490037,-0.07804769134546301,0.03976966566580812,False
241310,1,-0.02270677803085094,0.028910390030454196,-0.0796376952403798,0.03396255068011151,False
241320,3,-0.022902088418912125,0.028688743426587653,-0.0801001875187944,0.03500793636812732,False
241330,2,-0.02612958750570948,0.028282997906970413,-0.08271684675001813,0.029299892784140125,False
241335,6,-0.024474232338688107,0.028149131090253295,-0.07952807217450845,0.029889001367122747,False
241340,2,-0.019575115978273213,0.028620530213395962,-0.07709173213592148,0.036322247771649746,False
241350,3,-0.02545513353923903,0.028492841382054577,-0.08245724942832308,0.029612450959884205,False
241355,1,-0.01984616664366955,0.028792416063761157,-0.07689790778639662,0.03620114828981738,False
241360,5,-0.019208671886901243,0.02863419927496928,-0.07483328741760346,0.03704993099643694,False
241370,0,-0.02215974590604702,0.029236973030163604,-0.07956499598801484,0.034675477523708996,False
241380,3,-0.011091623505830083,0.02958418973702478,-0.0701632561560527,0.048944455970349215,False
241390,7,-0.027419227675966263,0.028975175061093428,-0.08459570911104881,0.02913637650848501,False
241400,9,-0.02959694922413192,0.02777870083649139,-0.08331692660650594,0.024442073987280138,False
241410,7,-0.018783433958684082,0.028369687518511325,-0.0740620265989742,0.03829558389385782,False
241415,5,-0.019922032355695125,0.028319715533721927,-0.07559735696342967,0.03486618654243472,False
241420,12,-0.028139865334985095,0.028929379975181156,-0.08624552028597784,0.02846014361462939,False
241430,2,-0.02829975272950629,0.029215325837685553,-0.08658322506507075,0.02817564951977633,False
241440,19,-0.01077015221750402,0.027302752271979078,-0.06415053780881301,0.04203056854411858,False
241445,0,-0.02198226227080284,0.029342198360967887,-0.08000137405533835,0.03548835953847557,False
241450,8,-0.014332135488465628,0.028420623615302027,-0.07041099863788546,0.04212452380094439,False
241460,9,-0.02696315136212389,0.028757170231891845,-0.0843561467194954,0.030226880679901022,False
241470,1,-0.020791530192661636,0.029187900038468183,-0.07873144139273802,0.03563744304374875,False
241475,5,-0.015317540345129907,0.028259113583449305,-0.07004386532547878,0.04011484415142545,False
241480,3,-0.026821665581969068,0.028793622199037965,-0.08404041715527023,0.028916470252229643,False
241490,1,-0.018456815275235728,0.02920428242679382,-0.07577377933948508,0.03829796299554963,False
241500,0,-0.022531233967900653,0.029173826050194945,-0.07988760269757428,0.034605853494409894,False
250010,4,-0.027693126536655777,0.028343796974443294,-0.08289185133412473,0.028082098788337204,False
250020,1,-0.01696237106722784,0.029234930221359617,-0.07504337182483344,0.040395478112791754,False
250030,21,-0.03325281897086906,0.027224460864876503,-0.0858382800564682,0.02020085855344284,False
250040,17,-0.038018153575880224,0.028345103602371413,-0.0938873496090293,0.018199699856689462,False
250050,8,-0.01811802261339903,0.02809756976090961,-0.07296835804566565,0.037539515311164125,False
250053,8,-0.024180006034053254,0.028323154724849902,-0.08022459054072341,0.03258267778360248,False
250057,2,-0.027520779156092204,0.028389520775506008,-0.08301164035604104,0.027532674520904615,False
250060,14,-0.011784332936798082,0.027042866714339874,-0.0645559035698624,0.041033581576884456,False
250070,7,-0.011075476972365233,0.028081177545078256,-0.066621868152337,0.04448003761785227,False
250073,2,-0.021439262363490183,0.029536351382823824,-0.0794668414413859,0.0357808855587209,False
250077,5,-0.025668379922524985,0.028943067297389474,-0.08365145032389502,0.031334605265621054,False
250080,6,-0.016383731424529226,0.028096296516950503,-0.07069637060648704,0.03817197448473688,False
250090,8,-0.022575622758757168,0.028451735771170664,-0.07743218977393793,0.03311787334851186,False
250100,7,-0.018926997313032587,0.02824304876236273,-0.07403466504350345,0.036294584995342466,False
250110,11,-0.027269370079879535,0.02739356472294582,-0.08135775821908818,0.025698763055984484,False
250115,1,-0.020924009801802562,0.029275936556042142,-0.07919524292301816,0.036403442963769524,False
250120,6,-0.02398470552662687,0.028144542467914455,-0.07819555863128347,0.03254004012371342,False
250130,13,-0.021666558113322198,0.02748773745667239,-0.0753006402684089,0.0321440467387469,False
250135,4,-0.019965742223096127,0.028400447928290655,-0.07598041183644763,0.0366562664635901,False
250140,6,-0.02841947772840287,0.028620996245567798,-0.08519923024178452,0.0288063723136461,False
250150,14,-0.022488924533586384,0.027763907227646118,-0.07750941012725816,0.03217400056823983,False
250153,2,-0.018476022156302875,0.02826941682382975,-0.07357036970613673,0.038403548562871655,False
250157,7,-0.025087385632863408,0.028739582725517947,-0.08237437006344263,0.03140196406382715,False
250160,8,-0.021228769648243464,0.028388094123574143,-0.07529131415623726,0.03280535448335259,False
250170,3,-0.01780266930766999,0.029003336304902465,-0.07415677216947256,0.040057616046376684,False
250180,58,-0.020101019877545666,0.02471580692378603,-0.06879069306126154,0.02802877018482049,False
250190,16,-0.006118354949224908,0.02766920015193079,-0.06123717555247547,0.04811505173476578,False
250200,6,-0.02641081630006511,0.029149812437041206,-0.08255906905436433,0.03058529241393591,False
250205,8,-0.029778454313685917,0.029347082418614747,-0.08783525139980627,0.02787426937034473,False
250210,8,-0.02196497548595739,0.0286615920678602,-0.07739002491233862,0.033010141317827736,False
250215,5,-0.016565275101920744,0.029454358242683096,-0.07446564984247454,0.04151181178064449,False
250220,1,-0.02074669303743391,0.029037804594260114,-0.07774644675439193,0.03673174865487213,False
250230,6,-0.017628772708397532,0.02846242569221185,-0.07337244764009394,0.038326071367855936,False
250240,10,-0.019891871148439374,0.027993507728599574,-0.07415095130660522,0.036408228168395874,False
250250,16,-0.02032914789410488,0.02812149329025398,-0.07575279812269504,0.034112183106589436,False
250260,6,-0.017149774847262017,0.028505819350560808,-0.07269192869659416,0.03871679497830857,False
250270,4,-0.01717580618695366,0.028751484844338638,-0.07271452782364161,0.0394314099198492,False
250280,7,-0.02639684341974354,0.029271722750903204,-0.08149405414977931,0.029867019142659712,False
250290,2,-0.01770567916821198,0.029163180003310158,-0.07516382182531495,0.039771799464299505,False
250300,9,-0.019606722270767325,0.027172530982609994,-0.07282712730375382,0.03514539700945684,False
250310,1,-0.025763034937428497,0.0288346195236599,-0.08135776582571898,0.03001303526405829,False
250320,48,-0.00728733588347058,0.025481639644436695,-0.05637123552882069,0.04330182418482347,False
250330,12,-0.01403076507977016,0.028427515528984634,-0.0693350177991936,0.04301018548994921,False
250340,1,-0.021939156021947275,0.0284060491600355,-0.07946023603360959,0.03366533416568825,False
250350,17,-0.027411282004852273,0.02743016534213403,-0.08207897108254854,0.026393346159439956,False
250355,10,-0.02469021551170034,0.028537451674440148,-0.08102604654869854,0.03181446344680502,False
250360,2,-0.019787732861877735,0.028819788129244475,-0.07588362182933155,0.036909369320022964,False
250370,64,-0.015806021431295482,0.02387897765390012,-0.06236843388897848,0.031002672183264385,False
250375,0,-0.02200068469062437,0.029142257145064115,-0.07893896474011071,0.034969441075405575,False
250380,5,-0.019483740380697303,0.02840153920597914,-0.07371935703703467,0.036622828232743175,False
250390,7,-0.020845672861467993,0.02861666006418189,-0.0766186963150207,0.03592225028011927,False
250400,330,-0.04061810871243064,0.01836026236721983,-0.07762286807480852,-0.005253613282774154,True
250403,3,-0.01622380107399242,0.028376588366526376,-0.07206715374465597,0.040068494876281065,False
250407,3,-0.02674232118299052,0.029052192408673662,-0.0834830098803752,0.02926715708020102,False
250410,3,-0.02639776078423886,0.02938002084010323,-0.08372916137579064,0.03191455452054454,False
250415,6,-0.020935775190364284,0.0286676190686456,-0.07688453067620958,0.03592130932754153,False
250420,4,-0.023862777046253038,0.02885194385709691,-0.08118363174047787,0.03207653211108111,False
250430,25,-0.02192270066382923,0.027044329097263994,-0.07434945807049563,0.030770260947520316,False
250435,4,-0.027728587843053494,0.02880342849487815,-0.08433998090237609,0.028454019011479988,False
250440,9,-0.015406112962541617,0.02823041976544133,-0.07140724006726655,0.04174312694614063,False
250450,3,-0.023672620049736186,0.028339714584993472,-0.07945389622243446,0.03197773054908358,False
250460,25,-0.01904582509652469,0.026264222265276672,-0.06991338287053836,0.032822902103967766,False
250470,6,-0.021331556009737497,0.028574774052317866,-0.07707268477478194,0.035249882810363585,False
250480,13,-0.02933497099411479,0.02875174206650157,-0.08468057744392268,0.02623841959806741,False
250485,3,-0.022100008936329095,0.028813961810078444,-0.07819762055904175,0.03583265054579556,False
250490,9,-0.027021221671541515,0.028690969864721114,-0.08292038439477041,0.02859249022012301,False
250500,6,-0.026772794247149914,0.028761722146679474,-0.08403893562998564,0.0298993401093956,False
250510,16,-0.031107705958891743,0.027727574438481634,-0.08562345615386796,0.02392458840260736,False
250520,7,-0.01810964800122044,0.029234369623372725,-0.07503054484560394,0.040049979883029684,False
250523,8,-0.02174340223480533,0.02823825892606037,-0.07710877086317079,0.034874286857771365,False
250527,4,-0.026426658566750253,0.02861334454744962,-0.08164563943901577,0.030343662470793443,False
250530,1,-0.019972254817787173,0.02947519086901662,-0.07859448725369364,0.038834068647616224,False
250535,1,-0.01894395546110745,0.028395719416185704,-0.07477756256006732,0.038115814759369614,False
250540,10,-0.015251863680580968,0.028481398663183787,-0.07047646679334861,0.04060001539180285,False
250550,2,-0.029049598068643292,0.029152315271850495,-0.08610088234851301,0.02746936662264412,False
250560,6,-0.029064827793484203,0.02797728453730043,-0.08506189594673895,0.024303254481629285,False
250570,9,-0.03000172939081141,0.02853159554625967,-0.08537564051485974,0.025438470953412565,False
250580,4,-0.024417621940408116,0.029259072271652278,-0.08197692972406934,0.033975512492375265,False
250590,1,-0.0201117419563346,0.02838533256169857,-0.07502770371283808,0.034589874176884895,False
250600,18,-0.006845236027225649,0.027645781839004485,-0.060888182842439846,0.04791026917885483,False
250610,6,-0.013972467373190509,0.028674789807985726,-0.07060300596037478,0.04089355681431845,False
250620,3,-0.024558436384007468,0.029359593606234153,-0.08391390925111587,0.03222714335533982,False
250625,14,-0.03220851324127379,0.02761210190519132,-0.08625156620715939,0.021224333567893276,False
250630,41,-0.023537182156662596,0.025403613181936135,-0.07383881004707038,0.02572641756047667,False
250640,6,-0.03374998699175064,0.028510313587728014,-0.0892886199619118,0.021353648490623656,False
250650,3,-0.02509064272922994,0.029689192082328154,-0.08365570475616335,0.03349800777835288,False
250660,4,-0.012766348372371642,0.02871737049336506,-0.06943065163888242,0.044185767836345174,False
250670,8,-0.015417485395737724,0.028659918385291482,-0.07173028965660011,0.04149794478180972,False
250680,10,-0.02572112883320459,0.02822686660973288,-0.08136014778153725,0.030863682080969266,False
250690,16,-0.004367547141882703,0.02744534344917807,-0.05830456375969482,0.05002343760216516,False
250700,27,-0.02902146394844865,0.02705950379557358,-0.08166931106577574,0.02394680627359242,False
250710,16,-0.01136259945202029,0.027526597725371468,-0.06503960418406815,0.04248090093009837,False
250720,7,-0.016776368724714007,0.02904790642967626,-0.07332385653327776,0.040413729714962945,False
250730,6,-0.023987464147809247,0.028129712567390608,-0.07841579747884223,0.02975591053024572,False
250740,3,-0.02433747848132991,0.028274001321577615,-0.08128081796285809,0.030655195139951363,False
250750,559,-0.027197580575195918,0.017332463189132785,-0.06129293292399805,0.006966050685422664,False
250760,7,-0.016903500407267485,0.028950513208084134,-0.07467511877878784,0.041300386184700055,False
250770,28,-0.0023807925436139872,0.027284054601832988,-0.05562928919089797,0.05228601553276492,False
250780,7,-0.023353154401617105,0.027784211395092483,-0.07790914376473386,0.030929549314949144,False
250790,2,-0.022517042673528664,0.028825022194709837,-0.07903636521714993,0.03416959254468535,False
250800,7,-0.017845428700991504,0.0278818624063688,-0.07172580065976034,0.03826477455733933,False
250810,1,-0.020759778297731516,0.028855859230520916,-0.07727887418086554,0.03594926250427115,False
250820,5,-0.015518110886032607,0.02834087411336154,-0.0709549124385598,0.04060537354653186,False
250830,19,-0.025291391232589215,0.027278128762437234,-0.07844407888968073,0.028110820148388845,False
250840,1,-0.025140887912565194,0.028890323640464198,-0.08182104773759882,0.031471277570299126,False
250850,4,-0.034921756156838714,0.028848845238822612,-0.09258936749928068,0.02110451667587257,False
250855,1,-0.02191854502845567,0.02970638406726263,-0.08107000101173956,0.036533450328411675,False
250860,8,-0.02984411340956961,0.028237551009940003,-0.0868446768518328,0.025202829502328654,False
250870,3,-0.015093543140742282,0.02838410623689348,-0.06935814463487135,0.04047944615073097,False
250880,2,-0.021569068193203454,0.02942390328424766,-0.0800215854664409,0.03619360062588221,False
250890,36,-0.015360502371593062,0.0258076441418872,-0.06608103835677707,0.03590319579405117,False
250900,5,-0.024847593442870304,0.02863202171913679,-0.0814374141124637,0.03114695013941585,False
250905,3,-0.0223034616383348,0.02961500818527824,-0.07991291187171706,0.03520791872447605,False
250910,11,-0.023168322741638908,0.028580696515369663,-0.07993826150493975,0.034116916418683654,False
250915,4,-0.023611115060444252,0.0282394837496188,-0.07797446337633375,0.0308839649668979,False
250920,13,-0.0109846822931905,0.028258950419977665,-0.06714479784157326,0.04255638757958713,False
250930,6,-0.018528389384872668,0.029335858430438677,-0.07728086216868893,0.038171044074364585,False
250933,4,-0.024996853676270598,0.02883616779513269,-0.08348815990701713,0.03136678824610613,False
250937,0,-0.022588744679983695,0.028452798197170667,-0.07915370367611729,0.033609273022084746,False
250939,3,-0.02580502825162133,0.028135807485703563,-0.08129776796399962,0.029674916495423802,False
250940,12,-0.021431397215661434,0.027584120388100188,-0.07421696666057101,0.03249829723365197,False
250950,7,-0.02673852940074705,0.029474799709484772,-0.08432346181780961,0.03052280986256636,False
250960,1,-0.019380984082570683,0.029418865382276185,-0.07589605395484102,0.03960697875747708,False
250970,30,-0.04288858029368452,0.0267026149386944,-0.09647049404532522,0.010201531337315235,False
250980,5,-0.02432851262017742,0.02770603657454194,-0.0796750500469175,0.030274972528974053,False
250990,3,-0.02389101835482565,0.028319477364874973,-0.08042844136401804,0.03128149322388027,False
251000,2,-0.018059944082938158,0.029099606433026615,-0.07474397767495834,0.03944942504404941,False
251010,13,-0.017559415475962816,0.027684241860417885,-0.07352097887227324,0.03752825625475805,False
251020,3,-0.028462166109377383,0.029013108543222654,-0.08576459751647021,0.028147548268067184,False
251030,1,-0.021162146298367678,0.02989361835512672,-0.0806549555682507,0.037494456179313684,False
251040,5,-0.025035214368178463,0.029191505378230554,-0.08335027399080007,0.03238074182592472,False
251050,3,-0.022482649034366992,0.029514520370008682,-0.08062879424909941,0.032816299080020886,False
251060,4,-0.0320955346522517,0.02943398548453406,-0.09088247739950067,0.025542859114908837,False
251065,1,-0.021580287016250792,0.02903053594995315,-0.07869276973222253,0.03546918174881031,False
251070,3,-0.017747049326393642,0.02898720490674436,-0.07470325137457555,0.038733714057371665,False
251080,84,-0.024826708439973946,0.02328601686423336,-0.07020161661143448,0.020657109202561016,False
251090,2,-0.015448712652054383,0.02900630724605643,-0.07228609272432608,0.04185070617648121,False
251100,3,-0.019758589196487694,0.02898253600942236,-0.07657654425802272,0.03846638640652124,False
251110,6,-0.01407288343481019,0.028932220451400398,-0.07064800426055691,0.041127122599430105,False
251120,20,-0.011158851700166911,0.02727982639066582,-0.06417571307102789,0.04185961879566319,False
251130,10,-0.015988162533275348,0.028983408920515125,-0.07353314489044677,0.04017261408257866,False
251140,14,-0.022045565230486317,0.027568364514357166,-0.07624448027790882,0.03246443798429295,False
251150,5,-0.014135743715416912,0.028089809394742076,-0.06799856954959609,0.04107217534805718,False
251160,2,-0.02255583280701576,0.02793430614682361,-0.07849503055906537,0.032886603943322705,False
251170,4,-0.021170754549210333,0.028340399849905037,-0.07646328490801456,0.03463454747409069,False
251180,8,-0.023729745591258792,0.027562602371213992,-0.07950669716042187,0.032343851324993914,False
251190,15,-0.02973656596997678,0.027182625369914903,-0.08279309968854526,0.02366701941478503,False
251200,12,-0.025135813107829728,0.02792577249918456,-0.07974995428622139,0.02901885892554463,False
251203,2,-0.028338593815670728,0.028866865025316,-0.08470045214312787,0.02858137398912353,False
251207,1,-0.026116973835143067,0.029533968977936444,-0.08460692212762207,0.03151600980702343,False
251210,17,0.0016111968968621241,0.027772414270389408,-0.051917361766265165,0.05627566154209402,False
251220,2,-0.020429114576034087,0.02911785896705783,-0.07681644165350542,0.03660900070053795,False
251230,13,-0.020526311550231772,0.027987994523503326,-0.07592995996659371,0.03410016665927989,False
251240,17,-0.029300942085177698,0.027743447759676913,-0.08479326117385072,0.02515824266997514,False
251250,47,-0.024605974064639508,0.024876414890479433,-0.07293004543438336,0.02473657762570194,False
251260,1,-0.020014741284493112,0.029140377999870175,-0.07619207025554012,0.03726852815961391,False
251270,7,-0.026558038401789132,0.028014464541415884,-0.08164523471093903,0.028813056697608957,False
251272,3,-0.02132383298009843,0.02821820815483937,-0.0760289219673439,0.03325490188854119,False
251274,2,-0.02261396731520179,0.029406534487057427,-0.07972829584827937,0.034804929391508234,False
251275,1,-0.017635541112046915,0.027986527874433197,-0.07287654915456931,0.03913719827549421,False
251276,4,-0.016873759016435803,0.02918857877470309,-0.07452317657992383,0.04048162640414903,False
251278,1,-0.026118551279990326,0.02925882860577714,-0.08385225685524318,0.030840316948568317,False
251280,6,-0.018894340411012258,0.028598184383335848,-0.07516306844635524,0.03653216042846996,False
251290,15,-0.016323121195731368,0.02802834046413139,-0.07200725881148669,0.03880974312581485,False
251300,1,-0.019751477881919315,0.028293389126265417,-0.07619118703741314,0.03508112540550275,False
251310,7,-0.023546171162039446,0.02881092327478552,-0.0803573391483372,0.03242322658049046,False
251315,12,-0.011651254631628617,0.028439157521585004,-0.06702681346222271,0.044534049688932605,False
251320,7,-0.028615940280988003,0.028881322800319253,-0.08562780850401212,0.02721911853788419,False
251330,2,-0.014605940518322487,0.02947059452349192,-0.07456375501925398,0.04330817685673025,False
251335,2,-0.02790762699651323,0.02929395206883284,-0.08490875021717544,0.029167537817724333,False
251340,12,-0.014106499631233938,0.027633112493737188,-0.06798244479871299,0.04001159200877558,False
251350,2,-0.020425292601227833,0.028970407219897965,-0.07773264631088993,0.03489472428807439,False
251360,5,-0.020298492484828335,0.028609474484518446,-0.07706018851337194,0.03669374246565542,False
251365,0,-0.02219540638213715,0.029116699515357093,-0.07918791120746102,0.035655793995408316,False
251370,89,0.011988871875273963,0.023569174933805555,-0.034061961057913336,0.05829767438091188,False
251380,2,-0.02266865366943546,0.02960436298326347,-0.07958546120276858,0.03522063703710932,False
251385,1,-0.02070727095177962,0.029078205608100264,-0.07801577933839848,0.03672444503448325,False
251390,21,-0.01326509430548372,0.02715831495857482,-0.06693724327652208,0.040292270759938846,False
251392,2,-0.023527812380329454,0.028777185928958456,-0.07921785123126159,0.032362871700577375,False
251394,0,-0.021806764537473114,0.02911568725628961,-0.07816788760546346,0.03545111726103238,False
251396,3,-0.02278005465217978,0.029870410841784874,-0.08242215108722536,0.03548243197111019,False
251398,7,-0.02427510962562502,0.02953173132582965,-0.0830408756292731,0.03401896072407849,False
251400,1,-0.02238899334533622,0.029758378573562252,-0.07998559139787587,0.03726571257717668,False
251410,1,-0.025391007718343416,0.029366317554675354,-0.08304578669380812,0.031857593805636804,False
251420,11,-0.018133165013769718,0.028551675219376346,-0.07283981171625445,0.037831837586646586,False
251430,7,-0.02587457641817426,0.029085815575797525,-0.0818330647946253,0.03180272917701713,False
251440,2,-0.019051792193432615,0.029262019816606262,-0.07618281751666128,0.03946643597106043,False
251445,1,-0.019520220573598954,0.029331233460463492,-0.07807867125304133,0.038219292785633005,False
251450,21,-0.008658903159275658,0.027064951433366357,-0.06283817260488316,0.045556690474322876,False
251455,5,-0.021835193077535904,0.03011293868291616,-0.08050455175426194,0.03710497246732222,False
251460,5,-0.03179102553595477,0.028705108119732328,-0.0888254132329005,0.023944340103494693,False
251465,1,-0.022616981208122725,0.029039999249002794,-0.08033803343561582,0.03488538480865943,False
251470,4,-0.026774751815762027,0.028447036082970074,-0.08259855315662998,0.028391294753698646,False
251480,2,-0.023102431685632172,0.0283193062184989,-0.07928218029852649,0.031901536233634994,False
251490,3,-0.025530808573200982,0.028980544270878723,-0.08350577777477644,0.03286485078661565,False
251500,5,-0.012165495776278665,0.027579680636602814,-0.0671159398020532,0.04081758369656546,False
251510,4,-0.02134454742487172,0.028931973057800507,-0.07766794753534315,0.03498915992993779,False
251520,0,-0.022195537541212916,0.029201955433928773,-0.0783232322032525,0.0362501796559867,False
251530,30,-0.03176847559245708,0.026338141253258673,-0.08257645034409464,0.019700353427290263,False
251540,11,-0.020631039342345267,0.028103778863636877,-0.07592416889846236,0.03426989282908185,False
251550,11,-0.026944101544872857,0.028858457919828273,-0.08316117178934493,0.03032756670499931,False
251560,0,-0.02236758252080268,0.028883339113162015,-0.07949948244055224,0.03446914617344649,False
251570,2,-0.021922873856927906,0.028823879531997335,-0.07840052524642847,0.03571300934201647,False
251580,5,-0.021350128741763504,0.027797717582739998,-0.07477840403470552,0.03233201458054504,False
251590,1,-0.02310713860825529,0.028551458246762296,-0.07952797658505459,0.033235778964187355,False
251593,2,-0.01978484844246589,0.028862437254062685,-0.07595428801327768,0.03720484528778395,False
251597,7,-0.024382617142075843,0.02792782714898254,-0.08005060801477225,0.029576069144900095,False
251600,22,-0.038198848816314364,0.027277432373480067,-0.09245303787687846,0.014223852628206343,False
251610,9,-0.020617563759105152,0.027442274314245518,-0.07483313952824118,0.03360603625629188,False
251615,5,-0.02203315445265082,0.028945439467516702,-0.07834304495320023,0.034211330632972145,False
251620,59,-0.015870468832043426,0.02440402653208752,-0.06362206799365777,0.03168569049980412,False
251630,19,-0.038994215999014654,0.02788758843875125,-0.09306172536037607,0.016004049307695514,False
251640,4,-0.025581015544372775,0.0290228120147218,-0.08205268641176915,0.031765167753483446,False
251650,12,-0.016877876953979392,0.02907249765416698,-0.07315693120603005,0.03971017060327061,False
251660,7,-0.026592283129244432,0.028490872791275344,-0.08203485784253395,0.029342705669431986,False
251670,14,-0.030509818960762953,0.028323862965490876,-0.08518655692553619,0.024655920376120435,False
251675,3,-0.018355652979193667,0.028823320345876174,-0.0745137186971362,0.038865138691740346,False
251680,4,-0.010643661102873148,0.029365543611042537,-0.06757972001924799,0.04630402523718975,False
251690,6,-0.02007478360874174,0.02822744778495239,-0.07606849410660381,0.033558824554160996,False
251700,7,-0.024840781355515516,0.02860380388931747,-0.08047161954062758,0.03130321151228805,False
251710,1,-0.017773040152159594,0.028609141642985555,-0.07440265872923313,0.03988420187356155,False
251720,3,-0.02558521718398345,0.028240167800638292,-0.08071412274052499,0.02991697396653937,False
251740,3,-0.023125290556946784,0.02911771539250057,-0.08001232074307386,0.03402694009279376,False
260005,40,-0.016762002211927,0.025571751282490805,-0.06675553968923154,0.03370669757115909,False
260010,19,-0.01663116687730498,0.02736371247684364,-0.0696948492278433,0.038342069034295906,False
260020,20,-0.0285668214972432,0.027266471147797195,-0.08256625484459885,0.025694860871949398,False
260030,11,-0.01330599132058334,0.0276921792677241,-0.06799073081691916,0.03972456796285985,False
260040,20,-0.009100989640774998,0.02744237989848942,-0.06259727483431553,0.046264916491231614,False
260050,31,-0.032776898602326535,0.026145178825834767,-0.08419142582004215,0.01939792780865447,False
260060,11,-0.021317968661390983,0.028516478990043958,-0.07769522240677303,0.03380069077869766,False
260070,23,-0.024881509625647925,0.02777156652271932,-0.07795284801867881,0.03000057772183121,False
260080,10,-0.030318528343070576,0.028160119736199515,-0.08509491087892607,0.025908581272907457,False
260090,12,-0.03008018246321819,0.028316913928899397,-0.08623887046930086,0.024762083643016942,False
260100,8,-0.022658664940763296,0.028200036560542336,-0.07840792536540188,0.03321940454715278,False
260105,15,-0.0036870593096363273,0.027780953279721455,-0.05710149905956484,0.05169020533303222,False
260110,95,-0.032490138274147415,0.02328406799871874,-0.07795915281565048,0.013866788416675284,False
260120,49,-0.01900095004601309,0.025092507628822456,-0.06794895033436293,0.03025961975603993,False
260130,5,-0.020885759896238552,0.028350846254877583,-0.07487808234115098,0.034621020127175765,False
260140,33,-0.03022325468293255,0.025832954375708733,-0.08146969843886336,0.021552548500619263,False
260150,3,-0.02267207772713699,0.028806633600381812,-0.07862744372943613,0.034415467907830226,False
260160,14,-0.03083599759568665,0.028128429636080227,-0.08604281190873835,0.02454012179482471,False
260170,46,-0.017593747092702824,0.024977996790066914,-0.06673460397280315,0.032240862833601114,False
260180,15,-0.02361160450724608,0.02782466612461185,-0.07889905998404205,0.031468633271209155,False
260190,27,-0.030923059118981286,0.026322290299413846,-0.0820459438233296,0.02118864079291053,False
260200,40,-0.034588772686724154,0.02666770966958135,-0.0867423057937138,0.016999405832374213,False
260210,22,-0.009080583171038279,0.02721561132915453,-0.06267153943579801,0.04470338254227751,False
260220,16,-0.023571093352554962,0.027545505704209917,-0.07768815351996712,0.02936392687435941,False
260230,21,-0.015716368414995803,0.026939458418813532,-0.06732072241559567,0.036281305697080775,False
260240,11,-0.004475306836694215,0.027718561133704297,-0.05728634946489364,0.05011863747137842,False
260250,2,-0.01656018442775854,0.029352666385383818,-0.07435175281212682,0.04024428425157653,False
260260,38,-0.019749956884271083,0.02630234561849964,-0.07162015730569567,0.03193221587911093,False
260270,4,-0.020595153549780584,0.029464486958223266,-0.0773068428600425,0.036838439794929775,False
260280,56,-0.023970772269964746,0.02481327640410364,-0.07193497757123941,0.024318596057768378,False
260290,78,-0.018214870783396387,0.02332997918901469,-0.06421843026759354,0.02747596342848783,False
260300,35,-0.012424408086390818,0.02591026407457534,-0.06294809530440557,0.03974184580511886,False
260310,17,-0.024095650515856187,0.02708540636123178,-0.07743816945203501,0.028616195489619637,False
260320,21,-0.019017253128820275,0.026651708410620045,-0.07197927848231608,0.033136426935601544,False
260330,0,-0.0208802570557109,0.028978439253856972,-0.07791500951844452,0.03605471273040615,False
260340,2,-0.012717439223560613,0.02926948746179795,-0.06987287550470293,0.04370937783735121,False
260345,52,-0.001510439076820786,0.024520353223924523,-0.049327045200787074,0.04557809971582357,False
260350,7,-0.024461029235963043,0.028408530020094542,-0.08045951562870325,0.031177239216645895,False
260360,1,-0.019620178149559412,0.029125431859618554,-0.07619803289018953,0.03772161060589577,False
260370,13,-0.02851577851467648,0.02665892236764051,-0.08042289117379268,0.022924297240672922,False
260380,12,-0.01917299265806728,0.0270031116869278,-0.07373277813031859,0.03424937187382006,False
260390,15,-0.004428899851067294,0.026920019996856066,-0.05794863247986449,0.04938721482892557,False
260392,18,-0.01594650463848432,0.028296678980546736,-0.07242774772542152,0.04001080553899873,False
260400,34,-0.02955606045352143,0.02576435549284898,-0.08047474380950476,0.020974372087943307,False
260410,165,-0.02707478931510253,0.020591163569271407,-0.06688933212722034,0.014912704650639454,False
260415,5,-0.025744343966997985,0.028471847512179006,-0.0819531501070257,0.030107618229705462,False
260420,16,-0.02944981758057667,0.02693768468652012,-0.08280446938309498,0.022721900730673036,False
260430,11,-0.02752021602008305,0.02794506754996489,-0.08155942834399296,0.026638073504940026,False
260440,5,-0.019541354395675677,0.028365144681795573,-0.07397327677337913,0.03714958226793702,False
260450,10,-0.023994008103946526,0.02765648527874182,-0.07826472285671038,0.02966722904097709,False
260460,9,-0.04002150673595268,0.028425921035828607,-0.09593594015010364,0.014157642971183212,False
260470,10,-0.02362342668968687,0.028406550992633218,-0.07997212737419711,0.032701208697067094,False
260480,7,-0.021638989080572203,0.02867905830717891,-0.07680176724309559,0.03424156334743206,False
260490,5,-0.028104807789042126,0.028606338313904228,-0.08372144260789198,0.028514090396011774,False
260500,13,-0.022735646525516524,0.028060341464810255,-0.07789527530104547,0.0326970555336702,False
260510,26,-0.03037114040408038,0.02714306968368009,-0.08364780664882603,0.022648936073640782,False
260515,17,-0.002561552999772379,0.02824957769095213,-0.057778502843359884,0.05278726827120083,False
260520,28,-0.024837865126980774,0.026706027976393102,-0.07730078689943379,0.02797172912038546,False
260530,39,-0.031688409767282946,0.025499130846015017,-0.0824709373902533,0.018261596142592745,False
260540,7,-0.015492451202867722,0.027873180834421633,-0.06969866539717517,0.03906646400843013,False
260545,1,-0.025426449883495166,0.028843510195994498,-0.08322257806746813,0.029611865096820716,False
260550,6,-0.020305040390132735,0.029215882055806452,-0.07746595127992882,0.037517752927037566,False
260560,12,-0.01847080324796527,0.028154905040351966,-0.0742971803503108,0.03678639617745059,False
260570,24,-0.03413777765366588,0.0262213115983127,-0.08488859691521328,0.017286265043222518,False
260580,10,-0.02311273831220106,0.027805436788664317,-0.07876620811830234,0.030941385925414053,False
260590,9,-0.022656223708839376,0.02835568807671467,-0.07796702893762544,0.03413980587100321,False
260600,102,-0.018642354164161237,0.022512556900829657,-0.06298153294384172,0.025576986616013094,False
260610,15,-0.017176701133268094,0.02775041447153258,-0.07037551147836138,0.03748635047123743,False
260620,39,-0.00740055117409403,0.02526630218206297,-0.057502524128209026,0.04245336726969817,False
260630,6,-0.01406586568321778,0.028099847868392043,-0.06958666851148032,0.04087983731853219,False
260640,28,-0.02763609782118666,0.025901256114307637,-0.07834335486433351,0.023437259819651387,False
260650,15,-0.042711435695067336,0.027500982272063077,-0.09712309519884059,0.011898427705764145,False
260660,21,-0.035340294348225144,0.02745620518932927,-0.09005016762804932,0.01889650696177344,False
260670,1,-0.01858476433319492,0.02877834928369189,-0.07481619522835802,0.038602946398186525,False
260680,55,-0.025776125722891084,0.02524163399536149,-0.07451325725663782,0.023975913086827977,False
260690,3,-0.017707576708197573,0.028672849744182362,-0.07434455009944577,0.038318306305274163,False
260700,17,-0.03264707917597002,0.02808198787517183,-0.08755551984798132,0.0226161280990222,False
260710,2,-0.02343985611067723,0.028323320485688603,-0.07870145189713343,0.03158125538351455,False
260720,37,-0.04721997203796756,0.0263791908313057,-0.09832675964065725,0.004020223696257326,False
260730,40,-0.032316223126114874,0.025399443411867915,-0.082750904297723,0.016671159186204116,False
260740,2,-0.026884693455009948,0.02840563181041745,-0.08293210853344316,0.028441915725380938,False
260750,19,-0.025048709528350126,0.02754012604038103,-0.07912698379941929,0.02781619581446033,False
260760,10,-0.023595602417271298,0.02725166249550982,-0.07641078909447961,0.02904808584888553,False
260765,13,-0.013043627421388346,0.027117937696260773,-0.06678043284906213,0.039590184477521544,False
260770,5,-0.023669672171666975,0.02902244289883418,-0.07983851853609424,0.03259376375279422,False
260775,6,-0.012621830946946131,0.02770736561434873,-0.06693327239290754,0.04102263861071545,False
260780,5,-0.013433257337481712,0.027899273195417497,-0.06730528103502693,0.0421342647937364,False
260790,276,-0.025538113755111325,0.018873050906633066,-0.06224860362019472,0.011578449411495204,False
260795,6,-0.02323895513824835,0.028318635001569697,-0.079528661705209,0.032858434636353656,False
260800,14,-0.0304721107450967,0.027713063848537552,-0.08544127000777756,0.02351237219539167,False
260805,3,-0.024566582465175568,0.028501572703188274,-0.07994084381106738,0.03247964927432963,False
260810,15,-0.01616536283404923,0.027726981652464216,-0.07105080597230197,0.03849936167077877,False
260820,5,-0.02524848182778137,0.0283130621522128,-0.08102133910891372,0.03062505780914108,False
260825,4,-0.03332469451890276,0.027986449082031045,-0.08952551464502748,0.020796974636810638,False
260830,5,-0.02129924273734739,0.028204729126071772,-0.0772424913696985,0.03501069658768752,False
260840,9,-0.016744788697261148,0.028006086469059558,-0.07174968480071098,0.039450125363723915,False
260845,6,-0.01436565563002754,0.028361022215549786,-0.07052949075054035,0.04134905264926908,False
260850,12,-0.03526096586924836,0.02695679931493731,-0.08887982452476051,0.017283817113372776,False
260860,7,-0.02865293385373557,0.02833329899947001,-0.08425412283816601,0.02725191998171432,False
260870,6,-0.014530591569678895,0.02775177958403815,-0.06890125605550909,0.04051084240468763,False
260875,32,-0.013401004008104435,0.026308341234305952,-0.0646365008957584,0.039312637229576106,False
260880,24,-0.021719011684393802,0.02682633290250356,-0.07401677173043995,0.031308576019632245,False
260890,23,-0.0012178139124646417,0.027540155521376085,-0.05539699813662091,0.05211635681250096,False
260900,15,-0.0329059088999314,0.02828994679763437,-0.08871259197557171,0.02265407384885798,False
260910,7,-0.02634275140761407,0.028520769166540127,-0.08363055137223988,0.029245815820232147,False
260915,21,-0.034130775378384104,0.026169810528568736,-0.08487974287504405,0.015738992953335588,False
260920,9,-0.005401016013426736,0.028897035007165946,-0.06295237865524816,0.051619474638768724,False
260930,23,-0.0025935774045150505,0.026772380073259692,-0.05560822039096812,0.04993458342748116,False
260940,21,-0.01203311224007622,0.026838721995869466,-0.06407803498363006,0.04052249055565121,False
260950,13,-0.018516261765959885,0.02781829970755662,-0.07321073358371112,0.03554060219224148,False
260960,150,0.011819138188113466,0.020631121817266306,-0.029256865269826564,0.05318070699290556,False
260970,11,-0.024417363032728418,0.027562751349562514,-0.0785965118856678,0.029475052561708907,False
260980,17,-0.03569948250761009,0.027450877641931253,-0.0895107789929951,0.01833112455493614,False
260990,81,-0.007062740015949629,0.02383725761059064,-0.05345923010165464,0.04034919483294055,False
261000,34,-0.026940451801954198,0.025857124311639126,-0.0767653198260985,0.025001306065571268,False
261010,8,-0.011238646643551878,0.028424925890387837,-0.0677710091789172,0.04342500244205548,False
261020,17,-0.017615025022645732,0.02731903128550325,-0.07173519494909009,0.03690950453412455,False
261030,11,-0.025516306477794237,0.028266350268356197,-0.08052691497514161,0.030995575575954403,False
261040,22,-0.03385741688047393,0.027861568648203452,-0.08815076331464075,0.02033824207005025,False
261050,10,-0.01038701415185352,0.028486394285232367,-0.06548219692063588,0.04566563134852113,False
261060,24,-0.02587105264857395,0.02669492737426677,-0.0784433433784582,0.026175383915080324,False
261070,143,-0.035488088465763214,0.02093962429390632,-0.07734605921884997,0.0048889330924015316,False
261080,18,-0.011375144923694742,0.026676214786250343,-0.06345790691070688,0.04014118748293087,False
261090,41,-0.03188254346581136,0.025500727075778794,-0.08136232650318555,0.017139026363189126,False
261100,23,-0.022926245237056237,0.027126177010363555,-0.07655717491331546,0.02948650764991564,False
261110,265,-0.0763014223086223,0.019273927271966033,-0.11504172627193045,-0.03979099791971376,True
261120,11,-0.021059534041571234,0.028052858250327665,-0.07670838984615536,0.033405386798705056,False
261130,6,-0.02465435967077108,0.028585691395904934,-0.08052573317013036,0.03243363884191258,False
261140,6,-0.023443447048856654,0.02885813064383599,-0.0807364243269547,0.03299209386826066,False
261150,13,-0.01966508024858221,0.027523458687909275,-0.07343773939955375,0.03407844845990904,False
261153,5,-0.02242654662191612,0.028895574811154238,-0.07931618535020238,0.03530181574768496,False
261160,263,-0.028600780172368008,0.019060221225141033,-0.06621374679913085,0.009065991509436301,False
261170,15,-0.021407248859081397,0.02768840155519095,-0.07612619868384045,0.032610795092107576,False
261180,16,-0.02272878620628134,0.027111348243205772,-0.07603469263690817,0.029830440939768516,False
261190,14,-0.02906566679934544,0.02743871712358878,-0.08393591358418817,0.024662239078944725,False
261200,6,-0.020410982560495342,0.02852692965003888,-0.07724247327915598,0.03561509225167449,False
261210,2,-0.025312769030410333,0.029183572563592587,-0.08125514578251299,0.03153391642568243,False
261220,70,-0.03835068148374655,0.024146496926428368,-0.08559420543819284,0.007903567357479126,False
261230,6,-0.013489683688611824,0.028806147443441597,-0.06982561112957407,0.043117741148646443,False
261240,14,-0.01602032577466831,0.027429764257047358,-0.07093054345738618,0.03902867002375022,False
261245,29,-0.034140188732233456,0.026756895876103668,-0.08719257672075402,0.018366548756444615,False
261247,10,-0.017193709725648824,0.02843612644649027,-0.07212160994472776,0.03986528562010668,False
261250,51,-0.016289678747084067,0.025398581683214943,-0.06520474627375353,0.03292082591177107,False
261255,14,-0.02802834893254866,0.027801959392249255,-0.08398803223774699,0.027580232382239712,False
261260,36,-0.020836322331257776,0.025725852643613868,-0.07211068140574572,0.029172900061683764,False
261270,10,-0.01839737050963338,0.02725490681548614,-0.07184934172925253,0.036847762335767004,False
261280,5,-0.017485259404996092,0.028803716368368624,-0.07446050218902503,0.038741625953140686,False
261290,7,-0.018716504573182788,0.027942646488585597,-0.07418348744901589,0.03673506971358123,False
261300,31,-0.01202408684167537,0.026837756718639402,-0.06349852921321969,0.04079607036068143,False
261310,24,-0.0007414453376380343,0.02727013773950101,-0.05354018448155186,0.05417385726595984,False
261320,19,-0.027616549564754952,0.02767349611396217,-0.08201146369745672,0.026197068247475527,False
261330,12,-0.015127298585316914,0.027658122692122533,-0.06877553181143863,0.0385361354707061,False
261340,6,-0.019530053047390743,0.0282137561906036,-0.0738297351733049,0.03566713205401909,False
261350,18,-0.026199573960945344,0.027035725285461863,-0.07941834542982379,0.0270367878359812,False
261360,16,-0.014925789154348336,0.02785633033635927,-0.06885956003814472,0.0387576063737345,False
261370,38,-0.008480342761528124,0.02608541130515094,-0.060668888730394395,0.04246493550074295,False
261380,11,-0.013463400944416995,0.02759860135978102,-0.06779365147530556,0.04042918146909472,False
261390,70,-0.009062824867977886,0.02481591463998558,-0.05835668605056461,0.03913215230151934,False
261400,22,-0.02713354881375534,0.027658937180250073,-0.08293624481437768,0.027159081951990596,False
261410,26,-0.019748054716817225,0.02701960756765148,-0.07161185119729814,0.03431816599575392,False
261420,18,-0.019851630762129015,0.02667175627292857,-0.07167727260874401,0.0326167238160048,False
261430,8,-0.021737237050535256,0.028462524807236694,-0.07822066726654887,0.03448463445074699,False
261440,3,-0.02192589094244759,0.02888500117769052,-0.07902355646882184,0.03562203522743941,False
261450,26,-0.006631911843224406,0.026049380227041393,-0.056644838111576695,0.044207298860473504,False
261460,18,-0.019278878808962088,0.0275982983013251,-0.07236692691893269,0.03391400788802938,False
261470,8,-0.020034890204896107,0.02877619213011466,-0.07734540666631096,0.036970713137199254,False
261480,15,-0.022557175034568312,0.02816602646073999,-0.07712897223979417,0.03257360135470187,False
261485,13,-0.0126759819522244,0.028415480602220947,-0.06695693261102666,0.043048792837245345,False
261500,12,-0.004568974859612316,0.02817713031311081,-0.0586300556080272,0.04984802528020697,False
261510,2,-0.020602687338119503,0.028555700363948194,-0.07595131305162348,0.035325538867904654,False
261520,9,-0.02713419859414218,0.02822596875175791,-0.08309099180327638,0.027911121456370463,False
261530,9,-0.028783114287555388,0.027384234334419184,-0.08165225225859438,0.02454314075819118,False
261540,35,-0.0534938355951024,0.026569258937129178,-0.10600212313444098,-0.0026402757687460075,True
261550,13,-0.029841601606007753,0.02828720226080426,-0.08609993888210384,0.02629129610676266,False
261560,48,-0.022178750568489804,0.025027232648792794,-0.07218725689553723,0.027682784543852406,False
261570,7,-0.021798840802749304,0.027665602975198603,-0.07599703144832422,0.034338386734755956,False
261580,31,-0.013805384128924951,0.02632435131549267,-0.0657359156828246,0.03861324759943767,False
261590,7,-0.021484760003915318,0.029004243608925256,-0.07828311582173093,0.035230236996942256,False
261600,6,-0.03468231208244284,0.028366018154978474,-0.09020860308652663,0.020895341678389887,False
261610,11,-0.02753998599105774,0.02896999908842541,-0.08469598055336273,0.029370751989233012,False
261618,3,-0.0206464198399839,0.02907718837355495,-0.07744849365266926,0.036044246049268897,False
261620,7,-0.01942136397387431,0.027976738993192887,-0.07447892819146149,0.03610678989506331,False
261630,11,-0.01107343095196426,0.02753079129519356,-0.06556556971229575,0.042064215115077026,False
261640,33,-0.03807682361156541,0.025782252527114375,-0.08957760039643357,0.010859973093814071,False
261650,6,-0.026734183271966794,0.028100615135152836,-0.08032102154434793,0.02904062140255413,False
270010,17,-0.0372085768583563,0.027461145180690944,-0.0911981786859323,0.01678886717881319,False
270020,12,-0.01746506785581782,0.027914077837158883,-0.07191781213913827,0.03774816699263523,False
270030,258,-0.018709522397423232,0.01923244082125109,-0.056657292976374694,0.01907009498859081,False
270040,34,-0.02779503057808213,0.025819201856826655,-0.07892354977172346,0.022867285527148576,False
270050,19,-0.008719650889438062,0.027605573957628436,-0.06373998250468742,0.04504023389652827,False
270060,10,-0.010658281822037478,0.027701584023318113,-0.06402895373264061,0.04432099795435756,False
270070,19,-0.011362833189355244,0.027721960011597047,-0.06487014275537702,0.04209385333236192,False
270080,5,-0.021091100446574917,0.028623735529420054,-0.0768018348893106,0.03443224698605148,False
270090,11,-0.02722107629753912,0.02830901537883023,-0.0830459078604192,0.02698898834014384,False
270100,27,-0.03448022577951453,0.026678442652922414,-0.08618772641992264,0.017604724907027716,False
270110,11,-0.012646916531417897,0.0277811854854871,-0.06630224440935938,0.041129393045596874,False
270120,10,-0.025560513531190963,0.028114806771364003,-0.08040596911958417,0.03036264897845225,False
270130,23,-0.031832627880306094,0.027172430324652153,-0.0857356627513401,0.022113034961084195,False
270135,7,-0.0219189466880726,0.028226489516386146,-0.0771710516846882,0.03386995545629172,False
270140,30,-0.031105611316120104,0.026250728432473388,-0.0827408272815022,0.019458667773937,False
270150,11,-0.0251009122913891,0.027714764041232763,-0.07899956863211702,0.029668099200042215,False
270160,29,-0.03717625973557663,0.02693079837922462,-0.08963990896533108,0.014848259801070327,False
270170,8,-0.03345755911327863,0.02876955004657965,-0.08930220250634478,0.02215414485158419,False
270180,13,-0.032752991321684466,0.02759105896725189,-0.08760973675945315,0.022254818460678255,False
270190,3,-0.025814254311313248,0.02843424275654375,-0.08187846665925937,0.028793257070445173,False
270200,14,-0.03972796091544183,0.027650329803930285,-0.09405203845766479,0.01470312045820899,False
270210,8,-0.02529460053068257,0.028304096382091023,-0.0808840291381983,0.02876843773893487,False
270220,3,-0.016859084447695565,0.0289804618710562,-0.07378010266372154,0.04006917166185819,False
270230,58,-0.01115552257039074,0.024783222743516783,-0.060462003635936054,0.03648609834519151,False
270235,37,-0.011708046231059099,0.02655637203560418,-0.0634215913604079,0.040927253249054024,False
270240,51,-0.01786362292078113,0.02465304920230254,-0.0670049466119283,0.02960883255498149,False
270250,12,-0.006671598972919277,0.028577298850894335,-0.061423101815807825,0.049444177703037884,False
270255,17,-0.024792085800518615,0.02793580114001885,-0.07900321141988828,0.030596541960875388,False
270260,22,-0.015578868845983758,0.0269249643324757,-0.06705217347395032,0.038082365619872945,False
270270,4,-0.0238662509065379,0.029244030019789754,-0.08184887556572087,0.03246137379013086,False
270280,12,-0.02261330148605893,0.028050345231591143,-0.07738981199500775,0.031908312480866785,False
270290,36,-0.012418523898355072,0.026435568465335648,-0.06506946415266554,0.03771482060598885,False
270300,18,-0.025038397723591496,0.027358623328930614,-0.07790828035935238,0.028042272700468763,False
270310,22,-0.017110104133711303,0.027395656551073937,-0.06942792790593144,0.036044119666715356,False
270320,19,-0.02497675959476999,0.02704926720741609,-0.07745943523110702,0.027690866279259357,False
270330,20,-0.029381447803165494,0.026841962185406725,-0.08204574549447348,0.022013174285507357,False
270340,4,-0.029026164683052882,0.028454403112771504,-0.08534259372660744,0.02816455565387247,False
270350,3,-0.01688372549374499,0.02947915501048713,-0.07584283173095098,0.04160487797351081,False
270360,8,-0.018254220336570308,0.028627962761147797,-0.07430390106703127,0.03793570456897277,False
270370,6,-0.023494554804315847,0.028624629708111967,-0.0797165779247235,0.033043691116421234,False
270375,10,-0.014305397863445962,0.02901053259641882,-0.07055301027035167,0.04274258380966226,False
270380,23,-0.045792386220980856,0.027369266281862828,-0.0994606972035684,0.00767821942649047,False
270390,1,-0.025120652896638528,0.02993556829649186,-0.08383768221663837,0.03254339575335792,False
270400,30,-0.049310068430102966,0.02611876298693455,-0.10058821107541441,0.0012112186789724215,False
270410,19,-0.02895724266983155,0.027237994316013394,-0.08225133812661028,0.023942479018608635,False
270420,27,-0.012559725677365392,0.0265540578156105,-0.06557917927412867,0.04012086868667788,False
270430,819,-0.04054935206010695,0.015917375591132037,-0.07217968199473127,-0.009151434125498346,True
270440,18,-0.00486297511604124,0.027306935505984196,-0.05835900794902618,0.04783285109776787,False
270450,29,-0.027596136887434838,0.026311557512959993,-0.07985763074958423,0.024204639249657534,False
270460,5,-0.016613870474466504,0.028900745213165005,-0.07313791602542964,0.040527809583870596,False
270470,54,-0.040759654506861635,0.025351262248328562,-0.09135939623066018,0.008457381540915297,False
270480,8,-0.026736225212350268,0.027759853244620415,-0.08095520130703591,0.027259270603261155,False
270490,2,-0.02392200149015477,0.027861869908950964,-0.07980073423817342,0.030080352186101625,False
270500,26,-0.015368303543474023,0.026956890540947215,-0.06876510742440406,0.03929038453801971,False
270510,29,-0.013513161381335275,0.027186043321847514,-0.06669069174368183,0.03880321151321844,False
270520,10,-0.02375855441412778,0.028037410630018387,-0.07912671775694813,0.03168280499883997,False
270530,6,-0.01615072870013596,0.027880109297432683,-0.07122191666985439,0.03971851741522418,False
270540,13,-0.009373292306653668,0.02812604678345321,-0.06273737236787673,0.04593505989410392,False
270550,26,-0.030752432715622835,0.02675386142755089,-0.08477069921955413,0.021322541530976048,False
270560,7,-0.01762216320001394,0.02791277452709486,-0.07145003415248923,0.03961693963618432,False
270570,33,-0.017834556605608485,0.026720093100776398,-0.07034884681382114,0.03411525488661181,False
270580,13,-0.011222866469633537,0.027903592615832216,-0.06587932930903145,0.04410546739958236,False
270590,5,-0.015402477711553078,0.028499559853953995,-0.07076934760040555,0.04032179902144428,False
270600,14,-0.03175861752674913,0.027158409287625297,-0.0870891555433051,0.021220973004429197,False
270610,12,-0.005824570170924209,0.028982767920725166,-0.06331956762747966,0.051541759788284174,False
270620,10,-0.03401476184734919,0.02862917283673633,-0.09103342504316699,0.022070382411110475,False
270630,79,-0.011912652463855297,0.02407417468287418,-0.060380585842538345,0.03514745734058238,False
270640,28,-0.004927998135675079,0.02685569056737172,-0.05765382421504967,0.04814670002013276,False
270642,13,-0.026935626559217447,0.028191118070460836,-0.08241667033222251,0.027974681987127478,False
270644,15,-0.020034204635148087,0.02788087511969454,-0.0751985739488863,0.03413236788410587,False
270650,12,-0.004962865460240451,0.02829968535585161,-0.060973584042626615,0.0521629252775458,False
270660,8,-0.020049010457894572,0.02723159826905005,-0.07346700467243482,0.03295575673924035,False
270670,62,-0.016051982677053295,0.024126317300822056,-0.06329909435344212,0.03141724945208084,False
270680,17,-0.021772181860652707,0.02734248122106963,-0.07568181155495189,0.031109886043975733,False
270690,30,-0.0430419759703039,0.026372035312285887,-0.096157122330502,0.009309371384057914,False
270700,2,-0.016259926237307317,0.029179260842780476,-0.07369910909025437,0.04203511289983998,False
270710,22,-0.024116367812603765,0.027122455114164924,-0.07703646154310206,0.029669284730206313,False
270720,12,-0.010539435407004949,0.028128102982586046,-0.0654813063836645,0.044650083409154585,False
270730,17,-0.03298319610152242,0.02724852602476802,-0.08609081213243258,0.021935936933333355,False
270740,6,-0.02153598349389135,0.029027676911488675,-0.07861359117392977,0.03546290627017716,False
270750,16,-0.022363984038915742,0.0275505896530052,-0.07657449990699286,0.030149688473083195,False
270760,6,-0.025534162363976126,0.028206188985066535,-0.07986353127641861,0.030560928959957843,False
270770,82,-0.004055125269084256,0.02354575798434248,-0.050057411680601085,0.042713511437462395,False
270780,9,-0.029790862483493424,0.028635621934573145,-0.08675510768488039,0.027192571487538758,False
270790,5,-0.023749217936939824,0.028862849320465334,-0.08044756640378174,0.032682691046772204,False
270800,50,-0.006191121183146327,0.025413913319894593,-0.055825515625985,0.0439780628253299,False
270810,6,-0.0217613565708327,0.028952137004106877,-0.07811369408089525,0.03544330042722498,False
270820,6,-0.026376566623549765,0.028530246405415134,-0.08331399392539292,0.030093049893920705,False
270830,24,-0.009306908006944399,0.027590540612810324,-0.06380820573702659,0.045288688215056924,False
270840,49,-0.01352493355457881,0.024496138596949674,-0.059778056379129106,0.03437843806529203,False
270850,31,-0.008554265027647306,0.02607647170189502,-0.059605006701952984,0.04172319219867365,False
270860,40,-0.031910466094775734,0.025068458959707093,-0.08206206435628478,0.017264638485222604,False
270870,11,-0.02768196225325577,0.028370298441494555,-0.08301688321181161,0.02783474884184346,False
270880,33,-0.019200040489778514,0.02677825194514964,-0.07096371155849736,0.03366886485011487,False
270890,16,-0.016080248318582648,0.02839099856080195,-0.07196231406339942,0.0386397638518053,False
270895,9,-0.020087787168025593,0.02851687430949914,-0.0775102657082625,0.0357785835013778,False
270900,8,-0.008069422996444982,0.028853598536789496,-0.06496648366526885,0.04878322050723008,False
270910,20,-0.0059040758410261185,0.027564404124537235,-0.05907974885749306,0.04689222246713546,False
270915,28,-0.024306434907040406,0.026902593195192264,-0.0759688112788832,0.027918318230460426,False
270920,28,-0.027310029964057986,0.02672195101455882,-0.08174782055325892,0.024496139102673713,False
270930,56,-0.02365481453918955,0.024917075901616046,-0.07249214819126894,0.025422663256967824,False
270940,16,-0.039135346196879785,0.026936018654472413,-0.0931851269135714,0.013481472723359986,False
280010,4,-0.026309859752483174,0.029314628455001338,-0.0841009402741989,0.030876489181754986,False
280020,12,-0.02790632034599987,0.027371653057135785,-0.082028687946059,0.025965851273038937,False
280030,469,-0.021505389616067995,0.017851345274678198,-0.056277210985967184,0.013471604052802595,False
280040,5,-0.023152803169732616,0.02809611102364814,-0.07744929098820547,0.03163877467750291,False
280050,14,-0.026113621991861177,0.028282336976214795,-0.08124927237097258,0.029952970583292986,False
280060,26,-0.018109915316037024,0.027103048193917078,-0.07107663350853305,0.03524097637821583,False
280067,11,-0.026985292649666797,0.02816432943179972,-0.08188079075309895,0.02847721205487569,False
280070,8,-0.02674315445246768,0.02826739405717858,-0.08109606243386522,0.028037212557210436,False
280100,21,-0.026479825579003205,0.027843092572079786,-0.08310817087911943,0.027744792540254404,False
280110,8,-0.020972361240458214,0.029317991297887994,-0.07827247781778619,0.036497446436232206,False
280120,23,-0.023735013664962806,0.026603107819964573,-0.07636604981235522,0.028286787174678984,False
280130,36,-0.02746974391240853,0.026068989689538472,-0.0789238935118132,0.0235868792208241,False
280140,16,-0.01935429048894004,0.026963103703814287,-0.07219374550216022,0.0332783263907871,False
280150,20,-0.03498407855238222,0.0270990504172933,-0.0884131150359762,0.01872844998458509,False
280160,4,-0.025214942492452375,0.02849413132600386,-0.07952147288530505,0.030127331297955518,False
280170,16,-0.016997839688874243,0.027449455855989076,-0.07000708638905802,0.036794886186051486,False
280190,0,-0.021618701674324944,0.029391871900169637,-0.07879883097714167,0.03702935952543791,False
280200,5,-0.031120777918580738,0.028138876069714363,-0.0865477178055038,0.02446554293287464,False
280210,52,-0.017775887562978206,0.02509685823047751,-0.06756167347922966,0.031471796867426655,False
280220,5,-0.020547875846750347,0.029519223330608156,-0.07695693480592311,0.03781093624675478,False
280230,11,-0.02472396732830422,0.02698252287843671,-0.0787244856773619,0.02805841944684061,False
280240,9,-0.013549727811605879,0.02871526451274335,-0.07029501924721812,0.042089374477525664,False
280250,1,-0.020189769120167032,0.029456404352196337,-0.07931307125230118,0.03685492450023918,False
280260,2,-0.02369706848007333,0.02943286234202392,-0.08171011634594948,0.035655146294293956,False
280270,11,-0.026241480561064488,0.028497483223497058,-0.08195005610708084,0.029630158213385653,False
280280,8,-0.003442147418630388,0.027864498728309255,-0.05771935198384584,0.05243353280319198,False
280290,58,-0.04358602064363932,0.02420749566612536,-0.09054816567303925,0.0046884693570268966,False
280300,27,-0.039371982656233276,0.026052508034273614,-0.0900663406344038,0.01100633471413891,False
280310,5,-0.027828716507180624,0.028527934476354943,-0.08465179148146885,0.028370636496082142,False
280320,30,-0.04675111975067073,0.02667910416953243,-0.1009231966477964,0.004854612781071255,False
280330,12,-0.028527052028542693,0.028647652673007545,-0.08401002074138887,0.02691626301932067,False
280340,12,-0.019944438253950588,0.028085050945250038,-0.0757883597692362,0.03480150700484517,False
280350,70,-0.042589553597856745,0.024220414836947132,-0.09018472688175422,0.004540176908828123,False
280360,27,-0.035322533294526025,0.026955935041341562,-0.0894943261937259,0.01735117983846545,False
280370,3,-0.019215713208657236,0.0289959470378514,-0.07683337296529476,0.038036971055039635,False
280380,2,-0.019800426917437774,0.028478860343288684,-0.07531342632806362,0.03624339121242925,False
280390,12,-0.009124329942164191,0.028516993565346926,-0.06335097366336673,0.04552464775061909,False
280400,12,-0.025483593907855068,0.028130809657877173,-0.07929691677468857,0.030977817220770292,False
280410,5,-0.035171856380330394,0.028546423463030393,-0.09206962229208465,0.020515785292517172,False
280420,11,-0.03714931137340003,0.028403376377627142,-0.09307186288013118,0.01742501089633118,False
280430,10,-0.009375010210530504,0.028624133515018954,-0.06511066975305159,0.047496312448695885,False
280440,15,-0.012345792864880587,0.02777626425061524,-0.06764014783987936,0.043095145849776965,False
280445,4,-0.018904526588358485,0.029016520180191605,-0.07714958190600812,0.037003194113240136,False
280450,34,-0.016700624636803486,0.026247793896312505,-0.06936599125610458,0.03471112005991865,False
280460,15,-0.03208828703408368,0.027160836773551838,-0.08459445708441125,0.02120439021095779,False
280470,2,-0.022726311889868032,0.028541634721572857,-0.08066672939562466,0.03285642722410474,False
280480,154,-0.01903340087227847,0.021152501160981316,-0.06086003912248585,0.021972644852242974,False
280490,14,-0.031472811695961556,0.028133805236797028,-0.08751660840427701,0.0228139028925952,False
280500,1,-0.021643768820666643,0.02985638502050872,-0.08013699490603615,0.0365234068243107,False
280510,10,-0.036262436379086264,0.028459983040307883,-0.09151546054773789,0.019608057266764244,False
280520,1,-0.018519224181960097,0.028732008655519146,-0.07428429655340432,0.036303607326856155,False
280530,6,-0.016700686024097345,0.028714836393155852,-0.07291741376128213,0.03947248709128398,False
280540,24,0.0017239024960010146,0.026686629822318824,-0.049890498149571326,0.054933486383427314,False
280550,14,-0.01586707829560308,0.02803018308495285,-0.07029901054667405,0.03919623265849176,False
280560,17,-0.023702727510569736,0.026718392131664777,-0.07581736112289077,0.028542865141651986,False
280570,26,-0.025823348438268667,0.027002360651922,-0.07798517571228857,0.027810059267811438,False
280580,13,-0.022175805890607237,0.028137633686578154,-0.07818878702642978,0.031870738639058635,False
280590,13,-0.024931459809488195,0.027984520548327587,-0.08059976522342321,0.030399590072547725,False
280600,11,-0.02494452495900363,0.027925430565981794,-0.08059537468570623,0.029524868045962452,False
280610,4,-0.020427940821536233,0.02775170342186928,-0.07397417840518608,0.03372306060753212,False
280620,6,-0.015482740528575305,0.027785710307112233,-0.06999396869721917,0.03927317591610683,False
280630,10,-0.02634406179828438,0.028595989234262674,-0.08302576753851004,0.03018225192716025,False
280640,5,-0.022295407816693362,0.028260126594595505,-0.07785562018400358,0.034006920811936805,False
280650,0,-0.020766710582195928,0.028822319732583777,-0.07786721714097723,0.03565796046723469,False
280660,11,-0.019866937854195365,0.02749623863169772,-0.07320809622241219,0.03486658348148886,False
280670,77,-0.03704774100426717,0.023414428857376414,-0.08239508399084418,0.008794889803312155,False
280680,9,-0.029607897750028964,0.02891260869789478,-0.08627528357745552,0.02753414390197039,False
280690,1,-0.023733800147241,0.0297386898607554,-0.0822405067471629,0.03409874976484117,False
280700,6,-0.02029957639271727,0.029039811436946866,-0.0772711974044308,0.036982700925398425,False
280710,24,-0.015230245269123888,0.026611867279003155,-0.0670987362357495,0.03663427738273873,False
280720,9,-0.015486164976502454,0.028506196699285374,-0.0699441392445228,0.04200283508577109,False
280730,6,-0.018635837804399775,0.02890002670895633,-0.07545832457410152,0.03851764810378728,False
280740,32,-0.022735455647878162,0.026554793141534208,-0.07556824478650338,0.02994055295230169,False
280750,4,-0.016154424337425782,0.028625349049864822,-0.07119084444702747,0.04066292057000909,False
280760,21,-0.02863096104860688,0.027663599170216522,-0.08424265874308914,0.024681033433880586,False
290010,2,-0.02705916714832934,0.028607025886631363,-0.08307409678319902,0.029061445901194808,False
290020,15,-0.030944580331511706,0.028212904892919007,-0.08690321757817973,0.024703178407489073,False
290030,10,-0.011206693698775147,0.028107699047020242,-0.06678392129856858,0.0449413047456282,False
290035,12,-0.024192157334865107,0.028284616630144734,-0.07967845565505062,0.032468137895479775,False
290040,8,-0.02866408125798129,0.028180808179722915,-0.08408302063235572,0.025573277970419105,False
290050,11,-0.03314879391180444,0.028232833606325117,-0.08985518497868904,0.0217149514227382,False
290060,2,-0.02804239439785413,0.028862363110158187,-0.08459399070859312,0.02906881852930321,False
290070,162,-0.03767933401315771,0.02120330926948888,-0.07871465806130602,0.0038545256750150874,False
290080,19,-0.008168901797966015,0.027281453862988032,-0.06168567722491006,0.04546530638389095,False
290090,9,-0.015431823244006788,0.028303657006542995,-0.06972603941047742,0.04051429773245236,False
290100,28,-0.011960045382739084,0.027202817642269023,-0.06544726234220564,0.04137932889625338,False
290110,17,-0.024879454549645925,0.027184951108688123,-0.07790307208876722,0.02811155825166703,False
290115,21,-0.03518337083622701,0.0276725305296526,-0.08901807388771611,0.019065641962883583,False
290120,15,-0.04146664755201307,0.02786937490246974,-0.09669219508963141,0.012393385797647608,False
290130,9,-0.019006756424308782,0.028474864346165488,-0.0747639156559538,0.03672974795541492,False
290135,10,-0.02798769249279596,0.029341829610708997,-0.08540264842246845,0.029767561121055237,False
290140,11,-0.024721805290170967,0.02845347957930477,-0.08074985456167873,0.031313269165315384,False
290150,3,-0.018968128642998888,0.028864446485086022,-0.07568484722370016,0.0374731766550402,False
290160,9,-0.006593237959731404,0.028634816112616982,-0.06261626920348508,0.05053411657837835,False
290170,7,-0.015497476827326542,0.029549005659829233,-0.07388471942861964,0.04236680662279688,False
290180,5,-0.028242155664464703,0.02903916005302105,-0.08446974426770408,0.02942282441012591,False
290190,15,-0.028643213162158558,0.027693461630875695,-0.08256688512288489,0.02698468079876009,False
290195,4,-0.021029380569165836,0.02914780845074373,-0.07774914105330734,0.035408733808900916,False
290200,5,-0.02951319028438872,0.028473163950886046,-0.08595737734716617,0.02700285581714426,False
290205,14,-0.022887464000218814,0.028488837045968378,-0.07943572231699711,0.033001529775126506,False
290210,23,-0.019446660510356355,0.027343578603940332,-0.0726127076301688,0.035397955805965456,False
290220,9,-0.026783274906723453,0.0283659656210497,-0.08252569633734402,0.028869312382718407,False
290225,7,-0.022006327595865273,0.028143954737498544,-0.07815591158391369,0.03326209431162125,False
290230,9,-0.02639210942686773,0.02913036668096143,-0.08509368952664517,0.03128396599516855,False
290240,22,-0.0028665545146211607,0.027495361323514732,-0.055613009675676756,0.0513268153055192,False
290250,16,-0.03527504765159373,0.027753589872580295,-0.08787617543008111,0.018534841065977845,False
290260,10,-0.01881269033079834,0.028391870096731713,-0.07546168695575177,0.0362337045001456,False
290265,12,-0.024250344710281355,0.027202677462717643,-0.07780196678522434,0.029121576570178644,False
290270,58,-0.02502529864756904,0.024266759845878443,-0.07307311687875856,0.023002589405166505,False
290280,36,-0.05407139889684928,0.02623250956619623,-0.10559080102277427,-0.003981452388164826,True
290290,35,-0.028001388636456105,0.02572245828152447,-0.07839498374848762,0.021959148463779048,False
290300,11,-0.02483790815813991,0.02760060010716386,-0.07832213190141399,0.02814653486424599,False
290310,6,-0.008809983628581158,0.02879547921119922,-0.06498288716542293,0.04709461508241021,False
290320,111,-0.04445793526435898,0.022327836650541603,-0.08797645928900215,-8.41407455199964e-05,True
290323,13,-0.020991099908657863,0.02800805309065239,-0.07587556251424968,0.03254449811905529,False
290327,16,-0.021054618921740206,0.027374075978740375,-0.07587470573428964,0.032582520680942764,False
290330,18,-0.02392984789494012,0.028341187805458495,-0.07850606844388429,0.03101641705852835,False
290340,12,-0.020008507351276388,0.02868440590062989,-0.07640658175794977,0.03768812656155513,False
290350,22,-0.04309575827263963,0.027788909110984934,-0.09727362852727071,0.010963243566076872,False
290360,17,-0.016874603165926722,0.027960230528335996,-0.0709974844897319,0.03717558327119419,False
290370,14,-0.03339730335961356,0.027699191940217117,-0.08750184336683271,0.020510128884912493,False
290380,7,-0.020036872805157542,0.02812034610783722,-0.07764872889759632,0.03592478648643434,False
290390,85,-0.026301962829125926,0.023649821534989564,-0.07195566137758153,0.020419880320832116,False
290395,5,-0.020407720498390087,0.02910544292395735,-0.07814417988733058,0.03730953977134535,False
290400,12,-0.012258062207908565,0.028142720320973983,-0.06751374634076161,0.0427017540918954,False
290405,13,-0.006754776478947038,0.02822450516263726,-0.061458960390907216,0.04890860220384714,False
290410,18,-0.021845144458256825,0.02811851335053749,-0.07831599406970355,0.03213804202786465,False
290420,11,-0.02574352034955815,0.02760269046950492,-0.08022516229682206,0.02764969121842949,False
290430,11,-0.022805500670353515,0.028392070939302107,-0.07848088835956586,0.03156623402017507,False
290440,7,-0.026338827786276706,0.028763147359328417,-0.08308986856896154,0.02978802757062817,False
290450,10,-0.012057731045353192,0.028294866830156102,-0.06854588458483357,0.04465828924378806,False
290460,50,-0.026296098182061876,0.02497438639830657,-0.07511949110062628,0.022210332436056666,False
290470,19,-0.01398201242850964,0.027740575854484934,-0.068677450553738,0.04262755171963229,False
290475,34,-0.032747510125349065,0.02617001011924942,-0.0849097313682845,0.018493449569789593,False
290480,3,-0.024428680809825538,0.028882567929163116,-0.07982687212135896,0.031851113704475305,False
290485,20,-0.013130041290578374,0.02832840984238935,-0.06815453400215703,0.04367429255712775,False
290490,24,-0.035551306297135966,0.02719187903134232,-0.08967896047432694,0.017716674984586112,False
290500,10,-0.021397215893314874,0.027152767941760508,-0.07443391527701156,0.03273398569686658,False
290510,6,-0.033646539479325464,0.028503787634445568,-0.08985842145247006,0.021485914347987363,False
290515,6,-0.025921637934439475,0.029056035301121882,-0.08301938975549927,0.030450711679639437,False
290520,35,-0.022039776645013238,0.027185748905494675,-0.07495014092656745,0.03129321902725968,False
290530,23,-0.028438132808829304,0.027332766356703096,-0.08037119994386245,0.0250895296302731,False
290540,29,-0.029505584891788103,0.027438404289521313,-0.0837727386652644,0.026131471808501432,False
290550,13,-0.014256174894455456,0.028568081739239044,-0.0710236709220025,0.041678299985126406,False
290560,45,0.011470868372267745,0.02594416349140307,-0.038043311638439076,0.0627680473414221,False
290570,265,-0.013730801946579774,0.01963430445783432,-0.05227427113485137,0.02426480115227169,False
290580,53,-0.022413602243635013,0.024625164197107575,-0.07045523606257734,0.026147426448501127,False
290590,28,0.0023250140228854087,0.026399274614794455,-0.049331976579808895,0.05436254088239595,False
290600,71,0.02003587476065182,0.02384790040749213,-0.026301639248151588,0.06768758543748958,False
290610,8,-0.012203588619569362,0.02866011592572058,-0.06746153306881372,0.04397891394960181,False
290620,28,-0.019507552933523097,0.026676427894177304,-0.07193587027404909,0.03198877858549772,False
290630,33,-0.014097184992269137,0.025924236000675883,-0.06582730397809075,0.03591329193665505,False
290640,6,-0.02646733553670857,0.029178449212391492,-0.08409109723659966,0.029177070623119073,False
290650,61,-0.027808256698652552,0.02432912041567891,-0.07359860346265511,0.020335801749838345,False
290660,7,-0.0195892622346591,0.02829672311297066,-0.07378788242777426,0.03542216887205592,False
290670,24,-0.037632833048461135,0.027538768598517022,-0.09056589600314646,0.015639938862420728,False
290680,36,-0.03666933446432631,0.02541262360152781,-0.08747788063593738,0.012503801362020646,False
290682,16,-0.019643469306016473,0.027725927592680444,-0.07349587129740952,0.035461150210565555,False
290685,8,-0.011612606830045313,0.028981486634479057,-0.06920743698756635,0.04639908136293481,False
290687,17,-0.019696311485429913,0.026810079756326457,-0.0717624261773485,0.03199385081929161,False
290689,4,-0.026901652884985198,0.02961945890307011,-0.08493004862314464,0.031068087481165744,False
290690,14,-0.03233858039096304,0.0274890662740899,-0.0868906645731563,0.020821976839317646,False
290700,2,-0.026438626170068952,0.02859787937149154,-0.08384880728315332,0.028500142015094373,False
290710,23,-0.04357897179554078,0.027462451719299022,-0.09872865378563095,0.010477400738339903,False
290720,102,-0.020404701169356627,0.022665814700015077,-0.064883646168722,0.02273003277621717,False
290730,19,-0.020665821677307038,0.0270903765661622,-0.07382881690073156,0.033618488939976474,False
290740,2,-0.020285747846599173,0.029382160591105485,-0.07805068721020283,0.03734780603349887,False
290750,37,-0.03158810010824355,0.025758281748914952,-0.08214979646170342,0.018992820027263196,False
290755,8,-0.02765566627500148,0.028508290300819885,-0.08366907132828391,0.02829877185793185,False
290760,23,-0.030376662653596006,0.027100351948038164,-0.08471489295847426,0.02154152884285961,False
290770,3,-0.02639392295678387,0.028852241747830226,-0.08236995126885414,0.029095473861484096,False
290780,22,-0.009591573200242814,0.026860901669148705,-0.061970515838786655,0.04326829281466694,False
290790,11,-0.025580826346408292,0.0280659074649673,-0.0808489740479758,0.028926124891962463,False
290800,26,-0.038493987091060985,0.027530170339373976,-0.09335184844190947,0.015095070193729888,False
290810,17,-0.0005294863545486443,0.027714749811567616,-0.05500109911561716,0.05404123774630907,False
290820,17,-0.027391574880608408,0.027715731190621335,-0.08236616229667428,0.0262003907631636,False
290830,16,-0.002835961263405195,0.02867221846351453,-0.05961703611235791,0.05266208182369903,False
290840,40,-0.0323264464112952,0.025559272666232327,-0.08238890754199892,0.018131825623963725,False
290850,21,-0.03217476180433676,0.026073370862952003,-0.08310995007377008,0.01864191808703084,False
290860,12,-0.029536018853204695,0.02785189843252335,-0.08533129511519925,0.025793891805776837,False
290870,10,-0.02099807319470192,0.02802317805291258,-0.07839973441150258,0.03319616978728917,False
290880,1,-0.019165698099420533,0.029597262596259152,-0.07715009055381565,0.03843992954129688,False
290890,12,-0.023624901782609925,0.028263881472012406,-0.07875212494645226,0.03193091287956161,False
290900,3,-0.03086394866987434,0.028625619016130324,-0.08715350682891142,0.024828172100631075,False
290910,9,-0.03072591126543944,0.02839018343056528,-0.08518076581275039,0.0259157251024886,False
290920,6,-0.022006095228936394,0.028868383404185457,-0.07885378710399282,0.03474614554411435,False
290930,29,-0.04142129045405356,0.026616520870043292,-0.09286452736200124,0.011197811991764154,False
290940,11,-0.02445757880450355,0.028896589852175344,-0.08062349887219701,0.030672325789682972,False
290950,2,-0.02460284635349935,0.02955600725131367,-0.08253726823477602,0.03319095015915923,False
290960,10,-0.026457782393041435,0.02805040419024852,-0.08188992853496728,0.02731172385575502,False
290970,5,-0.022441181294404318,0.027841029102124448,-0.07620158053403697,0.032255387666043245,False
290980,41,-0.013992170198268549,0.0263951062210232,-0.06579806358274959,0.03593876282898303,False
290990,37,-0.02312393897045276,0.026228401055181774,-0.07488545263034134,0.027204005265227146,False
291000,9,-0.01181277263078601,0.028650952317803666,-0.06685761765219822,0.04516007084238293,False
291005,60,-0.024367109083068095,0.024452958441519967,-0.07158379296211205,0.022878304237351387,False
291010,2,-0.01881660900235022,0.02946412274201608,-0.07715235004280703,0.039724799509630745,False
291020,0,-0.021994267106718927,0.02859542740578908,-0.07687561237044964,0.0332245589276999,False
291030,2,-0.01869461760170909,0.029272212172154168,-0.07583618417331286,0.03897561244109757,False
291040,21,-0.053595530508353764,0.027768260004957374,-0.1096911735888008,-0.0007767237270081923,True
291050,40,-0.0361005369503525,0.026119870408943528,-0.0874361068929864,0.016000968930197878,False
291060,25,-0.02761808270425983,0.02662231414857004,-0.08008157364972648,0.025167831772945282,False
291070,42,-0.025549409597818228,0.02546948209057317,-0.07528047596109877,0.024177723196466418,False
291072,132,-0.015434646504024428,0.021102715820754223,-0.057824286142840395,0.025865425374401882,False
291075,14,-0.02615513942658286,0.027624677205614144,-0.08044548000355414,0.0285610582137398,False
291077,1,-0.019202209629061225,0.028596452422352363,-0.07469314638198056,0.0368567496588405,False
291080,564,-0.04084947320464292,0.017055435505328943,-0.07438150571063464,-0.00720316465603236,True
291085,22,-0.009511029853646866,0.027735666506222497,-0.06376521628525429,0.045499974570953575,False
291090,5,-0.020472849447567474,0.028369302377937333,-0.07696964221091951,0.034796423634126786,False
291100,16,-0.01706671312466883,0.028322452784560376,-0.07242506782735716,0.03925303579116949,False
291110,27,-0.037985175457196686,0.02675582025545793,-0.09128267221495834,0.015610158142729003,False
291120,33,-0.045872561521297275,0.02634117706920017,-0.09736833708923766,0.0058382789556983335,False
291125,0,-0.02183291242313996,0.028609206708468695,-0.07842047736086796,0.033670256030341204,False
291130,8,-0.034671072288710955,0.028638735363292065,-0.090698571161648,0.02025818379599738,False
291140,15,-0.03796727897531915,0.0278763954415746,-0.09268075024068664,0.017089010682446833,False
291150,6,-0.02889282448297215,0.029652398900664557,-0.08657045798739188,0.02813848760640981,False
291160,11,-0.02310192572958187,0.02858512871553463,-0.07934439694875156,0.031595446204523314,False
291165,5,-0.030897928280323502,0.028414210823292138,-0.08667811268729904,0.025177381833677945,False
291170,61,-0.016642539317519252,0.02405555291572043,-0.06349757358620797,0.03110542277073661,False
291180,19,-0.04231842786360436,0.02821889877180238,-0.09747197954315888,0.012657946210646682,False
291185,5,-0.025176315228009803,0.02908156003813484,-0.08147921404985967,0.03156115603884113,False
291190,12,-0.027043302951620284,0.02769127978073404,-0.08054245830004315,0.027650427258686498,False
291200,6,-0.027505440663358395,0.02888500021093004,-0.08460383090660566,0.02837025852230682,False
291210,27,-0.05074269849743295,0.02730941632403188,-0.10509565673784235,0.002807260092397452,False
291220,41,-0.04277429794978169,0.02633963559162024,-0.09436578264552425,0.01012366705418161,False
291230,10,-0.0016892013642269411,0.02838971881988306,-0.05703098710021969,0.05425378726344667,False
291240,11,-0.024748352575900426,0.027750895801153527,-0.07817144782925796,0.030474212371552477,False
291250,7,-0.03256313030859989,0.028796778097700156,-0.08814914629477742,0.022783110424045665,False
291260,3,-0.026892027561243433,0.02896028404555473,-0.08372268264629036,0.02884122774342252,False
291270,28,-0.024163706637190634,0.02728875837022233,-0.07937396765838689,0.028388635713783965,False
291280,9,-0.03775228731405511,0.029162935989907778,-0.09593778592078903,0.019373100511949765,False
291290,28,-0.025064366020790128,0.02694914723120641,-0.07759204422896147,0.027485063691897627,False
291300,13,-0.03188771571815681,0.028002868226513305,-0.08691723799896292,0.023321079469986003,False
291310,11,-0.020974322601868513,0.028486629825466986,-0.07675677618452764,0.035337859162196776,False
291320,38,-0.016791246849364203,0.02636945540894189,-0.06876511804185376,0.03495907041113088,False
291330,2,-0.028684726975683313,0.028806417687450625,-0.0854511802190124,0.027698265269382072,False
291340,5,-0.019086852310340685,0.028209831328794042,-0.07530123287453679,0.03633724545700577,False
291345,19,-0.01431747159246485,0.027786743390467897,-0.06945008758396674,0.04115860087606775,False
291350,14,-0.022966152325474797,0.02822873754618751,-0.07821213211995527,0.03252098139064314,False
291360,211,-0.011621087023810475,0.02036061411139679,-0.05170326627765688,0.028615426602938178,False
291370,44,-0.04749369911894333,0.026086440001873278,-0.09849243998818893,0.003049626809863587,False
291380,11,-0.037563714741518935,0.028501081904690185,-0.09317164300165699,0.017937249506326088,False
291390,42,-0.009168436742220818,0.025261990151678022,-0.057487365459527304,0.04039795860920829,False
291400,39,-0.027869657144096872,0.025843736640984376,-0.07799254598542439,0.022801460293416134,False
291410,10,-0.01226738414324068,0.029059570482577422,-0.06920454728161403,0.04580034863481088,False
291420,9,-0.027095997439325874,0.02870757201776455,-0.08250153039448455,0.029458176268319237,False
291430,9,-0.024117523382904446,0.02778517756671143,-0.07968172563506482,0.030202630810534273,False
291440,19,-0.015762117217742008,0.02673935677442981,-0.0685608793656796,0.03748790902971278,False
291450,11,-0.01762843683902733,0.028288314864054687,-0.07253752686095664,0.03849331267934937,False
291460,56,-0.013170401595953118,0.025096033859815726,-0.06295881269120217,0.037966248366055444,False
291465,29,-0.01107851140052009,0.027024639099038465,-0.06363060661422623,0.042916821309877,False
291470,44,-0.014871582333948455,0.02517819592221501,-0.06390980973074428,0.0350360195765105,False
291480,309,0.008276727936305777,0.01899632044706842,-0.028669884817189604,0.04560077566983083,False
291490,34,-0.016231513502624206,0.026639947291198285,-0.06934516315037276,0.036694624226537714,False
291500,14,-0.02736161761888799,0.027394529659903227,-0.08219957939576902,0.026253254632670357,False
291510,11,-0.01656768795743344,0.02811938545527315,-0.07221056876214649,0.03769810269940945,False
291520,9,-0.018452856892939268,0.028516678535294812,-0.07506333664692191,0.03807883979748077,False
291530,6,-0.024946009436050482,0.028368631246364,-0.07948173029774985,0.03040064427342026,False
291535,17,-0.03679448125015893,0.02853734583154037,-0.09317520622085652,0.017810810420655625,False
291540,6,-0.017217042441043023,0.029616625055555332,-0.07439820340543656,0.041480562624844106,False
291550,30,0.008982776245702165,0.02763857304565185,-0.04567376011162972,0.06365807926440886,False
291560,42,-0.0001855339357601198,0.025944948706243195,-0.05103322182262756,0.04961700643287381,False
291570,2,-0.02886876764694795,0.02838639320603086,-0.08475180834264773,0.025994604827755785,False
291580,21,-0.013671259268669,0.027778514948935087,-0.06722886621855284,0.041182708813501355,False
291590,8,-0.026439195654635185,0.028680994596000906,-0.0837682785160695,0.02930598705294146,False
291600,3,-0.017834103685042447,0.027799067293958105,-0.07119129310150825,0.03612953866782626,False
291610,25,-0.038394370186277255,0.02711072782539209,-0.0928038149246853,0.01455353639187657,False
291620,19,-0.01253621104328115,0.028797833033732307,-0.0674860504397259,0.044854003010181144,False
291630,2,-0.020019848411572668,0.02915746694102921,-0.07769861686773737,0.03753203429114852,False
291640,72,-0.0464004620211568,0.023758324988816984,-0.09264856880614605,0.00012504972284203743,False
291650,20,-0.020495043642336695,0.02756711383462741,-0.07501557058374782,0.03415190288476263,False
291660,14,-0.02098816508674541,0.02868420703043674,-0.07593432200722426,0.03524650420816292,False
291670,13,-0.028492641656870314,0.028329508542874766,-0.08533474072839199,0.027055278087332834,False
291680,23,-0.02323587331233493,0.02716153689716966,-0.07562695466231766,0.02958324134832817,False
291685,6,-0.02987805812953112,0.028164457505286948,-0.08631044783375275,0.02535246245170064,False
291690,9,-0.03429837912602409,0.027356998238132132,-0.08803549172054304,0.02100373238156513,False
291700,39,-0.00813148181090267,0.025505555819660984,-0.05753092970719901,0.04205634464472098,False
291710,16,-0.01613547897195832,0.02817382447437088,-0.07105137500291037,0.03986680732190629,False
291720,12,-0.023573358887208073,0.02793319858591719,-0.07938481265257401,0.02997143767557976,False
291730,33,-0.021553285564356584,0.026213953396656716,-0.07282883088165804,0.030690957810467344,False
291733,9,-0.023520020735008938,0.028467246451535456,-0.07888220758961527,0.03221924945058724,False
291735,7,-0.017628042079907945,0.02882394596303418,-0.07540512113011265,0.03809709374584487,False
291740,11,-0.026826143205477247,0.028596242549954357,-0.08373479379356613,0.02941395188784633,False
291750,60,-0.013060003750332939,0.024065447997834027,-0.05988431728200082,0.03532684939727616,False
291760,40,-0.02745948724452455,0.02530517825965548,-0.07684623231853457,0.02233195384118963,False
291770,32,-0.022538026035521436,0.02618277031465667,-0.07295610026321277,0.02958747714405444,False
291780,14,-0.016616277662656116,0.027187231946231027,-0.06941777301613074,0.037463065877509936,False
291790,5,-0.029452594891323475,0.028877271672403414,-0.08501514675418488,0.028092570594372403,False
291800,146,-0.05665654540600524,0.021421804273241633,-0.09933513976564426,-0.015802100513328424,True
291810,21,-0.027072206085389097,0.028155723795624556,-0.08232058742757588,0.027651659453833428,False
291820,6,-0.02130511857822359,0.02845145925876028,-0.07671902739458206,0.03498302256330708,False
291830,13,-0.02404679180801197,0.027929251147440885,-0.07924639006865505,0.030415778850226553,False
291835,22,-0.016830189696361988,0.026944693160550762,-0.069459929100675,0.03551847751212905,False
291840,305,-0.02301855126930805,0.018152426908346335,-0.05890164465654344,0.013228569681905781,False
291845,5,-0.022981529953237545,0.02907626720449731,-0.0813038662136821,0.03361734412930709,False
291850,19,-0.03579517893067943,0.027079567190972768,-0.08939267892991731,0.016261177694024898,False
291855,11,-0.02776296682841078,0.02894517794833776,-0.08489025509196074,0.027674517398206273,False
291860,7,-0.0334089330492452,0.029005983026286427,-0.09077167632088289,0.024706706688787904,False
291870,3,-0.03173435994629952,0.02842353973226194,-0.0856112339709887,0.02444653634475664,False
291875,6,-0.03163190055813977,0.028481696531156744,-0.08777092161826466,0.02442554816495652,False
291880,15,-0.027177007293234853,0.02783223028839052,-0.08077709150935226,0.027031071125805807,False
291890,2,-0.020733291167250555,0.029008871824604748,-0.07736370356490031,0.037584092849190495,False
291900,1,-0.018912661540342116,0.028194657284775923,-0.07412320003978873,0.035418759604917006,False
291905,2,-0.021207027349937974,0.029450749764644443,-0.07736191971264356,0.03677482954963218,False
291910,6,-0.0182716630009771,0.0294760635790926,-0.07602235026713242,0.039628196444982305,False
291915,31,-0.018710430957539343,0.026075132621123154,-0.07037079283245844,0.032628120896263164,False
291920,135,-0.007450856069224214,0.021964413259669423,-0.05133346512247595,0.03522669585122268,False
291930,8,-0.029991689739145736,0.02862170904344352,-0.08588045936257206,0.026999190445735056,False
291940,5,-0.03400052461294768,0.02802037859831097,-0.09030918975985827,0.020007739350451782,False
291950,26,-0.030481768189907898,0.026914072267935647,-0.08281295623117656,0.022154573046663014,False
291955,102,-0.021886706152333527,0.022730349002588267,-0.06747231504173225,0.02333648637829625,False
291960,6,-0.023117216667810307,0.028925168254881752,-0.07969307043147222,0.03433658446964335,False
291970,10,-0.01796256539569646,0.02839548910409294,-0.07338496839970732,0.03771934360216442,False
291980,33,-0.039539070826468875,0.025448835522976134,-0.08860893464186331,0.00974160520745617,False
291990,7,-0.020489643780017355,0.028955285689756097,-0.07719809654228225,0.03671652719646394,False
291992,15,-0.020414847457288606,0.0281412293762098,-0.07552498686114242,0.034272435632733175,False
291995,8,-0.02628254419997315,0.027800621655578072,-0.08083728847227889,0.027057736340086274,False
292000,6,-0.015437977066117436,0.0285758842218281,-0.07107544642180257,0.04129826615660892,False
292010,8,-0.02709687874155228,0.028625197551360115,-0.08202302535654966,0.02871684459914702,False
292020,14,-0.01799064097117559,0.027786444486647674,-0.07121642891404377,0.036615550243889856,False
292030,1,-0.019400011553031817,0.02880840081381301,-0.07497660347473496,0.036435739523859235,False
292040,12,-0.024852757464775596,0.02797985735374412,-0.0792485405369683,0.029927555795567346,False
292045,3,-0.02443893627366959,0.028784087882452857,-0.08080632894801901,0.03191940198105643,False
292050,23,-0.01596638641670219,0.027386578889339205,-0.06963571369076585,0.03783835140255068,False
292060,19,-0.030273238550382876,0.027204739034261596,-0.08416485792743097,0.023190876432776012,False
292070,18,-0.015080267298778234,0.02787527493248593,-0.0694431535629649,0.03960754733095752,False
292080,3,-0.02071441437000581,0.028864608213932587,-0.07749814859176773,0.03499317834078025,False
292090,14,-0.02076534117613147,0.028259648381267675,-0.07475276430820994,0.034158155800638204,False
292100,42,-0.013458661703589878,0.025029420472488056,-0.0623363325823371,0.034915022697961484,False
292105,7,-0.0204109711480697,0.028167527205487257,-0.07651355138884096,0.03484038382848352,False
292110,13,-0.02425979962170614,0.02778439772291906,-0.07913140667574818,0.030258200091534026,False
292120,21,-0.010291216077603178,0.02798579758665842,-0.06506753198474194,0.04492329050310033,False
292130,8,-0.010373209586632388,0.028501442403022145,-0.06526505476529212,0.04584394798267087,False
292140,21,-0.012377649690296472,0.027795300274933026,-0.0661274859611985,0.04258296417640756,False
292145,7,-0.030360423733278713,0.029280430307684447,-0.08753148192819339,0.027444309791177193,False
292150,36,-0.03252980113188336,0.026436335891803737,-0.08471841216237208,0.017218583624615,False
292160,7,-0.0252002727997829,0.028691702208046472,-0.08187203998794795,0.029977813061662386,False
292170,30,-0.030649728648233794,0.026552882910603686,-0.08218723516722942,0.020097498084151406,False
292180,4,-0.02180974908653153,0.028212544616518776,-0.07671509857290797,0.033363918270534226,False
292190,13,-0.030040736660936904,0.028405714103159584,-0.0869081456833848,0.024339864423290534,False
292200,23,0.002292895957424426,0.027656445816283813,-0.05230030909660674,0.05767742286463094,False
292205,19,-0.03079383480398332,0.027527346535219373,-0.08402313038327762,0.02354396696384238,False
292210,7,-0.022118453795822262,0.02804866022659189,-0.07677948544968494,0.03307935597210152,False
292220,6,-0.016540988980864025,0.028229114996001364,-0.07182303019846539,0.039556736064012006,False
292225,12,-0.021829515083534423,0.02852393746347885,-0.07861454462001585,0.0341152406075471,False
292230,22,-0.029052640625362443,0.027641313192820118,-0.08437905587364714,0.025053466335132245,False
292240,15,-0.022956356264854635,0.0278620888482781,-0.07757541615628297,0.031651006315044666,False
292250,15,-0.0032106602238039907,0.027976821146246028,-0.057851055410919824,0.05110319330710161,False
292260,16,-0.020424270648520662,0.02776260167513771,-0.07544787130110522,0.034771142025225354,False
292265,7,-0.03091081333381522,0.02839341504061999,-0.08582834363389208,0.024392727154814695,False
292270,18,-0.03041991806518492,0.027605102670390697,-0.08504384479019515,0.022700338066524075,False
292273,4,-0.015328154361493485,0.029051125729551274,-0.07183847489938276,0.04199508074780894,False
292275,6,-0.028314309430463747,0.02888593692962983,-0.08561237677821572,0.02905149650294338,False
292280,10,-0.040730910936831254,0.028084548343766915,-0.09677808268568425,0.013765519582745482,False
292285,12,-0.015932298231703897,0.028341657790640854,-0.07185723773437025,0.03961316195678393,False
292290,34,-0.023638316704147486,0.0263306753384046,-0.07491045928414843,0.026696939729539487,False
292300,32,-0.03785864878952381,0.026399706863478815,-0.08980641558756818,0.01325379988047617,False
292303,10,-0.006896359850504361,0.028064628559760933,-0.06078261160325416,0.0477621427532151,False
292305,7,-0.0315019886570622,0.028265243377470703,-0.0868586714569401,0.022504112777194194,False
292310,14,-0.03239257285245545,0.027267500306394903,-0.08505887718792038,0.02170020509246057,False
292320,18,-0.032174386983175006,0.027063638311945113,-0.08608022217528596,0.021044283849437694,False
292330,3,-0.027975602771643664,0.028454014256640865,-0.08328663658877063,0.026921092508383315,False
292335,12,-0.01749602214542812,0.027081302182653477,-0.07018633297249031,0.0358567154097931,False
292340,13,-0.01965556107675981,0.027732077636000187,-0.07348576567424253,0.03316614565892903,False
292350,9,-0.01408986561495751,0.028953404649678608,-0.0709481160027189,0.04326099159649422,False
292360,16,-0.016812336895146746,0.02739484705259441,-0.07223509277886289,0.03717341230895873,False
292370,36,-0.036663077524288934,0.026439424117626602,-0.08950484734260043,0.01584838665666327,False
292380,22,-0.04210129268140278,0.027262850942861308,-0.09505497691941613,0.010984581057981273,False
292390,9,-0.014290249096088947,0.028854690719205784,-0.07006530326283268,0.04237143795537771,False
292400,106,-0.019661633927242836,0.0231268058940412,-0.06576877025129454,0.025279273439987614,False
292405,10,-0.011983324049233038,0.028934326915213776,-0.06925063424376528,0.0451023237033705,False
292410,7,-0.020911007370298117,0.028646015842184645,-0.0775439366337373,0.035115911129122844,False
292420,8,-0.008063533698046682,0.028843690876816583,-0.06496527596054864,0.04829960048685696,False
292430,18,-0.0471274499242709,0.027771637216046384,-0.10415372202426344,0.0063305112487109585,False
292440,29,-0.010824952840074455,0.02641972508041752,-0.06340321084479816,0.04138498421199604,False
292450,7,-0.015135242090693854,0.028398649782075562,-0.07014635929312972,0.04088765772874916,False
292460,15,-0.015436031708772162,0.026798972145370623,-0.06800659064546112,0.03687337726564898,False
292465,2,-0.023033755067436112,0.02996355797952297,-0.0809769334279883,0.036460033523708336,False
292467,9,-0.01639905310706043,0.0290533615178796,-0.07168687015637108,0.04023946523796679,False
292470,2,-0.022167444301498484,0.028871908236339776,-0.07827285737097978,0.03457763928073091,False
292480,18,-0.019488637708315566,0.028198367443140342,-0.07473419367825127,0.036645900131529956,False
292490,3,-0.020024298651419536,0.028688185197585356,-0.07632357392870376,0.03677440977601907,False
292500,24,-0.029597813602975778,0.027139655366863708,-0.08250257210919085,0.022878996079111605,False
292510,27,-0.03588588810813911,0.026268065886935175,-0.08698058515713651,0.01612109018152112,False
292520,34,-0.009516763761756392,0.025697765802119448,-0.06008246257012233,0.0411843732205228,False
292525,26,-0.0460331247355731,0.027996984330520946,-0.10114322617343875,0.009232777204003579,False
292530,138,-0.008872482455073143,0.02213687853332654,-0.052303831281857026,0.034483619437500584,False
292540,9,-0.022426624502918904,0.028004534145999387,-0.0776364202983916,0.033182079471602385,False
292550,23,-0.044669142679241984,0.02638191282392609,-0.0968219009998272,0.007589841217562586,False
292560,16,-0.029973676632377797,0.028054376532921987,-0.08589219499449294,0.024701512919970907,False
292570,6,-0.019529156490898515,0.027956603646937726,-0.07531836295639512,0.03510957090201383,False
292575,31,-0.014191435583188982,0.026696798070272244,-0.06723477011866964,0.03874178921571346,False
292580,14,-0.02038788754097004,0.02820347807986563,-0.07678452785331134,0.033193676586463605,False
292590,25,-0.003207161457982005,0.02666731386252227,-0.05514024010874013,0.05032767329814128,False
292593,5,-0.01464349649864278,0.028977825486087707,-0.07129159634084524,0.042008956273658894,False
292595,8,-0.03556600157461591,0.02832004841335673,-0.09189342388617386,0.020319022898962084,False
292600,45,-0.018370112006119828,0.025278406769221263,-0.06854385132760502,0.031072337628423218,False
292610,8,-0.027712436968740973,0.02781838784735739,-0.08143243903345049,0.025585842209359267,False
292620,17,-0.028315981882886,0.028192186212432583,-0.08416293286459245,0.028081216377691152,False
292630,17,-0.027806770794805216,0.027453816361426242,-0.08042222858462503,0.02583843135003268,False
292640,16,-0.02347234639762049,0.027729054331819616,-0.07630607092661566,0.03155552125310334,False
292650,14,-0.031113631787901865,0.027981211609691116,-0.08535340703375065,0.022464330192693723,False
292660,57,-0.023809329796668294,0.024476624876829334,-0.0725593660238868,0.025009907021167187,False
292665,10,-0.019833787878195175,0.028331257877203062,-0.07594487652501555,0.0357859417306201,False
292670,8,-0.026327472730762826,0.028009778500180157,-0.08237563933933596,0.02813258926718877,False
292680,9,-0.019537601837317353,0.0289077617002152,-0.07648871513919385,0.038539305540218345,False
292690,7,-0.026688058716667476,0.02787417765887836,-0.08119430210558225,0.027358062312401222,False
292700,45,-0.009925012307607402,0.025405174247966348,-0.06023602414932167,0.0403273561241012,False
292710,11,-0.021822224403302233,0.028494880484357568,-0.0784271299753609,0.03559283491740762,False
292720,23,-0.014428904497352235,0.02698300942090103,-0.06694382928932495,0.0388702401991915,False
292730,18,-0.026940694629719892,0.02783097511264483,-0.08211579898464241,0.027670732425666287,False
292740,1514,-0.028388475811730037,0.015808178011321325,-0.06015641135530419,0.0037233203581418925,False
292750,6,-0.0200852981047252,0.02841632880038526,-0.07579759736135595,0.03686789260524159,False
292760,10,-0.025242600172132906,0.02771693828619378,-0.07822941394513361,0.029446378726176302,False
292770,23,-0.020025033285646063,0.027185654855666153,-0.07495265995321997,0.03182932864593955,False
292780,5,-0.021368973312221703,0.028996189360836786,-0.07876756190906638,0.034179998496565805,False
292790,6,-0.02265916003531613,0.028295028921376145,-0.07907019343316199,0.033284710441489486,False
292800,24,-0.02770600276996665,0.02673435894669763,-0.07928622535357417,0.024550799561392778,False
292805,24,-0.02169145540149619,0.02687569667761162,-0.07418883390512614,0.02970759350789344,False
292810,32,-0.04124128037625339,0.02677142569890136,-0.0948410634588699,0.011081665225188855,False
292820,18,-0.014836820296578485,0.027271003205683257,-0.06733821749749401,0.0384538708348753,False
292830,4,-0.032677862932280345,0.028913868709126538,-0.08983715675143347,0.02434882655288142,False
292840,39,-0.02387604601358629,0.02518509751852725,-0.07293289338852234,0.025530552210257025,False
292850,5,-0.018876527965849366,0.028538435288049703,-0.07357792186528452,0.0367623957587611,False
292860,33,-0.01192333250356504,0.02664134305546227,-0.06380456189410624,0.040047819048511464,False
292870,68,-0.009105084831407234,0.024026905053489433,-0.05710303698339733,0.038790169201374604,False
292880,33,-0.014234902602648068,0.026229748762285877,-0.06496149814959644,0.036989356441660744,False
292890,35,-0.02439472705916365,0.026201975874887463,-0.07541280737750142,0.02608198903242145,False
292895,5,-0.02751922462609981,0.028644565504640878,-0.08222536329611277,0.028754920033983517,False
292900,8,-0.01604519212765721,0.02847997360310248,-0.07284920140318542,0.040364318598855226,False
292905,12,-0.02639507411431183,0.027670199204293477,-0.08077543386826751,0.026355068152290877,False
292910,10,-0.021387206320548573,0.02781352047016024,-0.07710067739952364,0.032823272485969425,False
292920,23,-0.009329158019106814,0.027313774869335526,-0.06389774250957347,0.043167796374673856,False
292925,20,-0.018244847366001946,0.02747574342619814,-0.07098220824059584,0.034262312759376606,False
292930,17,-0.01704130930846015,0.02778842722043379,-0.07124750465111329,0.038002292579966186,False
292935,13,-0.03717780047330248,0.02819938965606284,-0.092287097828403,0.017035616731916347,False
292937,8,-0.02575184811365785,0.027945955246037206,-0.08057762192449702,0.027826516606877016,False
292940,10,-0.017188543983976422,0.02849477420525768,-0.07296997943007584,0.03761634261692189,False
292950,22,-0.029592970476717675,0.02763435417984484,-0.08499749477810552,0.025596041502451965,False
292960,15,-0.015117705034065409,0.027785639978604226,-0.06889365658318965,0.040554060930963705,False
292970,12,-0.0290691927063354,0.028340222406933187,-0.08363511915918216,0.026487054521018946,False
292975,7,-0.017219373756503797,0.02863837194042929,-0.07213290862324673,0.039377489437050085,False
292980,9,-0.00948413085162044,0.028976162758607933,-0.06707588673197018,0.048206969700155866,False
292990,41,-0.02065687937537279,0.025636668388049847,-0.07040075904543107,0.030034828134276294,False
293000,8,-0.026294510756221655,0.02868587505137589,-0.08176055374322079,0.02857970378222955,False
293010,64,-0.04556920306483164,0.02451640918896698,-0.0946171402221769,0.002186891560076052,False
293015,32,-0.013999537682023371,0.025557922293165804,-0.06327256852139418,0.03624124931400898,False
293020,37,-0.013706007618149734,0.02611854969853694,-0.06585272675220195,0.037531481381038505,False
293030,13,-0.024888969822260094,0.028138203083191725,-0.0795615195518792,0.029725653048181103,False
293040,6,-0.029309948519152987,0.028244279445311982,-0.08575417419504214,0.02533583593952649,False
293050,72,-0.010211335813519677,0.023949335327562882,-0.05738910721042574,0.03670557716813077,False
293060,6,-0.012871862134782181,0.02896690490730108,-0.0677656523583564,0.04344290793977903,False
293070,104,-0.013111014662314943,0.02307113983647287,-0.05770184261626444,0.03277096035639769,False
293075,12,-0.029839738464034912,0.027667207764356355,-0.0852570386126802,0.023725169004288567,False
293076,8,-0.027982303488246076,0.02839181147949957,-0.08383291272266952,0.026957217494842672,False
293077,28,0.00034111795633467133,0.02679502225262252,-0.0517365540641551,0.053199915968589855,False
293080,18,-0.028774418870640802,0.027652564834631948,-0.0819759322504767,0.024777560514759232,False
293090,8,-0.005685308845499096,0.0284252373973116,-0.06081068403289013,0.05108414193879188,False
293100,16,-0.030158553268634574,0.02823552892000044,-0.08620384899069525,0.024973579491136117,False
293105,10,-0.026269117943238506,0.02733264413867681,-0.07989219963110054,0.027227733515016322,False
293110,3,-0.02428160916663705,0.028645381557575393,-0.08070739508568955,0.033085536298778064,False
293120,14,-0.023285379149778806,0.028127120408739315,-0.07882095478030453,0.031238458200561637,False
293130,12,-0.0305603144781127,0.028249160885977696,-0.08576412158009161,0.02454505430409795,False
293135,74,-0.025495511085111312,0.02382510102981831,-0.0723149606866025,0.020643366186940453,False
293140,3,-0.02648218103601989,0.028716276786496946,-0.0839044847641216,0.031160565741059888,False
293150,12,-0.010395666983992453,0.02776057670137258,-0.06474856884661226,0.0445928079809736,False
293160,11,-0.012454362664265266,0.028050967784844553,-0.06739280132993672,0.04228957110606231,False
293170,5,-0.024204500136372174,0.028109978791901812,-0.08049773476837291,0.0323198736564354,False
293180,8,-0.023223989325622946,0.028406353748245218,-0.07853375355915757,0.03294860610974108,False
293190,42,-0.027004738578026703,0.02512448019632212,-0.07609078076240196,0.021804676605231596,False
293200,28,-0.028570674983191605,0.026786492087611483,-0.08154784144130993,0.02372278699134914,False
293210,12,-0.030124705024838137,0.028114834239538294,-0.08524068773478939,0.025608145171061154,False
293220,33,-0.029644122004668063,0.02787736353192552,-0.08572141071299703,0.024453910279148054,False
293230,11,-0.012091110694884182,0.027705878997414675,-0.06596745431870633,0.042548464586349574,False
293240,13,-0.038480053108640465,0.028464645772181676,-0.09573536540096515,0.017284180619541067,False
293245,11,-0.017873681467926426,0.0276003245068966,-0.07242810374889821,0.03618700396971945,False
293250,22,-0.02691124746936057,0.026838939865365022,-0.07894043291759456,0.025251407499262902,False
293260,8,-0.016183822857109002,0.028319573141421226,-0.07162713706437653,0.03835751034733963,False
293270,21,-0.017684869901154893,0.027119762067509892,-0.07110126326108322,0.03492904248311546,False
293280,10,-0.015502690994136589,0.028434727651164362,-0.07087147557271693,0.0405091356769718,False
293290,146,-0.0008355193496838962,0.02140789987449647,-0.04276421782797831,0.040507645188921124,False
293300,14,-0.027979095075493603,0.02782864426499002,-0.08294505269972414,0.02669345377029165,False
293305,7,-0.016570198542533512,0.027808937044158943,-0.07085802829092354,0.038295231751296226,False
293310,6,-0.014927763137268641,0.028397097844136597,-0.07090340646762247,0.04039721831910989,False
293315,10,-0.022629665231225234,0.02856833566698815,-0.07913178704475116,0.03217052916017717,False
293317,7,-0.028920905274606334,0.02895346297342675,-0.08688914820683642,0.027730255043340337,False
293320,31,-0.014099379506146252,0.026748846574355355,-0.06623033513507118,0.037927331125468,False
293325,3,-0.028725593941286157,0.027885971290957684,-0.08365581289217168,0.027080954676738062,False
293330,191,-0.07066417326437832,0.021376846639674246,-0.11345818711833688,-0.029287968648716828,True
293340,4,-0.026103247777250562,0.028260758703561307,-0.08199117349394702,0.029390750350774996,False
293345,6,-0.02690734024682793,0.028377150962233918,-0.08276015897203143,0.02949847775585618,False
293350,25,-0.009026067406326062,0.027131065821123766,-0.062265662258501796,0.0455617107693777,False
293360,57,-0.02600636140655961,0.025392978593164323,-0.0762015876580011,0.023534199901394565,False
310010,6,-0.02466950120728791,0.02889643806092378,-0.08001122958863795,0.031591088206284444,False
310020,12,-0.01298208275833432,0.027943311076078066,-0.06667750893592372,0.0422060538003556,False
310030,7,-0.025888869096445385,0.0278646235504901,-0.08143660626397549,0.028940790649000802,False
310040,2,-0.023328467895820514,0.02864504883449715,-0.07976962663971332,0.03235786410554438,False
310050,0,-0.021411668043042547,0.029138387306958967,-0.07772310760641113,0.03563898831164344,False
310060,6,-0.027351071181427235,0.029282916617819107,-0.08694374882635919,0.030561298481845117,False
310070,0,-0.022510768232229007,0.029438357260983743,-0.07946529809543623,0.035959817564113664,False
310080,1,-0.01992343013463631,0.029315516987583362,-0.07832660114560157,0.03900593188560143,False
310090,18,-0.034897561555551015,0.02704494431669884,-0.0884985426577953,0.018044797175560373,False
310100,10,-0.023709532079793448,0.02846002597089531,-0.07878568750253456,0.032010875000917954,False
310110,15,-0.03131784254272506,0.02776430921914143,-0.08456746633569677,0.021530074155867183,False
310120,4,-0.024000850041580285,0.02902582398439269,-0.08007486048025485,0.0320794950612945,False
310130,4,-0.02573362263493836,0.02934383687284013,-0.08304014408927222,0.031249581283405693,False
310140,1,-0.025286137888050206,0.029080865972569234,-0.08248045125519918,0.03186183542518862,False
310150,34,-0.03018444122110341,0.026045270220429358,-0.08029813091430238,0.020671925850723954,False
310160,49,-0.019557700542419412,0.02559663231836732,-0.06956479705419644,0.029277270367353905,False
310163,8,-0.027689017885539912,0.028814417756467772,-0.0832680960179282,0.02871588955333512,False
310170,27,-0.026169628847128496,0.02617221626895649,-0.07779733012993024,0.025393020225433122,False
310180,1,-0.02001551755046605,0.028412283895366312,-0.075755410023287,0.035702542593700974,False
310190,17,-0.0002951097866504861,0.027851562866852014,-0.05477571666679599,0.054518652418633934,False
310200,8,-0.02178961097280746,0.028573445995240584,-0.07874558789153133,0.034576015919368985,False
310205,3,-0.028127867776920622,0.02826391683875206,-0.08377693196444048,0.02703095951399312,False
310210,8,-0.030276777379586672,0.028750087344362983,-0.08593839006465358,0.026374036034131017,False
310220,2,-0.02456798857839748,0.029560129749077232,-0.08318237280961752,0.03187005081629746,False
310230,6,-0.029293165558898812,0.028977906346979953,-0.0849696220243487,0.027258244748259563,False
310240,3,-0.022340570472390377,0.02956102771188928,-0.08087548224588094,0.03490581208680272,False
310250,4,-0.020967036034463295,0.029867785086730204,-0.07988718701877084,0.0380230207980069,False
310260,15,-0.024584663092187355,0.027052725381293125,-0.07873229516523561,0.028829217885940735,False
310270,3,-0.018091542560507937,0.029293259221348282,-0.0756417120975809,0.03966116848220007,False
310280,5,-0.020328740034913535,0.028906475694344517,-0.07764722279448336,0.036517825427062216,False
310285,1,-0.01965587860249048,0.028101332079793675,-0.07502012875610731,0.036668218808892455,False
310290,5,-0.012238849517004219,0.029091727823101664,-0.06952633307486786,0.04485760874915625,False
310300,2,-0.01919479983193665,0.027883132691613455,-0.073843392619659,0.03500870187086883,False
310310,0,-0.021913685836755684,0.028634740287879774,-0.07848426240478908,0.03509602285804557,False
310320,1,-0.01850941935308782,0.029651572949954203,-0.07653056405257275,0.039758667139346116,False
310330,2,-0.019174730739445034,0.028820570657966244,-0.07440400631437906,0.03856210657335438,False
310340,27,-0.033951017405782866,0.026992643408763065,-0.08862854254539225,0.01860035488807947,False
310350,39,-0.033493060014133505,0.025359762306517628,-0.08279253588432453,0.015524633868120216,False
310360,1,-0.018187449318596005,0.029531632899689717,-0.0763548607997102,0.039772516855268475,False
310370,1,-0.0208457071500824,0.02917395657751283,-0.07804404932491604,0.03700525581511671,False
310375,5,-0.02297631313246808,0.02897209141997384,-0.07878564282734603,0.03416954658451443,False
310380,0,-0.022916300428353086,0.028398185795151493,-0.07894609544386118,0.03280725360734618,False
310390,5,-0.025515348251638974,0.028627460076678716,-0.08160243410802606,0.02941150031119698,False
310400,84,-0.034846950201467476,0.02366829303366614,-0.08073752563992381,0.010871981107866486,False
310410,6,-0.009940409489837146,0.02878186327462591,-0.06559326491658055,0.045702429361200066,False
310420,21,-0.0052116483984751836,0.02687275356544005,-0.05766547140339703,0.04776948648884921,False
310430,6,-0.024164368423896004,0.02913348280276756,-0.08190813347841058,0.03323878187420463,False
310440,1,-0.022895572286113244,0.02901099421665401,-0.07935763557346129,0.033944326918173215,False
310445,4,-0.015264790084957354,0.028593276127743348,-0.0706585730575136,0.04102432211444558,False
310450,9,-0.021461750111235883,0.02868868468219512,-0.07781048859509963,0.03343906234285152,False
310460,8,-0.014921957414191646,0.02784508160922487,-0.0691098539024857,0.039590100368301746,False
310470,9,-0.022113723353840698,0.028534074393156347,-0.07666502998438184,0.035083070317650546,False
310480,1,-0.01757545398931277,0.029058464780821264,-0.07449666847375727,0.0410010397032622,False
310490,15,-0.04544052573310061,0.0281288342517551,-0.10074923082695716,0.010196010736846546,False
310500,4,-0.028199686212471257,0.029161038117322673,-0.0850727212379277,0.02933140646969671,False
310510,9,-0.02705510332942225,0.02752566035365656,-0.0823450955191195,0.02631355705902462,False
310520,0,-0.022283511566346042,0.02986690096305987,-0.079747091659533,0.035469779849446596,False
310530,4,-0.019153523672552217,0.028862175536513584,-0.07667120200546981,0.0383288030261101,False
310540,16,-0.008043505466477644,0.02732213332000646,-0.06081135075247793,0.04643221051656786,False
310550,3,-0.02653355977610999,0.028730321532133483,-0.08411661190821522,0.02963365012362623,False
310560,61,-0.018680776952135793,0.024195458780361227,-0.06573034482010943,0.028210661154598825,False
310570,1,-0.023856547775969707,0.028947210088918214,-0.08264721761031142,0.032227578015074164,False
310590,11,-0.019337232231196416,0.028205841423901194,-0.07521301680428424,0.03684966157847569,False
310600,5,-0.024291581743601035,0.028928388193762544,-0.08040358591726467,0.032890278924875636,False
310610,4,-0.031538011999691064,0.029222630127009583,-0.08921979330650665,0.025903690344859336,False
310620,680,-0.026133129116717488,0.017064885721239282,-0.05999484195753273,0.006150053948064995,False
310630,10,-0.015196114789235276,0.02800791649538383,-0.0702087872586034,0.04003398248256319,False
310640,3,-0.020891022238649366,0.029497718475541668,-0.07715275014918163,0.03558778523920435,False
310650,1,-0.021050583017199663,0.02867245739577158,-0.07714507137531681,0.034732060770500055,False
310660,9,-0.034967753092665456,0.028832594338991078,-0.09094402848123972,0.021619942002356132,False
310665,1,-0.026401124510284698,0.02928822282543363,-0.08304309950995721,0.03238430944568391,False
310670,214,0.01041389221884858,0.019834729057708125,-0.028239968313607693,0.0491855195835906,False
310680,3,-0.024330149551421446,0.02891666488472011,-0.08048051274064676,0.03292801046874281,False
310690,8,-0.022124396823293927,0.02797280778111443,-0.07740369875543934,0.033781431662494296,False
310700,0,-0.02197212337212448,0.029186262728804164,-0.08012534295968622,0.03498641629665522,False
310710,41,-0.03313000881136511,0.026347259429189505,-0.08378279382996205,0.018273176901017246,False
310720,5,-0.016956445864007127,0.02933117374518108,-0.07441583891454251,0.04098106325933602,False
310730,26,-0.023937748683499706,0.027064506496876653,-0.07693894021143877,0.02913887851828525,False
310740,25,-0.03475363181770567,0.02685515013773533,-0.08855457789375025,0.016138940377189843,False
310750,5,-0.01344851011789211,0.02904546753485805,-0.07040367047643555,0.04250777232746203,False
310760,0,-0.0228661507621814,0.028334480421949918,-0.07811620816689623,0.032159498525257194,False
310770,4,-0.017203179228813325,0.02878711918883101,-0.0742720692642204,0.03901887756524608,False
310780,5,-0.022577892214617555,0.02832607256861152,-0.07757285381244933,0.033149869291713985,False
310790,1,-0.0191559414109186,0.028645691252357407,-0.07484698067155524,0.03670554768314413,False
310800,6,-0.020838974662244457,0.028299444192623202,-0.07531353460279064,0.03527980138744685,False
310810,2,-0.026895297389200542,0.028779694237922794,-0.08304720144824632,0.028148066274877908,False
310820,0,-0.02121237084043598,0.029433903568141385,-0.07922077747394457,0.036106087427503195,False
310825,4,-0.02446811080008469,0.028602866119760078,-0.08040898874398238,0.028965119844737652,False
310830,5,-0.034910538726889075,0.029161039370513113,-0.09241130415088605,0.022020265902773777,False
310840,14,-0.033278899146395,0.02784568510283847,-0.08800632547156335,0.02169267472778636,False
310850,2,-0.022504689980968023,0.029341417025822904,-0.08041431280792626,0.035966220720720414,False
310855,12,-0.01576985817314018,0.02749917684026494,-0.06889866946676222,0.03813747304363175,False
310860,13,-0.026804431743022036,0.027352303129933215,-0.08108435288853799,0.027150877627795885,False
310870,3,-0.025002612357634357,0.028721037197394016,-0.08027093899300916,0.031224473541118174,False
310880,3,-0.029858979645741034,0.02928688402425338,-0.08800201779052262,0.028121130146703092,False
310890,5,-0.018337436481847866,0.028260386855403778,-0.07391100663598571,0.036948851400596915,False
310900,11,-0.014067713581860096,0.027333105738617098,-0.06821960423497132,0.03955128094203515,False
310910,4,-0.017138740321487687,0.028906630216262805,-0.07356730702433949,0.03953393199297296,False
310920,8,-0.015461973352548697,0.029301995919402864,-0.07287528276374051,0.04213167516643399,False
310925,2,-0.020516680499682877,0.0301676581271346,-0.08091709306492795,0.04016231489479277,False
310930,8,-0.013342963804702089,0.02785049113816507,-0.06742519029382191,0.04167797188361704,False
310940,16,-0.021182462905808965,0.026926571092895195,-0.07420489111048256,0.031003494001669952,False
310945,2,-0.022272856282954726,0.02932130983251628,-0.08023462302885,0.03526160864946969,False
310950,6,-0.024594507832083827,0.02824956431044949,-0.07984652080180689,0.03061832077596519,False
310960,2,-0.021143239893387497,0.028730702849904373,-0.07654778536332414,0.03549884048611963,False
310970,8,-0.03074051680791643,0.028473256882684844,-0.08745285395933826,0.024580821585199763,False
310980,1,-0.018632479080998347,0.028935402611512017,-0.07598570889165493,0.038098519828128966,False
310990,4,-0.027156190847535334,0.028542838274099546,-0.0831527924221582,0.03048866763364184,False
311000,14,-0.016882502841277992,0.027920317992890967,-0.07136703015430097,0.03847178540455771,False
311010,4,-0.02261657991785508,0.028511319772402902,-0.079031349021365,0.03344414487550441,False
311020,2,-0.022175317235001848,0.028923900914829267,-0.07896582957558546,0.034700903577730785,False
311030,4,-0.022400976691056253,0.02913608102633638,-0.07901107262515442,0.03444296576511196,False
311040,3,-0.02680451885650937,0.02870870714480525,-0.08224753978635788,0.0279644521086821,False
311050,21,-0.01510106649623674,0.027243854549240817,-0.06811131015935565,0.03837425497016942,False
311060,13,-0.019952187609484372,0.027954601712353186,-0.07418586977662894,0.03541697313018035,False
311070,10,-0.043195305431978366,0.028789317693947117,-0.0998167390856547,0.013489910659807017,False
311080,0,-0.021712477211446857,0.0288881687149128,-0.07764483788139895,0.035388933087270376,False
311090,10,-0.017128334081619952,0.0288587937844482,-0.07377681704089542,0.03907622012035731,False
311100,6,-0.018157967784866894,0.028032383091175086,-0.07275123133022836,0.03730716474356688,False
311110,6,-0.0292797350817692,0.028732162712550094,-0.08636412674201993,0.026271556597855794,False
311115,3,-0.027743642939315114,0.02904943634754727,-0.08556152736176761,0.027913623707773068,False
311120,16,-0.042613546266961476,0.0268946422069444,-0.09552031499449028,0.009074545101089796,False
311130,6,-0.0236720754850215,0.028638306773628993,-0.07843351070306741,0.032298639703900955,False
311140,6,-0.025729499203462423,0.028784463077241938,-0.08408979779800468,0.030527277379049263,False
311150,18,-0.018638823290710184,0.02823120406828533,-0.07452880301978189,0.03636087334923547,False
311160,12,-0.021515222077520813,0.027961860816894685,-0.07605815752086854,0.033102244800289705,False
311170,0,-0.021638435096415193,0.029676186765300382,-0.07988184526410019,0.03642527279322516,False
311180,1,-0.02000119919997583,0.0284892814833134,-0.07537139686265412,0.03533850131235044,False
311190,0,-0.02131724373974439,0.029351595774985823,-0.07911574954858784,0.035869690601090555,False
311200,6,-0.02592546134799068,0.02862607023761727,-0.08204610895010749,0.030745736074936546,False
311205,4,-0.02614297386292281,0.028930315938327667,-0.08254438526240063,0.029732735754006215,False
311210,5,-0.02926185748358332,0.028834425374485873,-0.08365137828165373,0.025760881873701333,False
311220,3,-0.025056511788889915,0.028728892293947705,-0.08152959824657875,0.03134005428877719,False
311230,6,-0.0198272145268567,0.028083977418332122,-0.07494731337730132,0.0354804165152583,False
311240,6,-0.02598850974749632,0.029530803531617834,-0.08302740999610697,0.03210039889172552,False
311250,10,-0.022768957578759463,0.02873377447884557,-0.07876684612987078,0.03440374653859406,False
311260,7,-0.026935216639163647,0.028754738509285834,-0.08365466058429577,0.029621497312240147,False
311265,1,-0.02204493789658207,0.02924578258658025,-0.07894138564231348,0.03493826789356676,False
311270,12,-0.0384491068544701,0.027997213664931506,-0.09431096521450306,0.01612237123087824,False
311280,8,-0.029813889151843624,0.028351159910199215,-0.08645567241223319,0.02545866836861453,False
311290,5,-0.022496864066885135,0.028414872189055175,-0.07882458103994114,0.03234265476774347,False
311300,17,-0.029157148498999093,0.028047989123417064,-0.08380814802115602,0.025961474179741047,False
311310,7,-0.028365762366559872,0.029005552892911502,-0.0855935886052274,0.02838729863853204,False
311320,15,-0.022010448411576854,0.027661836730701696,-0.07542262497386286,0.03164503519722211,False
311330,14,-0.0236839527005357,0.026715670938453225,-0.07671097547127922,0.028326730721656715,False
311340,46,-0.04030491187169207,0.025418507509642595,-0.08996620741984147,0.008922028197276615,False
311350,2,-0.020576032009447038,0.028774771075109545,-0.07787873889100691,0.034413892287781404,False
311360,4,-0.018456256030918602,0.02856012729073087,-0.07425477098241993,0.0370988796107407,False
311370,15,-0.01905877270829294,0.02827600655907535,-0.0746460446035284,0.038079250045882904,False
311380,2,-0.027210023506321273,0.028260610877223393,-0.08340215124821225,0.027841552385311764,False
311390,10,-0.02544307585108022,0.028271976497146977,-0.08119116320662294,0.029813690319768507,False
311400,2,-0.027884010568806985,0.027759038675235548,-0.08386640572752195,0.02637036528138618,False
311410,12,-0.034203938715624,0.028319630250365407,-0.09067253548946198,0.02142102592793328,False
311420,7,-0.007292819422822434,0.0286655758909702,-0.06243079292288181,0.048917792640101584,False
311430,13,-0.011515785116743829,0.027646941248930534,-0.0672992354953337,0.04388344306440129,False
311440,9,-0.01685301739314691,0.02895856991687691,-0.0744249069192633,0.0396403667349771,False
311450,1,-0.021560547392618857,0.02907448791841901,-0.07782188281589499,0.0364815881829009,False
311455,3,-0.02921883963843121,0.02868941264384173,-0.08664339941552215,0.026956172152806327,False
311460,2,-0.023826281571158334,0.029724082415180337,-0.08186885518054073,0.03355505751789809,False
311470,0,-0.02194887732782496,0.028561965504641535,-0.07834543104449383,0.0331196296160153,False
311480,2,-0.01994305799739304,0.02882325243545215,-0.07510796285713908,0.035980841761237066,False
311490,1,-0.023969810897429042,0.028875679554348218,-0.0822844085795694,0.032504679358082725,False
311500,1,-0.01816330283656094,0.029021531075814427,-0.07489899844359765,0.03842079552384604,False
311510,12,-0.035145833910251244,0.028574499814061953,-0.09170822710894468,0.020557587378579337,False
311520,2,-0.013561451609662996,0.02945561602875273,-0.0698230709390261,0.04588082523041543,False
311530,37,-0.01594762257388824,0.026061289576767642,-0.06761286792439294,0.03452597363445561,False
311535,1,-0.01891043389830927,0.028735769345671083,-0.07446360848943193,0.0372770993544306,False
311540,2,-0.022807858624909735,0.028293621106653448,-0.07758240366462772,0.03367906087593362,False
311545,15,-0.026499741525023258,0.02814285487757664,-0.08179919188396576,0.02967237039022885,False
311547,3,-0.013149495340136572,0.029418789361804882,-0.07046922852802431,0.04523906609126314,False
311550,8,-0.019251747905910454,0.028709912558933234,-0.07499406790647929,0.037543870218721874,False
311560,0,-0.02266872443861371,0.028475256549614136,-0.07958220093258064,0.03402717220507508,False
311570,3,-0.022611689298941605,0.02861368731335111,-0.07675968205578215,0.03335748304409172,False
311580,2,-0.024693068869366418,0.02859554021943412,-0.08077072056252904,0.0329531087570593,False
311590,1,-0.022510719281159795,0.0294877198285465,-0.07980263888835464,0.03633049716957999,False
311600,3,-0.02473491333818645,0.028475043781814407,-0.08087263813956948,0.03171842577668986,False
311610,7,-0.026905398567468316,0.02891182552079729,-0.08315432068698897,0.029464007349319206,False
311615,8,-0.020652697463997526,0.028338231123196823,-0.07751995124089844,0.03521361301982998,False
311620,1,-0.024284510907259357,0.028502229430145173,-0.08075465771220623,0.030812527705390513,False
311630,1,-0.02481704535842942,0.029181927558830336,-0.08266729282295956,0.03129272959664744,False
311640,1,-0.018339612639916212,0.028646950715255852,-0.07475194750424133,0.03716280050581412,False
311650,3,-0.020115275091061462,0.02891139118712191,-0.07689146758222581,0.036456199992652094,False
311660,11,-0.023233928293581348,0.027366069724134818,-0.07737229008818135,0.030558023511246406,False
311670,3,-0.030912289794954192,0.02856825269401346,-0.08713353883076425,0.023599670121105604,False
311680,2,-0.016855340416868207,0.029763917788231963,-0.07449358923582967,0.04150954688135011,False
311690,4,-0.01778034483974209,0.02924479069604509,-0.07347074869682843,0.039889087117141876,False
311700,3,-0.02535931681501226,0.02823543206512551,-0.08176915037540572,0.03144527402916486,False
311710,2,-0.02266260020497808,0.028768342553605948,-0.07901700519382483,0.03440394024334794,False
311720,1,-0.02585296715347034,0.02861075085405048,-0.08245678615427787,0.030393855708605966,False
311730,13,-0.01252647750190282,0.028202375840485825,-0.06632783975823602,0.04298807384812092,False
311740,0,-0.022279653458088387,0.028471125156825195,-0.07850913780682649,0.03381354155082206,False
311750,15,-0.01628367506641712,0.028116277752833443,-0.07160435188566189,0.03994337700513123,False
311760,3,-0.02699402260213814,0.028546180709780277,-0.08326214403287496,0.028106255588255268,False
311770,6,-0.01716308205368174,0.028514690724652663,-0.07281488284006331,0.038636646181216025,False
311780,8,-0.02421018232917773,0.02904942843941575,-0.08025975724565843,0.03254585060842658,False
311783,1,-0.025809891319295074,0.028783731617369336,-0.08280820601010094,0.030145628733744566,False
311787,0,-0.02134454822394267,0.02885495699071624,-0.07755053364328317,0.03470628491329234,False
311790,7,-0.022132940393962776,0.0291527217836108,-0.07851168771016712,0.03487787266224315,False
311800,25,-0.03243053568776693,0.026953512549235392,-0.08434140797593473,0.0200649765404553,False
311810,2,-0.02649451967010803,0.02875252318388189,-0.0842292968481571,0.029439201767419865,False
311820,3,-0.024548614815373328,0.029138882653553157,-0.08266321998553305,0.0325449415543383,False
311830,87,-0.019223158428038716,0.0234956159785497,-0.06584807455221219,0.027686000697981092,False
311840,10,-0.013403327151605457,0.028010491515502736,-0.06726973347542943,0.042730661185277144,False
311850,0,-0.02213407498119539,0.029735601247293426,-0.08124596454278728,0.03655677818673884,False
311860,276,-0.026918672902617687,0.019916047145383208,-0.0659095862770621,0.012008502800609791,False
311870,8,-0.012424913136538929,0.02853090511524701,-0.06834590262818582,0.04409776957653787,False
311880,10,-0.023919836287883862,0.027986905337152236,-0.07981776718142898,0.03174502704399269,False
311890,5,-0.031035643023107195,0.02830696925653483,-0.08626165362268776,0.023954042734100598,False
311900,5,-0.02740345972550525,0.029735242604601638,-0.08567579440247859,0.03098550330889252,False
311910,18,-0.029439851330504894,0.02842770866865262,-0.08571298497034413,0.0272905803436489,False
311920,2,-0.028137365973318736,0.028634047675945108,-0.08554780725027725,0.027800842951866977,False
311930,13,-0.02152395490895846,0.027742869492218204,-0.07476341875158223,0.03323700750535371,False
311940,44,-0.029046513623830598,0.025757318899746123,-0.08043766989067047,0.020507323978559654,False
311950,7,-0.0327406822107337,0.028652745310488874,-0.08831039612545251,0.022326419523226046,False
311960,1,-0.026248969404926693,0.028285447822688846,-0.08231242767293846,0.02839416885497598,False
311970,0,-0.022404843782425538,0.028844589685327073,-0.07850558229230946,0.03423058893872869,False
311980,1,-0.023311754741874424,0.029630544864976797,-0.08338407732119865,0.03464591173742246,False
311990,0,-0.02250749651924579,0.029165532530430156,-0.07998080491705918,0.03447390275654407,False
311995,3,-0.020986668682045736,0.028603532528709792,-0.07673207652658422,0.03584807845453215,False
312000,3,-0.02022376453537004,0.029426511611622394,-0.07763264493596671,0.03572573216181676,False
312010,3,-0.01253156393046624,0.02878566687031159,-0.06911193502955713,0.043624909282943214,False
312015,3,-0.028784212697441126,0.0291278790549369,-0.08504510543974078,0.028271294794993202,False
312020,5,-0.018562255429760272,0.02971214387726705,-0.0760200735861111,0.0388948260349367,False
312030,4,-0.01622311426984298,0.028810286521128915,-0.07117039763161112,0.04050151227763915,False
312040,1,-0.021886079101719722,0.028561071459984017,-0.07788876529487322,0.031669760327570975,False
312050,5,-0.024029214071055766,0.028660133526941026,-0.08046743949330608,0.030831492761823957,False
312060,1,-0.019351300793075548,0.028857650470112593,-0.07546066511669468,0.037083538919860375,False
312070,1,-0.021646938614993554,0.029386324988810622,-0.07736809431230676,0.03757797869133461,False
312080,8,-0.02454930401907191,0.028669892666408292,-0.07979860050237034,0.03182652013416166,False
312083,1,-0.020054509665084912,0.02914659357873044,-0.07569545344951673,0.037873426422265634,False
312087,4,-0.031237551393783435,0.028695095781473123,-0.0880727505110325,0.0236573517776192,False
312090,31,-0.030272294190892793,0.02572835167676667,-0.0823527096766472,0.019886120528810152,False
312100,2,-0.024374871290422234,0.029065779040686603,-0.08193425581406509,0.03156289340742879,False
312110,2,-0.02423748438828352,0.028390240686212726,-0.07946737105525377,0.03105435146460582,False
312120,1,-0.019509968128026627,0.029133856993545117,-0.07740309271695128,0.03703678043358893,False
312125,8,-0.014267603434766641,0.028920995683056012,-0.07179570193811241,0.04187297889478612,False
312130,3,-0.022291364383281807,0.02953010542680641,-0.07919161012857591,0.035101052270040706,False
312140,1,-0.020602751886173835,0.02910875035981009,-0.07768430878572587,0.035829533663620856,False
312150,1,-0.025628809901128945,0.029532079214070864,-0.08427587713932624,0.03267145763549057,False
312160,33,-0.019505766557357196,0.026264216602049147,-0.07108777531578109,0.03219731831498962,False
312170,1,-0.023722944356541632,0.028869295119359026,-0.08115320827822421,0.03411259585816926,False
312180,3,-0.02458425792906267,0.028244653986570827,-0.07956376648828502,0.030539758923829402,False
312190,3,-0.024676609523540293,0.029547962130930142,-0.08416785135139088,0.03352682342770674,False
312200,15,-0.019653593296036623,0.02777169793035498,-0.0741041512381702,0.03519976079258286,False
312210,1,-0.02428558906802632,0.02995738683040349,-0.08435060911954702,0.03395017832311109,False
312220,5,-0.031308160687351254,0.028845146524780582,-0.08855203914338931,0.024436288766477837,False
312230,91,-0.025515190513893424,0.022974588677561174,-0.07038009646304254,0.018332722464236322,False
312235,1,-0.023223708459609492,0.028892961556043175,-0.07897908088352336,0.03228107931311538,False
312240,6,-0.029296226904106198,0.028310544407059855,-0.08530891468321194,0.02772848889961342,False
312245,4,-0.015263963693077033,0.029560985401370643,-0.07315293951808825,0.043438172221847295,False
312247,0,-0.022498915433204744,0.029214393015749362,-0.07941709106435643,0.0350226194186101,False
312250,2,-0.019823137631253884,0.0286469575712992,-0.07708601162853845,0.03581532024699728,False
312260,2,-0.02263935915714063,0.02895532471793411,-0.07898627154969429,0.034786820030821536,False
312270,2,-0.01899251336068874,0.028314847394231117,-0.07408995377761095,0.0369769740069531,False
312280,1,-0.01812757459552635,0.028747318809178767,-0.07331766444280413,0.03796510481794446,False
312290,4,-0.02107219416552313,0.02869249729084105,-0.07737992487658824,0.035907434311482966,False
312300,6,-0.01701522762940183,0.028081646999194746,-0.07263109748511286,0.03748652162575423,False
312310,4,-0.027403108766306004,0.028482490836544937,-0.08481099813469817,0.029192991194446273,False
312320,6,-0.03127764245697079,0.02838843257712663,-0.08802468923656685,0.023915504800631163,False
312330,3,-0.023781889041097494,0.029297875220252404,-0.0837522103747563,0.033676530029194705,False
312340,1,-0.021290641532989683,0.028787937293474425,-0.07781530000928336,0.03597623696947851,False
312350,1,-0.021751858636647584,0.029840780359434906,-0.08106940835327185,0.036116459102788614,False
312352,6,-0.029168159113209947,0.027955227611766997,-0.08414995055995508,0.02489885330671109,False
312360,14,-0.006392603913353047,0.027699610047486917,-0.0603379241028666,0.04785656073719454,False
312370,5,-0.020923629663059527,0.028622239277937087,-0.07643917943572437,0.034066986250216535,False
312380,4,-0.029474691498093814,0.02930857696246162,-0.08690943282535674,0.028499264823697884,False
312385,4,-0.027123574840946872,0.029555199461237715,-0.0858738578768522,0.031111398933036157,False
312390,10,-0.03319864620018852,0.029164209235060093,-0.09006383824313836,0.023461678340895516,False
312400,10,-0.017150174682667697,0.028218966259095542,-0.0725281685581705,0.037312463555069134,False
312410,52,0.009618186331600713,0.024906159244189083,-0.039318201225077065,0.05828727243649021,False
312420,11,-0.016258747334199634,0.02706825971108558,-0.07016082363281456,0.037401180250263795,False
312430,16,-0.01000063117016858,0.027519194384659006,-0.0637445503020824,0.044399116010383856,False
312440,4,-0.017677554524844753,0.028699679345051354,-0.07285854923182808,0.03732009649361056,False
312450,7,-0.018129360507239057,0.0287148839285063,-0.07414348089691976,0.03793212490019486,False
312460,2,-0.02247961295496585,0.029091821401937237,-0.08032038420367714,0.035410001835119706,False
312470,2,-0.023178371962770075,0.028276025097385485,-0.07844841793628374,0.03366744824222899,False
312480,3,-0.017477103888372553,0.029387897093523227,-0.07573939560583688,0.041228552820147854,False
312490,6,-0.02042708885063976,0.0287021090659394,-0.07643547851678385,0.03544752079212507,False
312500,0,-0.022098424267134792,0.02868675729811215,-0.07791868473093783,0.0335745247919255,False
312510,32,-0.008411520783215892,0.026368471256592814,-0.0596030955920243,0.043856570844268805,False
312520,0,-0.02218033828865932,0.02880210898987264,-0.07916065280679087,0.03512872702885659,False
312530,1,-0.02323166175443372,0.029016578426995218,-0.07944943810058724,0.03292200104941347,False
312540,2,-0.027298565452392,0.028763581904146317,-0.08471187956538737,0.028026279173844745,False
312550,2,-0.019373291064976646,0.028654599899207232,-0.07420734554264306,0.036454671733650135,False
312560,5,-0.027514076614545985,0.028914670591992122,-0.0840775398982143,0.028041183435808827,False
312570,2,-0.023928277984911858,0.029749209245302385,-0.08261657939117964,0.03399310554301434,False
312580,3,-0.023836079515548447,0.02949358528795992,-0.08187384193969664,0.03403888157679623,False
312590,0,-0.02115057917451463,0.028282831506054255,-0.07711075805258119,0.034690503944933906,False
312595,3,-0.02206340849336615,0.02881459471969147,-0.07811197221636657,0.03470434943704619,False
312600,5,-0.025491892419245488,0.02916604080016977,-0.08245093715170672,0.03168621044284773,False
312610,40,-0.01214999656478886,0.02557747414071744,-0.06273108328639661,0.038011800857484825,False
312620,5,-0.022832430408386468,0.029229366283219354,-0.0807917846851208,0.03561651043051816,False
312630,1,-0.024843632096236842,0.029718785452442897,-0.08287447432813315,0.03372831376544156,False
312640,2,-0.02579374358803133,0.029059159605818754,-0.08210742315474485,0.03133963888651567,False
312650,8,-0.029698478529269882,0.028822125344963017,-0.08772033842741243,0.026122959730379473,False
312660,3,-0.01607917636379247,0.02859775581480468,-0.07261213788231984,0.03882391942628065,False
312670,13,-0.023320506620957072,0.027878181114469228,-0.08034285661477762,0.031197917849266753,False
312675,4,-0.018837571188318213,0.029030876137027675,-0.07590957294815263,0.03803477608290383,False
312680,3,-0.016955345154650976,0.028532747184431526,-0.07368844970762642,0.03865271833073475,False
312690,4,-0.030925698883047744,0.02854282748702947,-0.08571719648660979,0.02393723835616325,False
312695,1,-0.02096171592222905,0.029255358941583338,-0.07967876644349174,0.03729745040509236,False
312700,6,-0.024411061609956188,0.02867599284131278,-0.08084782771440548,0.03272325738678308,False
312705,3,-0.0149956780331366,0.029575141770167807,-0.07393272969641583,0.04325000679031762,False
312707,4,-0.029340416035272807,0.028600794203834084,-0.08641221402576699,0.0259678584767604,False
312710,15,-0.0213977500767612,0.026564885520370465,-0.07348026238040552,0.030395516794145608,False
312720,2,-0.02866896107393293,0.028674783535461133,-0.08615440738236413,0.026234743234484336,False
312730,4,-0.028029707721310776,0.028613221202101125,-0.08478796079154693,0.027758345616159433,False
312733,3,-0.03308114809262693,0.029325670356650003,-0.08931781538117996,0.025166846003386954,False
312735,1,-0.023803374985154894,0.02942274784978312,-0.08074525429381893,0.033341219440636276,False
312737,4,-0.02277635124778269,0.028998661654154715,-0.08127695195583211,0.03379273189707175,False
312738,3,-0.026237417556164582,0.029419232746583097,-0.08464560786974253,0.030321406742581117,False
312740,1,-0.024007091312331245,0.029100640898315593,-0.08141027084778056,0.03215314202153465,False
312750,4,-0.02315851707206511,0.0284653557794289,-0.07992891360137608,0.033611837009390466,False
312760,5,-0.018426167462068738,0.02807792439866303,-0.07147661753897513,0.03579295344759268,False
312770,109,-0.04637627816742504,0.022214670370274,-0.08999685603473102,-0.003677297421607579,True
312780,5,-0.021933989783643193,0.028682283068094446,-0.07904318673925394,0.034188428988025564,False
312790,0,-0.022125441354048717,0.028599698179697035,-0.07704265966302515,0.03373002697385338,False
312800,12,-0.029999170817329477,0.027316847452829196,-0.08420065733445013,0.023980604276459806,False
312810,5,-0.022804407130348273,0.028726776771269575,-0.08018846516667787,0.03343096515240916,False
312820,6,-0.026584222523719527,0.02883056293007914,-0.08277484880029186,0.030317139594373977,False
312825,6,-0.03476863968610527,0.028381362147662487,-0.08999472482842905,0.02064908880916137,False
312830,12,-0.033006824802747636,0.02807030587372264,-0.08815959311180964,0.021410657029285674,False
312840,5,-0.006808114773345908,0.029240094549470373,-0.06465095108901044,0.05143539621986905,False
312850,0,-0.021887330462519658,0.028517175758885707,-0.07710808051854147,0.033622381006944,False
312860,4,-0.0246101215268096,0.029453070816113112,-0.08287599585624845,0.03205028177477122,False
312870,31,-0.037774494489867125,0.0256431780866808,-0.08856355937174237,0.011918590086352118,False
312880,6,-0.02924453793595175,0.028084380151148426,-0.08495450703027331,0.025623384419771397,False
312890,6,-0.021185219864440996,0.028583591752115587,-0.07750712585756864,0.0348346050023911,False
312900,5,-0.02852327862961539,0.028701835645921367,-0.0842577474324984,0.02774508662350492,False
312910,0,-0.022256132276092824,0.029257784844102734,-0.07862422901405283,0.035033614204483345,False
312920,3,-0.021069744469124838,0.02980664586354876,-0.07966174261114933,0.03760742116397852,False
312930,1,-0.025090870254564305,0.02801659439854819,-0.0807524044313743,0.03136260082598589,False
312940,6,-0.0357322207161793,0.02908724056291889,-0.0931356741410588,0.021001681873642233,False
312950,7,-0.02905236707337961,0.028935699994139454,-0.08579451600093604,0.02680742230214653,False
312960,4,-0.012973811709504113,0.029853827326104778,-0.07264236149809931,0.045226160702463186,False
312965,4,-0.024527359747880447,0.02820565933180129,-0.08083151689377632,0.03102310854375627,False
312970,2,-0.019267775217657598,0.028758291121900748,-0.07478441011939892,0.03789075759133432,False
312980,101,0.0022979308723761658,0.022820893338184642,-0.0435931967379262,0.0476975932118009,False
312990,1,-0.01981301085175737,0.02929372709915317,-0.0770632838790248,0.03696781709856529,False
313000,0,-0.021763618670879878,0.02858304348851857,-0.07759011408411352,0.03294194902115015,False
313005,1,-0.02402149664514636,0.028675497879079786,-0.07996231817179586,0.0320250446058282,False
313010,25,-0.02849734512700595,0.026565436431801884,-0.08006496283930054,0.023126386416655403,False
313020,6,-0.027174126337181904,0.02863037888952321,-0.08353054431341646,0.027804424497808067,False
313030,4,-0.024515274911642185,0.029065606152488318,-0.08086912398137061,0.03209077657616681,False
313040,3,-0.01696138948322399,0.029686265360168752,-0.07451989474141059,0.04158552898737286,False
313050,3,-0.017126939569505752,0.028145696204725474,-0.0731625088646175,0.03811989253546487,False
313055,9,-0.02876157819576475,0.028643213626138447,-0.08520250453272545,0.0265504306348,False
313060,5,-0.03365911474957147,0.028827641370960316,-0.09103289252635655,0.021931838780094814,False
313065,5,-0.026450715214243914,0.02898621956169861,-0.08285650824243528,0.031007542048654795,False
313070,2,-0.02300423613578551,0.029175217505253856,-0.07973487947686413,0.034679579371228994,False
313080,1,-0.022682077270943495,0.029065325531987388,-0.07920912322102008,0.034428235174043725,False
313090,10,-0.024622446597445186,0.02827376600202455,-0.08071281535833666,0.030177100471926354,False
313100,6,-0.032480037934015146,0.028954794531319026,-0.08870273165566665,0.02329297592121429,False
313110,4,-0.024613826992128097,0.02892594529600714,-0.08080358459501209,0.03230970527868228,False
313115,6,-0.02499903259401875,0.028488591351479926,-0.07976506887846468,0.03030968379023261,False
313120,10,-0.035090408616256744,0.028210310334814654,-0.09087442493817889,0.020264275968733,False
313130,60,-0.04825615126648133,0.024031438449589524,-0.09668030608832315,-0.00202886662825918,True
313140,1,-0.023950783243405917,0.02946236187699702,-0.08145662288420374,0.033533217795821975,False
313150,4,-0.02319087058840315,0.028633596608589478,-0.07955440954376798,0.03373323184248916,False
313160,4,-0.02795819315892848,0.029086541204262243,-0.08538718120841177,0.028866545326684978,False
313170,49,-0.04723227488531075,0.024000572185829423,-0.09486009413047414,-0.001009932407400328,True
313180,5,-0.03190430235373208,0.028146123785480592,-0.08831405846948587,0.023145392117432956,False
313190,21,-0.002667119730744138,0.026699947951138177,-0.05401936461434815,0.05094552805633807,False
313200,0,-0.02145093986985192,0.029008174001531127,-0.07779563422582171,0.034702396211279574,False
313210,17,-0.013822504493622094,0.02791745470999909,-0.06773835458007463,0.04087009685376702,False
313220,6,-0.03578575961780717,0.02873926337284524,-0.0927983946514597,0.020479186998454735,False
313230,12,-0.023655860171946243,0.027752984833772268,-0.07797348751001114,0.0315309739631245,False
313240,45,-0.0007596977961988352,0.02546253457509985,-0.05002732975741473,0.05017705367403613,False
313250,17,-0.01963099842197322,0.028095932931065135,-0.07540816856735964,0.035984273118343436,False
313260,3,-0.020769555210827798,0.028678940766319366,-0.07535321499819661,0.03454948983651653,False
313270,18,-0.015348186214843348,0.027424903215384797,-0.06863501841804488,0.03817454340580368,False
313280,0,-0.022307809140782665,0.029472401496519317,-0.07930004738874707,0.035799313471739876,False
313290,8,-0.021204987192237658,0.02812856965696863,-0.07540060561310545,0.035068768121743296,False
313300,4,-0.02138243898784283,0.02928133093986654,-0.07946274181246499,0.036873348029666866,False
313310,9,-0.028038096525314842,0.02855172724533156,-0.0833142583364717,0.02802627745314183,False
313320,3,-0.02421045364615291,0.02895480404668665,-0.08175614280899557,0.03207656656255994,False
313330,7,-0.012183413558828037,0.028340464745533703,-0.06751303823479277,0.04371674187208305,False
313340,5,-0.014779930639936998,0.028259457995475554,-0.06966838624016476,0.04185631969941479,False
313350,6,-0.01683454875173813,0.028800861497197378,-0.07326521515091579,0.038769711261906925,False
313360,7,-0.021028687406829144,0.02817214387045558,-0.07702990272444898,0.034710521410139736,False
313370,5,-0.025841678770637203,0.028558057837365227,-0.08139260399407898,0.030583740768448893,False
313375,8,-0.02345261022034493,0.02773989765516291,-0.07826359299314459,0.030522478187096178,False
313380,42,-0.01819468495750093,0.02488058243388327,-0.06653249028046263,0.029642027538728685,False
313390,4,-0.0180262833240033,0.028708577582477666,-0.07376215960514908,0.037376719717979505,False
313400,6,-0.031948972928626855,0.02898212462450957,-0.09023559965514612,0.024455804597283682,False
313410,3,-0.026365228987843808,0.02865212725085384,-0.08244001365002865,0.02996705138752187,False
313420,54,0.002289015493361938,0.02548653222930218,-0.04756982051055684,0.05321142913237039,False
313430,4,-0.023806068723506178,0.028909775550732732,-0.08094856429836088,0.0331551876218711,False
313440,25,-0.03344816221352429,0.02722820940903871,-0.08728278888017729,0.02051717975706781,False
313450,7,-0.025479161019988802,0.028211528261912134,-0.08054401036281249,0.02827752763607133,False
313460,8,-0.027597762414759114,0.027462352811599543,-0.08110550251098896,0.02605247981835001,False
313470,5,-0.026953968970739723,0.028953186302236818,-0.08537449601931643,0.02926100109234784,False
313480,7,-0.015877077772249486,0.028719501750496736,-0.07250649132540196,0.0415150249302835,False
313490,8,-0.021186613184371737,0.028430439476406413,-0.07716316613978524,0.03342796011674006,False
313500,2,-0.02650074964888762,0.0294748243528271,-0.08465525192756015,0.030959815993845563,False
313505,23,-0.013781555788134227,0.026618503752651974,-0.06442527571822095,0.039775959704431874,False
313507,1,-0.023162367659380286,0.029771343981323074,-0.08182737836983459,0.03753841151159779,False
313510,38,-0.012297783389320926,0.02532814275699625,-0.06052136479945447,0.03755481701389977,False
313520,48,-0.02482841499820311,0.025353725397820038,-0.07354416868898864,0.025362167136046054,False
313530,6,-0.02207251749221719,0.028144888032858435,-0.07711361802657779,0.033136357254198334,False
313535,2,-0.017556570098929337,0.0286517477277211,-0.07394021398600086,0.03878680085839818,False
313540,1,-0.02251461439456772,0.028810950016829203,-0.07885931119274095,0.033610492254468924,False
313545,0,-0.021510320724527493,0.029048024825832578,-0.07876043540929811,0.03577362670491396,False
313550,8,-0.024661694627638488,0.0284461753387891,-0.0814249469835856,0.03171885956675874,False
313560,5,-0.02616099364630813,0.028344146902302386,-0.08184067114132522,0.0298190352799253,False
313570,6,-0.029738427979290133,0.02900404394936402,-0.08551918006669604,0.026896808591035878,False
313580,17,-0.02745559465781661,0.028578253493319473,-0.082945135150911,0.027544287094661505,False
313590,2,-0.01724043746580543,0.028821945416398095,-0.07364653809450875,0.0396438092227019,False
313600,12,-0.02636889487459783,0.028076343178338004,-0.08157798687036512,0.027804296796622954,False
313610,1,-0.021759368488653882,0.029550358255085767,-0.0779920548885633,0.0376395798010231,False
313620,38,-0.011529234484114134,0.025690520835001472,-0.06159913520576824,0.03955381782554594,False
313630,30,-0.02497882857009651,0.02719971914523241,-0.07972515347432399,0.027810835314165186,False
313640,0,-0.022468225341541897,0.029141729131158332,-0.0796125589808183,0.034251573510343136,False
313650,7,-0.027799204893117404,0.02860077333160446,-0.08569765402275717,0.028579644541477406,False
313652,2,-0.020629843598271927,0.029224674807874978,-0.07813805142170274,0.03731318851991493,False
313655,6,-0.026603446845650993,0.028735264723569548,-0.08244373137033224,0.028992894712992056,False
313657,0,-0.02210668445795551,0.02873853812955305,-0.07783286278659057,0.03409020994592952,False
313660,4,-0.02384305640748954,0.02918232794309861,-0.08107757015366068,0.03306638920823565,False
313665,18,-0.009159073978079522,0.027374338937139,-0.06396257724076304,0.04397896065522769,False
313670,223,-0.0230263949810555,0.019674865899567955,-0.062038619634053806,0.015845520325370326,False
313680,3,-0.018532273784912612,0.028407583040506373,-0.07432507344081474,0.03646499450530508,False
313690,6,-0.01904719485457019,0.027976230007714493,-0.07379266170607962,0.036122479830076944,False
313695,6,-0.03507395276493105,0.02869958813092136,-0.09176413969618799,0.020980089747761964,False
313700,10,-0.020148269987595415,0.0279855367395814,-0.07431057291221188,0.03484412247112615,False
313710,1,-0.02076003213653308,0.028854465575959897,-0.07759483574972283,0.03524609681436633,False
313720,20,-0.014987309378342147,0.02695103603470828,-0.06836495276700688,0.037453839700254454,False
313730,2,-0.025045608769224136,0.029298854638957494,-0.08295949592231183,0.03280164384342791,False
313740,9,-0.025877874633864234,0.028283979436315214,-0.08175882874831848,0.02930144624040893,False
313750,14,-0.019062218878647574,0.02922685777362893,-0.0765065826295301,0.03761616031598177,False
313753,9,-0.028338976259245488,0.02783512592591847,-0.08238500069579255,0.02676523974157672,False
313760,25,-0.025367341893411173,0.02684305008848714,-0.07771532532591956,0.02730956241987562,False
313770,11,-0.016287702018913337,0.02849514315643992,-0.07180282215827458,0.03984336659925999,False
313780,9,-0.021630595646088855,0.027766751363414614,-0.07646860647114398,0.032585506496323004,False
313790,3,-0.019618240331061958,0.029463384435579675,-0.07602017402538078,0.03846557195805391,False
313800,1,-0.02084890153947444,0.029209126983119657,-0.07775190083591452,0.03575610478208821,False
313810,7,-0.030137378315000983,0.028992224161469557,-0.08646179074181859,0.027249265527910706,False
313820,84,-0.029407866122600487,0.023025059413948577,-0.07516233668931391,0.014928096447128144,False
313830,2,-0.021440922453616503,0.029000233397271726,-0.0792996085887874,0.03706707349829109,False
313835,1,-0.019187715191743494,0.028942493417004393,-0.07499679875901141,0.03742161597652736,False
313840,25,-0.02358971946579576,0.026927846048225772,-0.07630240160304745,0.02977567342188341,False
313850,1,-0.02320081604454612,0.02901466890482742,-0.08013577336507571,0.0337446782792489,False
313860,6,-0.015479266053379011,0.027891511859165222,-0.06977658917876373,0.038539731259490624,False
313862,3,-0.02193142435004141,0.029016379179261295,-0.07957439567569372,0.03643096412965974,False
313865,1,-0.018751540531756778,0.029117685382222876,-0.07499584050581357,0.037345474055258995,False
313867,9,-0.015034654996186428,0.028725838388916285,-0.07090842863623399,0.041496615595309906,False
313868,8,-0.022747105944845303,0.02796814059065154,-0.07758317927877452,0.03331893599934972,False
313870,3,-0.020445899481793817,0.029417739094173095,-0.07877452036310446,0.03690089592929135,False
313880,8,-0.02310240335035561,0.028325708121259698,-0.07745251095183556,0.032058671975053875,False
313890,4,-0.025058330399178676,0.028545902082893846,-0.08082372791945255,0.030711358145699,False
313900,17,-0.01256489786184038,0.027223567037642817,-0.06582402198914197,0.04006045690999974,False
313910,2,-0.024208616782818847,0.028964638702746178,-0.08000718621936098,0.03343141452241666,False
313920,14,-0.019010184383372316,0.027467189960037386,-0.0724001018897078,0.03353117112287171,False
313925,0,-0.022201891258016523,0.028953444335046378,-0.07916844829595125,0.03365159193685599,False
313930,11,-0.011513926394933463,0.027063631209035988,-0.06477714023610828,0.040888081871429,False
313940,50,-0.04135454997207572,0.024758632435459914,-0.0896051815574147,0.007228568345049124,False
313950,10,-0.03288983407360586,0.026860347058917787,-0.08542041159772329,0.018936329416387204,False
313960,11,-0.008876434838182278,0.028461735654627486,-0.06409012302150423,0.04757448804548535,False
313970,3,-0.025688478777729035,0.02829505913596127,-0.08164461759924335,0.029511544630648995,False
313980,9,-0.02653645636053563,0.028262533197586124,-0.08366680714854341,0.02849350766029196,False
313990,7,-0.020275655575267736,0.028634470895215564,-0.0755689056756853,0.03644841054810252,False
314000,33,-0.020346476732644378,0.026473621195147866,-0.07159309872608283,0.03145216245476727,False
314010,3,-0.02999866624944046,0.028854637700201052,-0.08674760739810171,0.026290033721894188,False
314015,16,-0.012375216221272073,0.026912118170270095,-0.0648924041846622,0.04170192638859168,False
314020,1,-0.02656828272237089,0.029543563840908137,-0.08468810330846394,0.030396890202109655,False
314030,1,-0.021683303592423857,0.029088574316811774,-0.07945303807763071,0.03625015529578948,False
314040,0,-0.022354389498993394,0.02958127956604618,-0.07933080718408331,0.03551599650650206,False
314050,6,-0.03677960624931481,0.027970785136886948,-0.09176916848209984,0.017158777787829555,False
314053,5,-0.017204665899193856,0.028657456477718623,-0.07418811249623958,0.0387447260469569,False
314055,8,-0.01632831392932599,0.02903996742568757,-0.07492147842504401,0.041190964828083196,False
314060,1,-0.024162056328264077,0.02972086405642989,-0.08246848071762378,0.034972396245167785,False
314070,19,-0.020372148947171823,0.027771273491726207,-0.0750176847967856,0.0330870619221714,False
314080,7,-0.022931940269704246,0.02863968617612067,-0.07915199367819219,0.03305098387817605,False
314085,6,-0.02167354837148749,0.029106726815741224,-0.07931395662100742,0.03380984775651972,False
314090,10,-0.02273920714903557,0.027619234026428834,-0.07628803732310811,0.030976452659352748,False
314100,6,-0.02489608395668432,0.02841965983378302,-0.08082161936568388,0.03122739463152567,False
314110,18,-0.0225617024249003,0.02710035123631496,-0.07542836074768466,0.03154235039334643,False
314120,1,-0.023539552308011684,0.029438064891065076,-0.08053869413140492,0.03411192901260227,False
314130,2,-0.028291681700750956,0.029044692115656752,-0.08419773178432163,0.027510837239396676,False
314140,17,-0.023954539207028655,0.027851295453832747,-0.07907505090754097,0.02982965590628016,False
314150,3,-0.013057823320340348,0.02979916454746202,-0.07134888009963355,0.046315887429375244,False
314160,5,-0.021395601764512984,0.029225894834455052,-0.07885250243476544,0.03592681216425448,False
314170,1,-0.019003926198989524,0.02907787342918823,-0.07544049961167801,0.03840630137414368,False
314180,11,-0.029449351195247307,0.02800365424285812,-0.08479415088806247,0.025125842188717003,False
314190,4,-0.017692584175289894,0.028488871914559594,-0.07292968302644544,0.03807911407380142,False
314200,5,-0.019681309860606157,0.028607541851288592,-0.07668016037877574,0.03716615547820242,False
314210,1,-0.021511975153989216,0.028944792002602384,-0.07791442125477774,0.035484691571282784,False
314220,12,-0.03306722483692664,0.027933977240359075,-0.08949712318252787,0.021428059841712366,False
314225,4,-0.024774337909840047,0.029388516548527123,-0.0831039063323606,0.03246493091327275,False
314230,2,-0.01841994530921511,0.02876136600217656,-0.07418634915993325,0.03813765590017247,False
314240,0,-0.022391661903347085,0.029175298461859282,-0.07907445910006052,0.035872794331712914,False
314250,0,-0.022119374857301245,0.02960945602837219,-0.07982140366100893,0.0387311579252433,False
314260,0,-0.021940912955582655,0.028527320621066523,-0.07852677495404235,0.03321778229667803,False
314270,7,-0.02250644513548869,0.028363412062099132,-0.07788443239017497,0.03314838267373708,False
314280,3,-0.02657512105761816,0.029350871777198598,-0.08489546250790965,0.03132561734245258,False
314290,16,-0.028027225736861,0.028102401906110002,-0.08364030481732482,0.026534935013362713,False
314300,5,-0.023908207272530603,0.028672196087463984,-0.07966015892234846,0.031582234690955294,False
314310,23,-0.00223439097197887,0.02666399553404733,-0.05406612007117445,0.050906902929077326,False
314315,2,-0.028319379058716013,0.029064910672222093,-0.0867477915289898,0.029544670839344523,False
314320,5,-0.01957012272061532,0.02757889497206619,-0.07402105694476754,0.033219944280911094,False
314330,200,-0.02018292677389217,0.020239150500388235,-0.06010795928076723,0.01960013226763525,False
314340,11,-0.0190514784678539,0.02864863557681225,-0.07513992187505389,0.03756639734864543,False
314345,4,-0.024041774302841896,0.028786164260907993,-0.08136662959959357,0.03172796096717072,False
314350,4,-0.016912046341893573,0.028454426239487674,-0.07280995208423009,0.037759351704967956,False
314360,1,-0.025047762307400846,0.029108420250567313,-0.08220480992302986,0.03184180455188048,False
314370,1,-0.0249911166011379,0.02894356692260508,-0.08202560259697543,0.03168845287547998,False
314380,3,-0.022976783772729364,0.028965463930985695,-0.07948488488584253,0.03308399939901204,False
314390,64,-0.00023936366393923676,0.024244714792150984,-0.047068214766283666,0.04684535163448216,False
314400,8,-0.021833339340140565,0.027052827728786536,-0.07561279938079345,0.03173752898422211,False
314410,7,-0.013190574034561933,0.028356616551117722,-0.06851795491560218,0.04251388846754493,False
314420,1,-0.02603605670907119,0.029024751530243413,-0.08153234399819151,0.02917163302309182,False
314430,29,-0.02259629601799581,0.026370072993164833,-0.07444505538522142,0.028936856782518356,False
314435,3,-0.023527032753333222,0.02841190699485586,-0.07851136447968964,0.033291531508319434,False
314437,0,-0.021686652643435132,0.028662519697316834,-0.0793827172803323,0.035304214098408636,False
314440,0,-0.022158442944371814,0.028698580065034462,-0.0783002690119557,0.03332378292406515,False
314450,3,-0.017120886786070776,0.029203260054665323,-0.07463498788579105,0.03971997826219331,False
314460,20,-0.04662354621407057,0.02755238108068049,-0.10129624982494005,0.0070529374252970185,False
314465,9,-0.030907255627210767,0.02825886933659923,-0.08588450550066536,0.02501117897246187,False
314467,4,-0.0241596854149322,0.02912458138004511,-0.08108787093936622,0.0323428739914588,False
314470,8,-0.023115506347991793,0.0289399833306687,-0.07892324303764821,0.0339245702029466,False
314480,44,-0.007918239783778149,0.025394047426562726,-0.05723894090425824,0.042113664734623024,False
314490,3,-0.022648866462666332,0.0281480598083637,-0.07660037019320458,0.033205803813641244,False
314500,10,-0.02631098665974528,0.02804389284321153,-0.08295503612566886,0.028225063937201568,False
314505,3,-0.012918980106106244,0.028231465235652065,-0.06872607918883498,0.043180183136297706,False
314510,7,-0.010797102767011244,0.028547799835674313,-0.06646288571974727,0.044333836179299674,False
314520,53,-0.015502924896543566,0.024458021429675014,-0.06258396321655368,0.03447150443060201,False
314530,12,-0.00632244757427704,0.027610980832542185,-0.059886692694160026,0.04807959850817389,False
314535,3,-0.024170012336594632,0.029507242344821865,-0.0820917504053699,0.03393259474310223,False
314537,3,-0.02190246299137914,0.02976911332938288,-0.08013380367190506,0.036592228653335945,False
314540,3,-0.020205532186306285,0.0286426076725063,-0.07734889119443608,0.03678950407719802,False
314545,1,-0.018187261783968546,0.028674326627369427,-0.07428561637872229,0.03714758949493001,False
314550,1,-0.01996667634631352,0.02862300093750167,-0.07600805707260094,0.03607689195584909,False
314560,12,-0.0188442009681355,0.027949333934950776,-0.07330055875702057,0.03629346827370312,False
314570,1,-0.024790257022704737,0.02907250095354891,-0.08149406579648631,0.031875760619901015,False
314580,3,-0.028358517083391054,0.02815892300666142,-0.08262148067901313,0.02686231027753107,False
314585,5,-0.030541149077746462,0.029276086725602554,-0.08822432187804669,0.02781341063335416,False
314587,3,-0.028625316630227493,0.028500005581879612,-0.08510591044878241,0.02747990231563529,False
314590,19,-0.03205417883810489,0.027015595381901264,-0.08500896584959379,0.020912592225678046,False
314600,13,-0.036508522074943914,0.027282183608769207,-0.09047432938074326,0.018078442456469116,False
314610,40,-0.012717392320824137,0.026558543212940506,-0.0641374223216969,0.04041621693039383,False
314620,5,-0.020472039371452557,0.028529984106612866,-0.07568198049870903,0.035910434763862055,False
314625,4,-0.032918218474115274,0.02896060482341149,-0.09053844403225399,0.024089444982502733,False
314630,19,-0.021568636681397323,0.027046386422587814,-0.0753372510414393,0.03220113297652713,False
314640,0,-0.021591347221198248,0.029030338333465102,-0.07889807348828982,0.035887985636671456,False
314650,3,-0.018318449810831805,0.0287408389881383,-0.07521909296658598,0.038236185083212165,False
314655,3,-0.024235836263054276,0.028686916010590757,-0.08039652149475013,0.0333594134625503,False
314660,1,-0.024603209007992424,0.029499446366848852,-0.08198110574629869,0.03355030350225429,False
314670,3,-0.02859117804382295,0.02905169077439005,-0.08501020720614882,0.02889490248901949,False
314675,7,-0.018940929629855063,0.028134465174067792,-0.07371730127671101,0.03539932669123965,False
314690,6,-0.019829476966112303,0.028641448825057907,-0.0763226143332931,0.03605677293635164,False
314700,81,-0.01642304057054862,0.02317201456142802,-0.06157417493557142,0.02850633770138487,False
314710,31,-0.019648923227009448,0.02623334401114652,-0.07021161955559846,0.031252724745133256,False
314720,18,-0.038499877162721914,0.027682050936217825,-0.09271955781589254,0.016015343647700388,False
314730,7,-0.014638342694026052,0.02880408609146589,-0.07092262169628512,0.04111577327322992,False
314740,8,-0.018546032008251386,0.027585148754796413,-0.07271877296830259,0.03536511331498431,False
314750,1,-0.025063181139479116,0.029455610833608623,-0.0834543079239932,0.033347984100598874,False
314760,15,-0.016354186692567874,0.027912161178361476,-0.07074741040679439,0.03727002300387901,False
314770,2,-0.025168331028272047,0.0290017094040425,-0.08271805218693451,0.0316551591049105,False
314780,0,-0.022221053679417332,0.028627479794762767,-0.07735106524504583,0.03373707553610866,False
314790,76,-0.04552484942442587,0.023794303383018738,-0.09269140043852156,0.001658630362184757,False
314795,1,-0.024202028467712054,0.029997295643632748,-0.08196895330513958,0.03422744291513818,False
314800,89,-0.027282669140811854,0.02234941689487716,-0.07104685623334439,0.015411744879696902,False
314810,45,-0.00068363296899167,0.025595528991036377,-0.04996451302770753,0.05062920513086826,False
314820,3,-0.018162045492143935,0.02888467807168851,-0.07420764505044743,0.03808647623017106,False
314830,7,-0.03755185467438803,0.02816880676698774,-0.09376256659129914,0.017317050843917825,False
314840,0,-0.022332529390941634,0.02904852312965781,-0.07853995149966396,0.03441460841360908,False
314850,4,-0.02407468775155374,0.028704187094354294,-0.07999252720226593,0.03243099036292362,False
314860,8,-0.006158655009293043,0.028006863996661344,-0.06148143565341793,0.04936134580241402,False
314870,12,-0.03217938277996375,0.02831801964812302,-0.08781281497146794,0.02423591339613364,False
314875,5,-0.012896271453538966,0.02858052464879338,-0.06930230147100258,0.042458434261285295,False
314880,0,-0.021883598584502277,0.02862738786153807,-0.0784988487056426,0.03560121777105033,False
314890,0,-0.022502794424303346,0.02904302106744746,-0.07975105292239673,0.0340704195599894,False
314900,1,-0.026700450579153805,0.029605996058915188,-0.08574748262857511,0.03001076042378073,False
314910,7,-0.023107304086822805,0.02845824139294888,-0.0788354504374475,0.032727199093117755,False
314915,6,-0.027784946616401025,0.027761107697647995,-0.08240885271964031,0.026231970130946032,False
314920,2,-0.018628170058273465,0.029610092251075883,-0.07613167757053536,0.041236620594842247,False
314930,36,0.0030851010768725724,0.025515407006662313,-0.048385696980949425,0.052601487978209543,False
314940,0,-0.022669944085188666,0.029199549890491852,-0.07976215363162159,0.035597489985480665,False
314950,2,-0.02463014726225556,0.029218435913294295,-0.08070420845428602,0.03375612429137427,False
314960,4,-0.01681217608226679,0.029075267822142783,-0.07357324502105343,0.03991675172989181,False
314970,4,-0.02064237899486595,0.028586496736618134,-0.07614904290032518,0.03611735627101267,False
314980,7,-0.03197665730324249,0.027406658213269645,-0.08514180213536983,0.02192469560848613,False
314990,14,-0.009918883757565078,0.02782041198036947,-0.06446584138816706,0.04459264250641732,False
314995,4,-0.0123330775011459,0.02821244277631644,-0.06809544494598122,0.04383426747256666,False
315000,6,-0.021953527715911303,0.02829266241605495,-0.078348692655188,0.03331913483869951,False
315010,2,-0.026825273435197042,0.029448592890419074,-0.08435245550221139,0.029189893336339468,False
315015,9,-0.026679605727116404,0.02893933520766443,-0.08314990165274325,0.029835433545425137,False
315020,1,-0.025154803089104765,0.029585872168657625,-0.08419422808669363,0.033981170193280404,False
315030,3,-0.020781870876362605,0.029877813352000893,-0.07833051724872254,0.036847128048199417,False
315040,2,-0.021691998757499494,0.029167641995095174,-0.07944633162635485,0.03490994848316836,False
315050,3,-0.014285160352459273,0.02913016392281858,-0.06986929587456281,0.04172871670227404,False
315053,2,-0.022761368613706614,0.029019052641007848,-0.07993215316661038,0.034462629049913256,False
315057,6,-0.03741371103020483,0.02870895583112263,-0.09432580339149238,0.017959211881823374,False
315060,2,-0.02062927458900295,0.028979918063554246,-0.07827669866106819,0.03660261492577285,False
315070,4,-0.01996470507198091,0.028343880136884353,-0.07471334576867876,0.03645590859741853,False
315080,10,-0.023508096169641963,0.02783228481178968,-0.07867687143903192,0.03047489276315255,False
315090,5,-0.030108618108913104,0.028628827963542006,-0.08525190115445902,0.025709291509278077,False
315100,5,-0.012822584212563342,0.029357996838285327,-0.07070016365690442,0.044439078919096514,False
315110,9,-0.02171851484280689,0.028355539294290258,-0.07677031973132616,0.03624034241974425,False
315120,34,-0.02251007693896193,0.02574712555221674,-0.07218902152456219,0.027682158468037302,False
315130,7,-0.018579945392941354,0.028844686178693384,-0.07501036422463052,0.03858074970604061,False
315140,18,-0.009882415209963366,0.02734008637407323,-0.06422254279587074,0.04475923297969594,False
315150,21,-0.018681510818054334,0.026837232969247938,-0.07188886057014882,0.03355413023721749,False
315160,10,-0.0034593531392618964,0.028246515324748964,-0.05789096633829185,0.05140025881994072,False
315170,11,-0.009181868597826782,0.028432268201636843,-0.06456675645059912,0.045867425882438764,False
315180,64,-0.00894918769186029,0.024148617821142766,-0.055684563925505914,0.038005084993429104,False
315190,6,-0.013734252703910139,0.028299322353573447,-0.070061458654469,0.0417251001266286,False
315200,19,-0.013257989859961569,0.02695867485379788,-0.06667609765651898,0.03923173268925409,False
315210,44,0.001043742255718996,0.02570806853773823,-0.0485762314475917,0.050881457244911846,False
315213,1,-0.02327761218838117,0.02894513089959415,-0.0810644366896158,0.03322721389030809,False
315217,9,-0.020679279509900422,0.029005711034109753,-0.0769760477315856,0.035670482762169886,False
315220,15,-0.029682907253976102,0.026928991523528456,-0.08166810033248824,0.022601955683890496,False
315230,2,-0.017455825624038957,0.028973008299203455,-0.07586790475095626,0.04005591270417176,False
315240,5,-0.02548496346072893,0.02860992485656954,-0.08216044293362675,0.03129180297190597,False
315250,73,-0.036629822319265835,0.02355728207528545,-0.08244916993314155,0.009934773709149148,False
315260,3,-0.011820945163732397,0.028666795968167298,-0.0676188055831461,0.04465323729919235,False
315270,5,-0.02920910296902632,0.028568181691648983,-0.08517694573303276,0.025838769469366217,False
315280,10,-0.029011802037641796,0.027902563659566927,-0.08434163531439237,0.025643391828111407,False
315290,7,-0.02777440725265571,0.02890797160200999,-0.08459469905217024,0.028955014780881493,False
315300,1,-0.02167764222127786,0.028758283697526296,-0.07858880108782614,0.034508486529345364,False
315310,1,-0.017647246450214392,0.02924715254385636,-0.07539231843774874,0.03827765514630852,False
315320,0,-0.022194047501868767,0.029266951886011246,-0.07859387629068268,0.03491672792819534,False
315330,4,-0.018676830592017923,0.0292968371255589,-0.07643689060660998,0.03893852525838824,False
315340,8,-0.029437442616734397,0.02836562437005071,-0.08638915605305678,0.026249439125783425,False
315350,4,-0.0170366222716272,0.028884653957791544,-0.07321644375685907,0.038689831947738194,False
315360,10,-0.007857904792885787,0.028676327157786043,-0.0639083932686695,0.05032162620055456,False
315370,3,-0.02193515602914517,0.02903348482256043,-0.07774298387410532,0.035974379594639144,False
315380,0,-0.02291800614195638,0.029506564698596537,-0.08165024004206739,0.03531867582117999,False
315390,7,-0.010483313068184404,0.028456445776515217,-0.06535584435188045,0.04470306105120477,False
315400,8,-0.026813627540243527,0.027095020471878388,-0.07934724446042248,0.027165142853441765,False
315410,5,-0.02396891096446505,0.029265419867180932,-0.08190199238381164,0.034520517177739296,False
315415,1,-0.020860879004691787,0.028709432832907205,-0.07672140731367051,0.03539246319915162,False
315420,3,-0.01951379738282486,0.028827357889506532,-0.07458268783412644,0.038276737470624156,False
315430,8,-0.02880786189684818,0.028420607725196598,-0.08450392863365175,0.02669618769831572,False
315440,3,-0.01763609673635463,0.029949295012410098,-0.07521489026539788,0.041379565867777274,False
315445,3,-0.018981437090831183,0.02862277196961097,-0.074891164947224,0.03839516121246494,False
315450,4,-0.015721037640291553,0.027964191218336487,-0.06926443070248438,0.03914499859268875,False
315460,141,0.010834731045028662,0.02117654666111044,-0.031149270204508202,0.0530530593098433,False
315470,5,-0.021368674043838222,0.028427048976054164,-0.07656387625042375,0.03544862188658244,False
315480,2,-0.022897882303258503,0.02874473305248972,-0.0804436424262197,0.034366048126615326,False
315490,9,-0.016920733436905536,0.028761957625950407,-0.0737884674501701,0.038401738104998584,False
315500,2,-0.02053292754007874,0.028896914909048197,-0.07681499492718512,0.03506327839518224,False
315510,3,-0.019727462552972776,0.0288705199963476,-0.0756339147819255,0.03691447234978569,False
315520,3,-0.026464070072523146,0.028980342131784492,-0.08378192284485245,0.030395039636910245,False
315530,1,-0.019516739541623338,0.029196629900818564,-0.07587577600844908,0.036914953890846064,False
315540,4,-0.020190766590654812,0.029622934775085,-0.07710258620148197,0.03696649660230357,False
315550,11,-0.01649781846996556,0.02755906429080833,-0.07094447108955472,0.035658686891983586,False
315560,20,-0.026619610265405904,0.027471174842748147,-0.0801100050918705,0.026581796306081498,False
315570,2,-0.019811955021134992,0.02912843144727906,-0.07500712084353063,0.037299784491455885,False
315580,10,-0.02807421541369136,0.027217437954266406,-0.08107535084548485,0.024150653560142715,False
315590,2,-0.025456453670263498,0.029379307442317,-0.08372822678160932,0.03304873168650233,False
315600,7,-0.013681046193275115,0.02901646381420643,-0.07040520434323105,0.04328556918785393,False
315610,0,-0.021719110321552375,0.028980849821634683,-0.07850175670191831,0.032911693844586004,False
315620,1,-0.02164940138621649,0.029236002098063617,-0.07947398142821026,0.03562790904135659,False
315630,9,-0.017840600714116348,0.02828127526039552,-0.07383585077418013,0.03764329183713371,False
315640,2,-0.021072242616337986,0.02883771077557356,-0.0777526984261449,0.035822916619893966,False
315645,1,-0.022013883088954855,0.029591619897870455,-0.08029378278232643,0.03604689191704484,False
315650,6,-0.023172386715366058,0.02898261935554967,-0.08000340237050964,0.03455559039565045,False
315660,5,-0.03316893289307067,0.028912281870326354,-0.08953659537356524,0.022496054329831847,False
315670,66,-0.019715698865229513,0.0240769828083706,-0.06680024023766613,0.028196713013968155,False
315680,8,-0.02213202722009104,0.027789070031090535,-0.07700096874600766,0.03246252861535136,False
315690,18,-0.010768777320870787,0.02762847811116453,-0.06518264105260117,0.04422563094237064,False
315700,18,-0.007604034588079147,0.02647464986666797,-0.06057562354354816,0.04537252666986909,False
315710,5,-0.013167752483882678,0.028729829281770567,-0.06838696099179771,0.04330770672144545,False
315720,13,-0.032376351302058626,0.02802814145285845,-0.08845148796476318,0.023640495922247814,False
315725,12,-0.025740377417402656,0.0290710292870721,-0.08171434720100397,0.030586327209091935,False
315727,1,-0.025597037631408463,0.029637816612470964,-0.08336702873517453,0.03311116917277047,False
315730,3,-0.020457227634870134,0.02873089568374998,-0.07630482244024138,0.03534051872179093,False
315733,2,-0.02166233117695143,0.02966166963850416,-0.07928779450858504,0.037352832597936814,False
315737,1,-0.021228668276414592,0.028657660077378667,-0.07633296603427625,0.03373135925055584,False
315740,2,-0.0222662927622616,0.028824799911138312,-0.07797089154298685,0.03460636705331922,False
315750,1,-0.024672701672009235,0.029476398288227366,-0.0825263888495788,0.033256592570909675,False
315760,1,-0.023157751353020787,0.02917073525876743,-0.08106832049874961,0.034734139832972764,False
315765,4,-0.017327529492845835,0.028408097418241015,-0.07299365786024019,0.037215225494901874,False
315770,13,-0.018334723197847774,0.028489131267534797,-0.07438647129520842,0.03716262233286171,False
315780,96,-0.014808179329147549,0.023092992399787172,-0.05962586505074378,0.03035854231891276,False
315790,13,-0.00928987283879537,0.027682109905294176,-0.06400084862981159,0.04556412019626037,False
315800,8,-0.02761327839855783,0.028914439688675252,-0.08470022496851186,0.029614234667937816,False
315810,0,-0.022220580290888015,0.028899609864385802,-0.07836344711755044,0.034222212949119715,False
315820,10,-0.019765668090013806,0.02807220161844135,-0.07478891503966378,0.03572094752936919,False
315830,1,-0.0192943744730104,0.029658375026620793,-0.07619466651649305,0.0390705263676635,False
315840,3,-0.02582964768329863,0.029241489836874263,-0.083798707960415,0.03241259209949493,False
315850,1,-0.019320232711558746,0.028492760155030706,-0.07684374318660712,0.037829686451568964,False
315860,2,-0.01893823041040727,0.028941394425719573,-0.07537081675067464,0.03803943274434218,False
315870,1,-0.023177991044507018,0.028721506119581887,-0.07969209392747183,0.03414104157784511,False
315880,1,-0.02421428977288817,0.029204316208754643,-0.08228069961206572,0.03380947244161026,False
315890,5,-0.019890141408043415,0.028258484308915276,-0.0750436548778238,0.03570392618088817,False
315895,15,-0.023923165144414,0.02746963981828258,-0.07802775784134844,0.03149929968331535,False
315900,1,-0.023934104833372306,0.02894925282443418,-0.08254215373492829,0.03192092035787504,False
315910,0,-0.022074745053700065,0.028523984249677725,-0.07848631922745782,0.03399497525579571,False
315920,2,-0.020615069055806734,0.02855928342567833,-0.07580514738309731,0.0342905635727161,False
315930,1,-0.02523489941821084,0.028496152185720925,-0.08057756778022725,0.030008947631599222,False
315935,5,-0.016504422197894084,0.02876925362412838,-0.07070402454425032,0.04021180761817448,False
315940,5,-0.02755376761348905,0.028906463240851117,-0.08391645711677222,0.030349046333469177,False
315950,8,-0.023185262974062055,0.028562448593111103,-0.07945849836733432,0.033439033895988526,False
315960,19,-0.019654967613576976,0.026602682514159995,-0.07158530989814649,0.0314754815836006,False
315970,2,-0.026135034641356365,0.028812704022621403,-0.0835013817467223,0.03035600383646628,False
315980,8,-0.009377781996532837,0.028426136693498517,-0.06577783769840019,0.04675784964110104,False
315990,4,-0.03167847726329547,0.02856286480355711,-0.087551976023754,0.023276159390027563,False
316000,1,-0.019536644843062223,0.02945374684567643,-0.0771570673235812,0.037809868860918715,False
316010,1,-0.01962139254499478,0.029206196905443557,-0.07576755643771234,0.038926436082122935,False
316020,2,-0.026494858961063045,0.02909714373740356,-0.08397636139961868,0.03149140545192168,False
316030,3,-0.023096051921915054,0.02808445567963248,-0.07843469068446576,0.0319765048948744,False
316040,7,-0.025292895188825743,0.028030679397885016,-0.08016822506603882,0.029220178833754978,False
316045,2,-0.016640766265333284,0.02774255918180874,-0.0708076448983621,0.03800820938589956,False
316050,0,-0.022431232176183282,0.02928289061158294,-0.0790979901832627,0.03514068217362097,False
316060,1,-0.02586490860149434,0.028799322104169165,-0.08365900105862428,0.03144368652945689,False
316070,30,-0.008576170613508951,0.02556869916387949,-0.05844639190783326,0.040234913092091235,False
316080,5,-0.03128767637494786,0.028658914980432083,-0.0874348160795397,0.024749576694634987,False
316090,1,-0.025118422350602156,0.02877974721652686,-0.08140105698856505,0.03202462059924036,False
316095,4,-0.02085257056191352,0.028563257180754018,-0.07882925392899402,0.03407671882337969,False
316100,7,-0.022531587291642008,0.02858029360616588,-0.0778726584395777,0.03205567713236366,False
316105,2,-0.017761650208198247,0.028373453146409627,-0.07313404483314583,0.0373823344324961,False
316110,37,-0.06605728892912896,0.025281095027515875,-0.11580179981845447,-0.01720524049465452,True
316120,5,-0.034755658931986726,0.02830687469186202,-0.09096785404784712,0.019831134945780347,False
316130,2,-0.02661774285712173,0.028296208820636774,-0.08288226453750837,0.028931252552091075,False
316140,3,-0.022139905424383072,0.029578505934438396,-0.08014945617372281,0.03636703393214371,False
316150,7,-0.023855400527897107,0.028456004200613567,-0.08128749224430394,0.031861834934064685,False
316160,1,-0.02537079717633001,0.02879902928888996,-0.08142984570224257,0.03059282604644241,False
316165,2,-0.029818914009854994,0.029079538048769164,-0.08645553051902012,0.02770562825277078,False
316170,8,-0.029263398882143344,0.02872217807569427,-0.0860558268410803,0.027106224037549424,False
316180,3,-0.020193074096855695,0.02864947487512224,-0.0764926070892408,0.03646781916622366,False
316190,4,-0.03033222863972291,0.028500499474546505,-0.0856653428676156,0.026256662724809296,False
316200,12,-0.020765008396895667,0.029055956639960006,-0.07681099888958606,0.03658694276413385,False
316210,37,-0.013201354889152177,0.026626630067741443,-0.06436196845111068,0.038597770218708714,False
316220,2,-0.023831469693920273,0.02945338197738938,-0.08243191244601945,0.0345956504052475,False
316225,1,-0.02233650600259943,0.028480527680526814,-0.07810541012840551,0.033644387659725945,False
316230,3,-0.02664629554148752,0.028552783855822043,-0.08279852332351106,0.030441104438287136,False
316240,13,-0.023396775075974433,0.0283957364474964,-0.07892344427541771,0.03259664675065953,False
316245,15,-0.01800663632415112,0.027929527729152834,-0.07252841806251589,0.03737575576090435,False
316250,40,-0.060365401489055365,0.02584634826176256,-0.1112544131272064,-0.011073210816075785,True
316255,12,-0.02090530657612756,0.028210417856642616,-0.07533215114315049,0.0348778886955686,False
316257,0,-0.021287999654309022,0.028579065768683146,-0.07664707012974774,0.0363011789752393,False
316260,6,-0.02092038098070491,0.028478268365050272,-0.07791692684363459,0.0346304680669989,False
316265,1,-0.021869413953298316,0.02881489270071203,-0.07894666028368703,0.0346811588483937,False
316270,17,-0.04162353557404204,0.02764547639631336,-0.0955641060967999,0.012823961592205849,False
316280,8,-0.026657601692816602,0.02858545482913806,-0.08344699112790765,0.028188452330023338,False
316290,13,-0.026628017142529686,0.027008305770628342,-0.07914676531637363,0.0252960840044581,False
316292,14,-0.01150378753312409,0.027299563998089495,-0.06470774351145682,0.04132748800343,False
316294,6,-0.036838850487584264,0.02870573661829216,-0.09308563816874067,0.01912586547674597,False
316295,15,-0.012232598173386048,0.026914719457748544,-0.06494339955317574,0.03959292459999909,False
316300,0,-0.02187010219492254,0.02881338379814938,-0.0772310739578283,0.03353792505360584,False
316310,0,-0.02226126192661264,0.028491567698021986,-0.07797741734384037,0.03407402151219043,False
316320,2,-0.022099154046770347,0.02863223746571443,-0.07964294034551557,0.03318374869736003,False
316330,0,-0.021615070250276522,0.028256075264444458,-0.07519821574323132,0.03313311171741909,False
316340,3,-0.021599446674390593,0.029116386670388038,-0.07801491647771008,0.03536717010366181,False
316350,3,-0.017647698931517353,0.028639192874498932,-0.0725554938991367,0.03886620998999713,False
316360,0,-0.022413052889209913,0.029179853160293246,-0.07964718533129869,0.03415903418450325,False
316370,23,-0.030120109190802595,0.027017655879091877,-0.08260143556247863,0.022538325030416247,False
316380,7,-0.021780648918705386,0.02936474808436518,-0.07935565117766379,0.035251851124681356,False
316390,3,-0.02534016963470866,0.029102693424418395,-0.08258358879985629,0.030942224081826144,False
316400,4,-0.03041011505559527,0.02841864998969953,-0.0867306256778073,0.02392158433500226,False
316410,2,-0.021884505459154734,0.028775854153375722,-0.08017580739720988,0.034413964098050684,False
316420,6,-0.03448617761985442,0.02862782737690697,-0.09108677417695507,0.02130896931327167,False
316430,2,-0.019194101281028688,0.0290817933659856,-0.07558621669938966,0.03706874292905654,False
316440,6,-0.027733397428814546,0.029170390801342306,-0.08444647277322888,0.030285767541138098,False
316443,1,-0.019966965913417407,0.029228502072843356,-0.07733817549694463,0.03813797357953584,False
316447,7,-0.014596019807721267,0.029309472794638622,-0.07169795084185517,0.04210096217880654,False
316450,7,-0.019151579409390634,0.028538321076520982,-0.0757379366988462,0.03640784636323916,False
316460,7,-0.021922218271943676,0.029266495965882395,-0.07887498290463715,0.03503069180158187,False
316470,47,-0.03148676176316072,0.025457012587066896,-0.0813690983363964,0.01859960720642265,False
316480,2,-0.020706263384692628,0.029100377696863487,-0.07902311203076144,0.03637377493462144,False
316490,1,-0.026643081263752866,0.029435972625367172,-0.08599215845866824,0.031075927625442253,False
316500,5,-0.015012416501207071,0.029337584047214964,-0.07268620504197294,0.043064180759089216,False
316510,4,-0.02262265956991493,0.028528350490000343,-0.07858376029718223,0.032955111361582363,False
316520,3,-0.022607865506633743,0.029088879317970523,-0.07991627737381965,0.03459906450481813,False
316530,10,-0.028104007196990438,0.028808651019011953,-0.0856926169270358,0.028539317446490554,False
316540,3,-0.02031672281081579,0.029197395301467463,-0.07816830628469813,0.03630706821900511,False
316550,5,-0.029471653948596223,0.029740341852639834,-0.0877761084096221,0.02926758159975816,False
316553,15,-0.014444585478346473,0.027865881249128505,-0.06900609620457557,0.03932352612710156,False
316555,7,-0.02249747277710989,0.027814179938487,-0.07673566374427473,0.032808546551882325,False
316556,1,-0.025173218743800494,0.029082122763777127,-0.08329002042534532,0.03336249388822741,False
316557,5,-0.025678621576684484,0.028755363751744693,-0.08259776165861116,0.031796023953078636,False
316560,4,-0.02355889335473305,0.028982596960883084,-0.08037107571085121,0.03244621866674142,False
316570,5,-0.024939889536690123,0.02924003689119194,-0.08229023848511735,0.03257693374191927,False
316580,1,-0.025741584263835427,0.02982036494028258,-0.08314163391457095,0.03312297709832088,False
316590,0,-0.02184541047722118,0.029231958480198623,-0.07956045302625114,0.035286501723891354,False
316600,3,-0.021900226601146103,0.029101630257698716,-0.07978006886212906,0.036017929284872206,False
316610,2,-0.02581661940510198,0.02922081307068535,-0.08269640591542383,0.03049725323979713,False
316620,3,-0.018335351440819707,0.02891162689890631,-0.07545437599065194,0.03766956867477537,False
316630,3,-0.013202332844232804,0.029022400915927126,-0.06864900613244714,0.0453438198453185,False
316640,1,-0.01949351243602895,0.029701239168167668,-0.07704949110829584,0.03940331653452486,False
316650,8,-0.02449743887207641,0.02843872880655516,-0.07948844263558276,0.030840314884496216,False
316660,0,-0.022303388274323852,0.02906813364835104,-0.08017010781396539,0.03559049980982975,False
316670,5,-0.01591203729524545,0.028397924240059363,-0.07180081376725928,0.039626583992970824,False
316680,9,-0.020647250836114732,0.028394193504486392,-0.07527664006218937,0.03537260652376075,False
316690,6,-0.03645725760993853,0.02881878823047248,-0.09429280842417652,0.01991060356843936,False
316695,5,-0.025678678462542404,0.02905482471132717,-0.08278200886406178,0.03153175200391528,False
316700,1,-0.021302832081496224,0.028540765168942727,-0.07950710736282907,0.035127472199557606,False
316710,9,-0.019547064216951068,0.02774583244686145,-0.07403323118494544,0.03468588466005528,False
316720,133,-0.031111392788481757,0.022144381889195576,-0.0755303829589563,0.012568191792884677,False
316730,1,-0.026897187186211948,0.02895908659768046,-0.08351584594385521,0.030037336979309076,False
316740,3,-0.029065337909819248,0.029060071569636223,-0.0868126108109657,0.027231503370184897,False
316750,3,-0.02538861694616475,0.02849267268422781,-0.08044512683362363,0.03053327476157185,False
316760,14,-0.016214349703645638,0.02772717264882258,-0.06973314733217235,0.03850490862087647,False
316770,1,-0.02306245571456543,0.029626107210453414,-0.08251923990597518,0.03456480102167381,False
316780,4,-0.015434252521768433,0.027795635490178685,-0.06895079757143677,0.03909145102664024,False
316790,2,-0.019306560493476583,0.028657138362778868,-0.07496836552526553,0.037656486449089865,False
316800,23,-0.004495729286860574,0.02726529676899994,-0.057130412878994494,0.04956247613029601,False
316805,1,-0.02644157800000959,0.02936505048245831,-0.08450419603209926,0.028894141420768623,False
316810,1,-0.02101152991058961,0.028998082696083657,-0.0782923089729754,0.035765009461849455,False
316820,0,-0.02235698247624945,0.029793149694467107,-0.08006810741248932,0.03562246885607449,False
316830,0,-0.02152266855329257,0.029567944067194995,-0.07921310438253458,0.036239675343332355,False
316840,2,-0.027424781012588554,0.028950971690005343,-0.08376675956560321,0.02941248668693647,False
316850,4,-0.013467970230111002,0.028464568277806367,-0.07003547023220519,0.04327935648860197,False
316860,98,-0.03215124362567297,0.022740904398772667,-0.07711529600448173,0.011762810067091619,False
316870,21,-0.046603241801199125,0.027247952384313046,-0.09997087162768271,0.006483376387496142,False
316880,4,-0.033983637490900435,0.029031077477746265,-0.0915006177191779,0.022255824256327692,False
316890,6,-0.021173678048894213,0.028212443512227507,-0.07613913705813623,0.03411593661365677,False
316900,8,-0.026822887238713435,0.028127303200170237,-0.08218092640027827,0.027781808410342074,False
316905,1,-0.019256316593604314,0.02893044664603453,-0.07612484284950097,0.03735800012589418,False
316910,6,-0.0179366304858011,0.029530819211613844,-0.07612192260968192,0.039128113819983885,False
316920,1,-0.02069041222946394,0.029087234711479195,-0.07870301185918961,0.03651467355548231,False
316930,62,-0.0005949237018326796,0.024744376193508333,-0.04851625901963655,0.04855945564582299,False
316935,8,-0.024903361308784972,0.027885885729590224,-0.07912256972405819,0.02805248350365715,False
316940,43,-0.017791125458861756,0.02545116089550937,-0.06729509674903343,0.0315177787245381,False
316950,5,-0.023077342813741412,0.02883366979671698,-0.0789063060143616,0.03342092654218638,False
316960,10,-0.022944752150581692,0.028164542196088965,-0.07897128886010475,0.03334800432061059,False
316970,12,-0.020086884681265706,0.0285959065971144,-0.07637242979550937,0.03730665787211928,False
316980,7,-0.01982465082212471,0.028838335356893265,-0.07672118503255784,0.03692841092839797,False
316990,75,-0.011041100484236182,0.023693254030954403,-0.057174131253752654,0.03565338391005406,False
317000,1,-0.019172168893210405,0.028328792943061013,-0.0753171233099519,0.03697259739076804,False
317005,13,-0.005536175677379365,0.028145465469136603,-0.060169899902700316,0.0497869570014898,False
317010,181,-0.004854720179612046,0.020308419829946793,-0.04506496689294846,0.03581765842456838,False
317020,154,-0.031570386705942546,0.02111914474842444,-0.07330888584413792,0.008908643564447802,False
317030,4,-0.025234307859203664,0.028380538985533173,-0.08096750616528316,0.03075695582983998,False
317040,41,-0.033506422722138086,0.02518868225307484,-0.0831515417720281,0.014915692606862057,False
317043,1,-0.022920956517329262,0.0287878420054865,-0.07903937629483508,0.03285539086436233,False
317047,0,-0.02113475666904949,0.02871381084859517,-0.07789135444399578,0.03486367495469574,False
317050,2,-0.020984765509485616,0.028512412491245444,-0.07628594863475016,0.034963112838700135,False
317052,7,-0.017996671001205552,0.028130197234768308,-0.07279038958255322,0.03723484428631409,False
317057,2,-0.019540998157318648,0.029020069552319176,-0.07653400343604265,0.03744124075106078,False
317060,2,-0.02411649001325718,0.029060925742704552,-0.08023145172353163,0.03252052139124586,False
317065,2,-0.023158055733654877,0.029111638098454733,-0.08093160886250261,0.03646112525210503,False
317070,96,-0.025093337129660654,0.022803144477647575,-0.06976799749801989,0.018865824578868984,False
317075,6,-0.015307489628257002,0.02818549473967606,-0.06938507256449379,0.03984117929452493,False
317080,13,-0.011443012144250284,0.027237948701279522,-0.06489031790255682,0.04219309071017581,False
317090,19,-0.027977256813527238,0.027246541100488294,-0.08119236630229829,0.024756104462015916,False
317100,8,-0.02273671397799788,0.028503592630389683,-0.07994685403033383,0.033005116284005355,False
317103,3,-0.02292657697222767,0.028776306346710724,-0.08004702307174212,0.03492086350219292,False
317107,1,-0.024763390968534072,0.029078568864511087,-0.08173847914760828,0.032482765024884584,False
317110,2,-0.02435490560882546,0.02816890355783233,-0.0798357315382717,0.032043246458747024,False
317115,5,-0.021521703409307747,0.028723374073635986,-0.07770485893857881,0.0340999103931556,False
317120,68,-0.01408667687138462,0.023790823611987987,-0.061144869215194776,0.03310316057350494,False
317130,26,-0.016694436746130217,0.026497244978431807,-0.06860196877295066,0.03670770420843432,False
317140,0,-0.022918800550996935,0.029042014339283568,-0.0797509335135941,0.033715600001715536,False
317150,1,-0.02542544884060311,0.029068250816693158,-0.08303981181314493,0.030495251615052225,False
317160,5,-0.012766805872761744,0.029055319410427122,-0.06885886562761617,0.04474339850074351,False
317170,2,-0.015949154238548306,0.02945302854114387,-0.07278433543657907,0.04254524056202106,False
317180,5,-0.023445245162055345,0.028904779343939327,-0.07922876586805493,0.03417965678645747,False
317190,2,-0.02687200246561769,0.02863436478641937,-0.08151992346468256,0.029045411879050433,False
317200,30,0.001412842287720238,0.026933362043151207,-0.05153522411672374,0.05278090922392093,False
317210,4,-0.01897878104784958,0.028655639551916228,-0.07407183108868343,0.03686644614971307,False
317220,0,-0.021910608692740415,0.029158553040782322,-0.07893318997617571,0.03453993705514241,False
320010,11,-0.020286236479278755,0.02811342492292254,-0.07520115798885584,0.03355699440108749,False
320013,5,-0.022043520739962692,0.028911876473691197,-0.07897081425256892,0.03422359043669264,False
320016,9,-0.02296687558304751,0.02869345534384744,-0.07848614374691673,0.03302209925393828,False
320020,10,-0.028378964659538156,0.02744319390224884,-0.0825114274514455,0.024992856528074356,False
320030,4,-0.008814942380511032,0.02958372405915076,-0.06632401061992162,0.04907965783560171,False
320035,6,-0.014800017829824751,0.029290669269002048,-0.07378734782834707,0.041461816632514734,False
320040,13,-0.011736471163686294,0.027754829226833214,-0.06663059412856016,0.04211853343647475,False
320050,4,-0.03100169151409741,0.028478870100083067,-0.08645484435198936,0.023242752065705835,False
320060,43,-0.0054050311862919535,0.024768111937615314,-0.05361680299547158,0.04382135521852228,False
320070,9,-0.020415597559808776,0.027951146398653218,-0.07507329881291727,0.035034106363802164,False
320080,21,-0.04302674136516022,0.027358158113909424,-0.09656573736645165,0.011987075245609043,False
320090,33,-0.0009700712222396802,0.026746558050687663,-0.05108076142789602,0.05258902601269138,False
320100,11,-0.015703841314579612,0.02892463318885687,-0.07234056078154269,0.041271673753132496,False
320110,4,-0.02859122848403445,0.028652848816989394,-0.08531865257786055,0.02754590594185646,False
320115,12,-0.01237886532976515,0.02806539392603669,-0.0679037488548739,0.04254325714973429,False
320120,97,-0.0054592847852624506,0.02319093109702692,-0.05048707216325015,0.03929246020768318,False
320130,167,-0.00869399563713712,0.021801175599058947,-0.051467335120042236,0.033470118665010075,False
320140,16,-0.005577943315897628,0.027752749420822967,-0.05928074840940265,0.049373824163726265,False
320150,80,-0.027047759763471447,0.023297534392296513,-0.07280330409640222,0.019241798022486843,False
320160,15,-0.016911352551731137,0.027191101033532387,-0.07034964748540945,0.03725547302858808,False
320170,9,-0.010650817956780613,0.028760250032685113,-0.06705311775259176,0.045762636580637873,False
320180,4,-0.025791912135992467,0.02926988737196378,-0.08247030233365042,0.03060568764598326,False
320190,11,-0.014730663542010178,0.026989371752368516,-0.06697414189567306,0.037521927209629685,False
320200,1,-0.018667042026784358,0.028695950150751957,-0.07432464962552891,0.039129694021299385,False
320210,17,-0.02909672410020895,0.027969889426942573,-0.08439514845481315,0.026227199912624323,False
320220,8,-0.015345663460303976,0.028882366221846572,-0.07138173258524971,0.04200334285197813,False
320225,10,-0.022886139173614733,0.02804363755004094,-0.07885710405000147,0.03213154229806932,False
320230,18,-0.03291808550989927,0.02674186531408607,-0.08564549654320937,0.018469295947339277,False
320240,54,-0.020648015068676917,0.024809829927506865,-0.06885108414032831,0.02797568324149079,False
320245,13,-0.020355732199333936,0.02763376722100873,-0.07518359147022262,0.032580114045438,False
320250,9,-0.01815645036214607,0.027714551391429764,-0.07308027489535186,0.035940416274986696,False
320255,9,-0.013395072179738936,0.028253650066632538,-0.06847142184453242,0.041710723842925596,False
320260,4,-0.021182801480985718,0.027995332401301393,-0.07579386831488999,0.034234220940175045,False
320265,12,-0.020748797350216588,0.027743031425867093,-0.07532869699653823,0.033526222014981885,False
320270,7,-0.034704040220086524,0.028324306972302236,-0.08888609950528563,0.02066250116386661,False
320280,17,-0.026823575714346334,0.027205846634668063,-0.07932694531217177,0.02580497180446139,False
320290,6,-0.02228159666598565,0.028912923366992884,-0.07966872820687328,0.034041821392185485,False
320300,15,-0.027433819024920845,0.027437451592453872,-0.08184981525078028,0.025333973729222976,False
320305,24,-0.013227760393093925,0.02726528003981391,-0.06668874578477588,0.040995024970251086,False
320310,5,-0.026292465497043935,0.028764394195202422,-0.08464049196989089,0.03033615294091316,False
320313,11,-0.028874970074064657,0.02849683781847669,-0.08502071310959598,0.026598202262423536,False
320316,2,-0.02212853245925322,0.028451496207581528,-0.07845373282043265,0.03377185630361052,False
320320,119,0.004665731818084177,0.022040901982851243,-0.0387676519902699,0.04803099765320312,False
320330,6,-0.02530482227364872,0.028203453088398674,-0.0806730541598395,0.030578508852197952,False
320332,22,-0.013752788252188002,0.026663846068457654,-0.06659765785072161,0.03905827837167915,False
320334,7,-0.014302865724797803,0.029108153307556704,-0.06974629681052381,0.042891534559526635,False
320335,4,-0.025438355009934507,0.029002610006819692,-0.08146926916277067,0.03199875625045097,False
320340,9,-0.02586290849583877,0.027967064925708593,-0.07984324515729078,0.029217665655889756,False
320350,8,-0.021952183223576158,0.028373139233994985,-0.07917600444402324,0.03384748728314009,False
320360,2,-0.02565761333237387,0.029138669442669917,-0.08337348350863975,0.03254109000286035,False
320370,2,-0.027668991092547637,0.028448134707642122,-0.08261428304584895,0.027677249875145554,False
320380,5,-0.018901099939324085,0.02779831539221285,-0.07320219998401323,0.03629555345040294,False
320390,32,-0.031835858296966696,0.02658691133511758,-0.08368784075355284,0.020086400263807168,False
320400,13,-0.04587103910676566,0.027673398747238655,-0.09883147289539525,0.00779097738591566,False
320405,15,-0.023373773287309954,0.027795199888554382,-0.07778471249879745,0.03051358707693217,False
320410,11,-0.0144967244855659,0.028433277088940587,-0.06949464597750579,0.040969038626632995,False
320420,8,-0.020343103503152844,0.028714972319981397,-0.07752252935989436,0.03520916605143403,False
320425,6,-0.025732163029865633,0.02885179998059,-0.08201919095425635,0.029716511393164124,False
320430,6,-0.017688370677800044,0.028620001857446904,-0.07462947321785801,0.03761796528394129,False
320435,7,-0.022814132436008216,0.027464143673393726,-0.07762271120324503,0.03127624131337429,False
320440,3,-0.02403021362714121,0.028266826180596536,-0.08000379803359181,0.031310913664871896,False
320450,3,-0.02572568615780258,0.029381206755015758,-0.08351211400935153,0.030463960275870325,False
320455,29,-0.0055982740868406895,0.025820360911671406,-0.05551839824646548,0.044716441125866216,False
320460,10,-0.026457886584292652,0.02729798170858558,-0.0793281232303033,0.027295964918588794,False
320465,7,-0.022194099232578594,0.02942672592335096,-0.0796011011576801,0.036072789773578647,False
320470,24,-0.043475766225734506,0.026884053505437454,-0.09696566479925196,0.009433353012880993,False
320480,6,-0.019556903956430012,0.028736889072604747,-0.07565832589534512,0.035938440847681635,False
320490,107,-0.022471420291083774,0.022483684076042218,-0.06614518100287127,0.02131505459906774,False
320495,9,-0.018332981640265113,0.029029965468136534,-0.07466501212010941,0.03873034440839686,False
320500,185,0.03892124818270507,0.020812944274140155,-0.002305343930415027,0.07976845011110197,False
320501,25,-0.028515470300851477,0.027423174459079318,-0.0821594701716678,0.02634878964399283,False
320503,13,-0.018614484019120706,0.02770129299559218,-0.07348516527801087,0.03657407660453526,False
320506,9,-0.026249980413863023,0.028471569572028416,-0.0836946003692106,0.028595488653324206,False
320510,43,-0.03210831904439582,0.025312703404607555,-0.08169949459510814,0.01684837954710192,False
320515,1,-0.021686405284393008,0.02944546111853451,-0.07978845018943427,0.03730700668344073,False
320517,9,-0.020891160982196965,0.027779110547659643,-0.07645493348004716,0.034287314532255295,False
320520,216,-0.007003459611221411,0.0191918881159467,-0.045052847747011904,0.0303711272803916,False
320530,35,-0.050893493261436634,0.025351111776147656,-0.1002909849173749,-0.0011393496822428564,True
330010,58,-0.02081799080938878,0.024550001720909348,-0.0680939901012958,0.026592975972470914,False
330015,3,-0.026723994639599197,0.02865485351633005,-0.08261823523950086,0.029458800985523573,False
330020,71,-0.027797269999863136,0.023967761221142077,-0.07601605975652839,0.019316528996352174,False
330022,13,-0.029720784656529404,0.028798585408511435,-0.08584073949714982,0.026572557030089837,False
330023,30,-0.023911554770527605,0.026748076650815723,-0.07763544928998417,0.028314853116307336,False
330025,20,-0.015820347554857936,0.027525529957892928,-0.06891612563454329,0.03897345899471068,False
330030,55,-0.02362795555061167,0.024541340425072267,-0.07206779883245702,0.02459314488578834,False
330040,76,-0.015456049308379521,0.024062470604121144,-0.06269455089248176,0.03168654973442764,False
330045,346,0.002860898280694591,0.017902757481858652,-0.032194818996989095,0.03833594251369013,False
330050,18,-0.020075764592593876,0.02796059687379076,-0.07384797265393644,0.034407817832587576,False
330060,14,-0.02609561985512889,0.027418811952332006,-0.07990502143960082,0.027006524503703264,False
330070,132,-0.0036285606794454472,0.021161261468804742,-0.045641772430480475,0.037947041882993506,False
330080,16,-0.01937347679535454,0.027195177919413064,-0.0726517384526305,0.03434227711398042,False
330090,4,-0.023476709317950862,0.028519556933866236,-0.07750508241209556,0.03204291077159872,False
330093,12,-0.018975524585260625,0.02877282323194631,-0.07553294766179054,0.03746452809101622,False
330095,10,-0.017102509954920013,0.028546182659501585,-0.0724907132151434,0.03871093239356577,False
330100,548,-0.0051051207655586255,0.017112984672855394,-0.0382585481043666,0.02866188559142455,False
330110,17,-0.02991993245150506,0.02772467680594831,-0.08515542960471614,0.02405105073317928,False
330115,9,-0.020938051366919758,0.028814681784556956,-0.07799840295202275,0.034886688155845835,False
330120,10,-0.02750770335030093,0.027844332711439993,-0.08227222507328813,0.025949637394802303,False
330130,24,-0.003333859715819352,0.027149013826670898,-0.05686303258282278,0.04965157402186964,False
330140,17,-0.014107589154902435,0.027560137409702305,-0.06804983616419992,0.038907023922059525,False
330150,7,-0.015907342094168664,0.028137104849294273,-0.07071217668785963,0.03994429040191788,False
330160,7,-0.02170975304973806,0.0297981486729835,-0.08013472843673666,0.03690018734383794,False
330170,561,0.027807956968077727,0.01734145662243756,-0.0062415736129597535,0.06154474793854527,False
330180,11,-0.026907756988263837,0.028394832582088768,-0.08309413524495012,0.029271228387046776,False
330185,28,-0.0011396022593200804,0.02644454078392973,-0.051724626746846775,0.050260829761547936,False
330187,16,-0.026581298089011354,0.027555885430403503,-0.08085761353152285,0.028136091164280896,False
330190,110,0.009871461301964323,0.022085069042135298,-0.03427055466282923,0.05228921498560492,False
330200,99,-0.056709915542448606,0.02345340901383174,-0.10449490295710956,-0.011440956424352153,True
330205,6,-0.019565266897026305,0.027646935648445538,-0.07396446191554783,0.036302275304990965,False
330210,9,-0.029436119846527727,0.02769164574163491,-0.08473666799844083,0.024597905384209598,False
330220,58,-0.028566891461881273,0.02523978963080282,-0.0777277764401722,0.021806219666169916,False
330225,21,-0.02252819656852043,0.02792706618045337,-0.07624949287122738,0.031435980013655114,False
330227,76,-0.0013398289016447002,0.02405697559575811,-0.04786183901792511,0.04641019598991623,False
330230,7,-0.019019351118855086,0.028339480042898515,-0.0730267263123085,0.03594628225882335,False
330240,168,-0.031155685473661446,0.021267576165140013,-0.07231831228124928,0.01062554371022353,False
330245,5,-0.021468289986727864,0.029359086778803067,-0.07827607938914993,0.0366981357497827,False
330250,181,0.0005246435384394857,0.020771800832519508,-0.040140285776040986,0.04057507230407448,False
330260,27,-0.028504293618190953,0.026884979211549146,-0.08128709885995034,0.024749429042070014,False
330270,50,-0.03314124058391314,0.02466005996607242,-0.08180422926932343,0.014098758300403963,False
330280,8,-0.021870596717793584,0.027452058108968617,-0.07548343942266565,0.03299603016452606,False
330285,114,-0.022356403168043017,0.02272752341180793,-0.06736577580241149,0.02131882903274172,False
330290,17,-0.018201201917548943,0.027593941567038382,-0.07276365034786739,0.03561601978885127,False
330300,9,-0.027370284871015078,0.02770739853578192,-0.08151553002041502,0.027304228426970896,False
330310,6,-0.02460592865734989,0.027625831752269264,-0.07926585091754178,0.029213235850595744,False
330320,112,0.0006156642584983511,0.022897378939809355,-0.044165925063660336,0.04501383044051139,False
330330,171,-0.006873149416719781,0.020791239692053386,-0.04826605317377325,0.032976161224556176,False
330340,84,-0.0064232983984227904,0.023024847435877453,-0.051949664163119046,0.039629199304122266,False
330350,618,-0.018440153396148976,0.017596177855019574,-0.053186442284478594,0.01573121636388931,False
330360,22,-0.0178192571887869,0.027191018674280382,-0.07239246389731664,0.034516715690611474,False
330370,31,-0.02285581326100229,0.0265100909851474,-0.07491771933715169,0.030338354073528136,False
330380,25,-0.021168984582017044,0.027259603386464076,-0.07540822145065491,0.03249457779301627,False
330385,18,-0.018114292514925155,0.027533523797197472,-0.07260912650688538,0.03740856153372678,False
330390,115,0.024828004185143603,0.022466119331732943,-0.01918273047275839,0.06890155800020367,False
330395,15,-0.011035614916341606,0.027540365996722743,-0.0641531672547256,0.04262165628818498,False
330400,15,-0.015472792537801794,0.028064966216166342,-0.07107016034891991,0.04020852564668257,False
330410,14,-0.02163710624113898,0.028138599204866135,-0.07652979478223845,0.033418823039987854,False
330411,14,-0.015353814725737514,0.02814346598099575,-0.07085413176071026,0.03949799697646262,False
330412,10,-0.01136228098333762,0.028379588303068144,-0.06858004785600284,0.04496540465630988,False
330414,115,-0.03631877622264043,0.022176614848563963,-0.07984753164579328,0.0058999796426476726,False
330415,14,-0.037416982897694066,0.027793242921212817,-0.09086836416323256,0.017445052630373548,False
330420,119,0.0026262285406302077,0.02218211080918899,-0.04087936529179003,0.04578269685243622,False
330430,35,-0.013019949692861015,0.025775296982806496,-0.06399243286680033,0.03648072884063294,False
330440,11,-0.013386106395981711,0.0282445734046722,-0.06837184493915488,0.04283466521561546,False
330450,3,-0.027684073341875726,0.02827943006241083,-0.08258355013045249,0.027724897541324473,False
330452,100,-0.017314893605069173,0.022836861903568054,-0.06256351134024887,0.028689981117463764,False
330455,2645,-0.015640947197479205,0.015163625992734462,-0.045411072114785345,0.013372495059077968,False
330460,4,-0.025026204156592152,0.02820510786774787,-0.07988482870604906,0.031339744840447235,False
330470,23,-0.00430921242068766,0.0268489218240028,-0.05672003314081564,0.04946204199438159,False
330475,46,-0.03260793959065329,0.02533614298218475,-0.08282401079667466,0.017141987317144235,False
330480,25,-0.007414415642953312,0.026828454317353773,-0.05946412975073711,0.04573721837500385,False
330490,385,-0.0026421501932636015,0.018036598908141552,-0.03701988114963359,0.03200114050403501,False
330500,39,-0.0025311397698788494,0.026293182454715496,-0.05361791670719592,0.049094887474231824,False
330510,322,-0.01947562137124302,0.01896019693028858,-0.05682113175158759,0.017558860803251006,False
330513,8,-0.01177963593025454,0.027742965556138283,-0.06630848909990426,0.04338795618657764,False
330515,19,-0.011222448267882901,0.027749056147929038,-0.064875710073051,0.04306303370699674,False
330520,65,-0.020662798625248186,0.024154822951421906,-0.06860077770900415,0.026248803145623927,False
330530,4,-0.018026131633096,0.028521468781720148,-0.0730309063419215,0.03848341013994311,False
330540,16,-0.025822750194958662,0.02775670933562917,-0.08046215340621761,0.029213512100055617,False
330550,62,-0.04930656379436493,0.02488204643966741,-0.09770907259014418,-0.000607291273824141,True
330555,51,-0.013883468159909634,0.025688093413483472,-0.06423008873973188,0.03652947786025011,False
330560,16,-0.03700919251947394,0.02758434961259566,-0.09118852166613908,0.017402552002134582,False
330570,9,-0.03633638025616888,0.02876625970900684,-0.09259874780261262,0.02028664934184177,False
330575,12,-0.027918088350029988,0.02751347884524798,-0.08270399103107764,0.026659222590715483,False
330580,83,-0.048190288939689914,0.023654859829992225,-0.09571420559465676,-0.0026941835628648586,True
330590,4,-0.027233209158992962,0.02905495431708083,-0.08337845314363361,0.029012236182655093,False
330600,62,-0.017526940006240083,0.024014906889202443,-0.06458556146733357,0.029908809755642744,False
330610,45,-0.042670341570799734,0.024769110907179204,-0.09048282299817259,0.004742000553742948,False
330615,5,-0.021194032204467764,0.028166141218200377,-0.07596430094954318,0.03448901810477881,False
330620,30,-0.021896239931199366,0.02630472467458953,-0.07408964571133815,0.030466839370511874,False
330630,114,-0.00465711966110792,0.02276628364840257,-0.0496466058902992,0.04015902565894663,False
350010,11,-0.015749213993116407,0.027578652899498627,-0.0693421812764995,0.03888352653680085,False
350020,1,-0.025993862678652554,0.02856849364942447,-0.0823381645814849,0.029388456215839603,False
350030,19,-0.017453144601245675,0.02746182241316709,-0.07174840659380728,0.03520773974880802,False
350040,3,-0.019046276949437727,0.028853777691915945,-0.07556077470302118,0.038152361548592216,False
350050,4,-0.021958809283118504,0.029054938865693058,-0.07876359244599211,0.03440909883778299,False
350055,4,-0.028543136808200035,0.028500324188232964,-0.08477401777736508,0.028823114377089874,False
350060,2,-0.029506633406016496,0.029351328999950126,-0.08733501595293507,0.027136542441159518,False
350070,33,-0.03760827548781088,0.026247899053392275,-0.08961858842163258,0.01337746225527565,False
350075,3,-0.029753911734549988,0.028618749869170818,-0.0849034098132864,0.025624445235682674,False
350080,2,-0.017625873186682572,0.029013761673726702,-0.07407857884400118,0.040186735862633015,False
350090,5,-0.024920043104397646,0.029165062181897853,-0.08410141036749394,0.03195113474829001,False
350100,11,-0.022614782071067017,0.02886617522340105,-0.07993750680668725,0.03399484421333027,False
350110,2,-0.018032372146339515,0.029130954833635765,-0.07594788871803691,0.0388907013500374,False
350115,14,-0.023264348404345384,0.028039699938441093,-0.07836778895182167,0.031284698029250387,False
350120,1,-0.02651657277749525,0.029326765120693057,-0.08435864329836201,0.030733360560624586,False
350130,11,-0.018061773854542773,0.027639255562871966,-0.07354042860970765,0.037238662301572814,False
350140,0,-0.021632293226184846,0.028264339220733146,-0.07733863731942832,0.0336981062342332,False
350150,1,-0.020260860847862223,0.028391240455237252,-0.0778314769051952,0.03584212269641785,False
350160,96,-0.010660776465739704,0.022580228073751405,-0.055742563618840266,0.0331851062923833,False
350170,23,-0.02042906677153139,0.02719935403241883,-0.07369160067558224,0.03290666436101734,False
350180,1,-0.022865535327997188,0.029114061789458894,-0.0803820982985308,0.034596369952103835,False
350190,19,-0.005448068204480455,0.02688955670223602,-0.05758092839930483,0.04791065622272334,False
350200,5,-0.020741986101618787,0.02847162404569313,-0.07728675286097775,0.03474312535805708,False
350210,27,-0.0052937391289619275,0.026778181636079125,-0.057074215124333624,0.04799694452324142,False
350220,17,-0.029093303000423152,0.02765398594216421,-0.08337282142561239,0.023823715793328194,False
350230,0,-0.02130101537321212,0.028986606780365513,-0.07838305866896789,0.03488751193568172,False
350240,2,-0.02719508684301416,0.028596675013689402,-0.08382205227709166,0.02992650377979367,False
350250,17,-0.02836599602062522,0.026909419506988465,-0.08261012713674032,0.02282088836031423,False
350260,0,-0.02232034413211531,0.029452166448942236,-0.07930826015888402,0.035300092800809396,False
350270,19,-0.04569903326075937,0.027599096780478127,-0.10013972135516012,0.0078412257886821,False
350275,15,-0.026048147129335775,0.02824227634161778,-0.08158208122212365,0.028716745838184222,False
350280,112,0.015854655416463293,0.022115482535408126,-0.02775415445138297,0.060081570327073126,False
350290,14,-0.026266098481169838,0.028173251249785584,-0.0809994800282825,0.02854791045172134,False
350300,2,-0.022483992168344468,0.02923586515134893,-0.08057512259451202,0.03610812120055236,False
350310,2,-0.029077653560168427,0.029195282050755868,-0.08809555880399964,0.028640640854758932,False
350315,1,-0.023501571550412416,0.02940806206993301,-0.08140441784623015,0.03445131012461511,False
350320,96,0.008522093097715894,0.022654433666094122,-0.0352627765050874,0.05397541763915614,False
350330,68,-0.006637174453785087,0.02377456715666368,-0.053590577543408464,0.03985487730518241,False
350335,2,-0.025545962225735228,0.02946242487403947,-0.08344032340069446,0.03317913533957601,False
350340,3,-0.024382783561425782,0.029093055114856912,-0.08056703256168853,0.03226752001564564,False
350350,2,-0.020532105497405043,0.029407562696152738,-0.07767130362291882,0.036533196345797846,False
350360,6,-0.014632876566430161,0.028979259605326758,-0.07078841842960194,0.04227641654559985,False
350370,4,-0.028515769798003087,0.02912840500559334,-0.08705846246156806,0.028813694657441498,False
350380,13,-0.03450716745321773,0.02721750570198907,-0.08888417284374679,0.017950633077378944,False
350390,65,-0.027681164663138677,0.023753424702826216,-0.0739892050765192,0.019093251494666636,False
350395,0,-0.022119340461552374,0.028911055913288568,-0.07941709530591591,0.033139818968380974,False
350400,46,-0.010198399232896815,0.024968394542440656,-0.05739414438511766,0.03912886514636158,False
350410,81,-0.032463109885850265,0.023376911438578944,-0.07880448010669643,0.013442818447022224,False
350420,2,-0.017190164313071826,0.028815911041076954,-0.0725450820469063,0.039800922382845334,False
350430,4,-0.010300321215698837,0.029034160726046067,-0.06629472522248844,0.04750415142473927,False
350440,6,-0.027470030599678844,0.02848695247367192,-0.08290191567797252,0.027387440617261383,False
350450,48,-0.02483246853038698,0.024585716341819424,-0.07382742255780098,0.022623405251186484,False
350460,6,-0.018737993026633617,0.028070202761872123,-0.07374524568709567,0.03688926793879906,False
350470,0,-0.022003772966310044,0.028789344719205304,-0.07952074708699056,0.0351098637799577,False
350480,3,-0.020815333496782953,0.02851546454451402,-0.07690530270189631,0.03483959026240191,False
350490,4,-0.019023913795171307,0.028203092167113933,-0.0739226186971299,0.03648614998693325,False
350500,2,-0.023114782155422602,0.029738016004380124,-0.08090535132995605,0.03411989596655887,False
350510,2,-0.01651016727190244,0.028373184822733283,-0.07071241657247164,0.03971424643651761,False
350520,21,-0.02092384409714044,0.027274102781021416,-0.07415070262028726,0.03247760405085261,False
350530,15,-0.013048047646271637,0.028126985234228248,-0.06824829757745246,0.0430935647271866,False
350535,5,-0.03372468374232388,0.029191179558891733,-0.09157708102280303,0.02193962465538573,False
350540,2,-0.021239633954160245,0.029341863584499146,-0.07908197912495694,0.03836694839945447,False
350550,70,-0.004526232726594146,0.024394513370231408,-0.05212210798619654,0.04291180434383431,False
350560,19,-0.02404986040730241,0.026831915763714808,-0.07612175073169722,0.029071910961843535,False
350570,176,-0.03790665716570504,0.01987570485281125,-0.07739054337761953,0.0008214552836550296,False
350580,9,-0.020650691214543444,0.027882668621923415,-0.07560942554606788,0.03434377312995201,False
350590,29,-0.02139899161471872,0.026411825729377114,-0.07317577380509464,0.029816600227116002,False
350600,127,-0.1065035483039084,0.022934510959948817,-0.15228037202827138,-0.062150257319527495,True
350610,41,-0.0433628565963095,0.025245553217819076,-0.09254089491105628,0.005153551718264535,False
350620,2,-0.017624241344679683,0.029536060989723865,-0.07524743833377233,0.040781200457561353,False
350630,6,-0.0319694005673386,0.02832908394672379,-0.0886026104942551,0.022215357366910035,False
350635,52,-0.011166523338398179,0.025038097900785556,-0.0586700262401075,0.037916566448972525,False
350640,1,-0.024876361060110222,0.027872920241955895,-0.0799045243338612,0.02910558685677529,False
350650,72,-0.020138571803042456,0.02399055045290816,-0.06752500336626022,0.026362621008743425,False
350660,16,-0.045708646334515476,0.028383681275662674,-0.10173422577752599,0.009481852593139955,False
350670,6,-0.021198024869188252,0.028591337009809988,-0.07726836337943961,0.03432944466476426,False
350680,12,-0.027660497345692397,0.02797538153550203,-0.08363956220939163,0.027544947941408916,False
350690,6,-0.008511020719945722,0.02866756956078587,-0.06412769602095475,0.047619632007542524,False
350700,43,-0.006571800903566171,0.025860130288762082,-0.056967092396442896,0.0439616971096339,False
350710,16,-0.03518378404975569,0.028226399904988195,-0.09063546498855528,0.02032339893463929,False
350715,2,-0.026520058720740817,0.028297101570306446,-0.08174705836706474,0.02995453327903366,False
350720,1,-0.017654966831299454,0.02922028309585055,-0.07580627006220696,0.041116872236199996,False
350730,6,-0.023862997452953623,0.02877582591598232,-0.07998506509956155,0.032692315551436923,False
350740,4,-0.025535607862236645,0.028730223889543674,-0.08140045085626357,0.03098616671406046,False
350745,0,-0.022317335292966922,0.028524672846224612,-0.07822373282495396,0.03295700912752398,False
350750,41,-0.020583021510668216,0.02534316688943923,-0.07194683902019221,0.02808154471032275,False
350760,80,-0.005307145668939073,0.022770456059414503,-0.04913790753759806,0.039105979470714015,False
350770,4,-0.017947864678667665,0.02808794345762593,-0.0728872161207318,0.03726752800482561,False
350775,2,-0.02280696123791511,0.028811598077248174,-0.07932936077759539,0.033896127606076146,False
350780,11,-0.020741084684158115,0.02781265188346953,-0.07566394606895926,0.033400742468698265,False
350790,18,-0.03549729483648046,0.027410637236874615,-0.08975645118425933,0.0173006914111186,False
350800,19,-0.012072024270165287,0.027959396411626196,-0.06748843103768562,0.04219789286354558,False
350810,9,-0.020219479024598697,0.028062667554055856,-0.07585169650334046,0.034252992662592165,False
350820,1,-0.020249082557187433,0.028658478354966193,-0.07658900380754824,0.036692907924714406,False
350830,4,-0.031233574929186516,0.02995064594319366,-0.08941789847512953,0.025762063776220052,False
350840,53,-0.027810103078937668,0.02473858238394166,-0.07581811866184135,0.019853303372087638,False
350850,41,-0.017508250973480965,0.025075508301068652,-0.06553036211069566,0.03221161742557689,False
350860,24,-0.019818265096407453,0.027187784716934296,-0.07333747837259948,0.03428750166367815,False
350870,9,-0.010513925696989453,0.028436288009366307,-0.06797650421671284,0.04569896146735879,False
350880,11,-0.01005090455948609,0.028191126136813252,-0.06374562813452753,0.04434080524512803,False
350890,2,-0.025860278525108246,0.02875530335368572,-0.0832524305506671,0.03108394803252065,False
350900,49,-0.0007919762555452653,0.025207848633537356,-0.04985427489675755,0.04791856244967912,False
350910,2,-0.02429982362331188,0.028906754711722316,-0.08032387299311919,0.03223265995244064,False
350920,59,-0.004092966266336306,0.024906667084278147,-0.052426750677025326,0.04583509176786573,False
350925,17,-0.027695664399882275,0.026674103358312745,-0.07926818120050777,0.02460517077130018,False
350930,6,-0.015125619731057749,0.030004289917666346,-0.07467741529718205,0.04469987153363888,False
350940,18,-0.008463442163528548,0.02668806801385122,-0.06003615851451174,0.04533824842171078,False
350945,2,-0.023194426892170668,0.029412886878829234,-0.08026234044764453,0.033709322560278136,False
350950,425,-0.0017062124147567206,0.017897878468371237,-0.036206139117654,0.03349946651735526,False
350960,43,-0.015689996947833434,0.025568897409331017,-0.06523255220118729,0.03508419873391849,False
350970,34,-0.019896782252287783,0.02558983335794306,-0.07042874363159649,0.029608950838779836,False
350980,0,-0.02167503583636587,0.028707029153205617,-0.07789602494997491,0.034664196368999756,False
350990,12,-0.011106614869865339,0.027815411680294784,-0.06450218445194664,0.044136586185582784,False
350995,3,-0.02480767189773307,0.029171440562870722,-0.08257062917544099,0.032675410725897885,False
351000,16,-0.028163673480889252,0.02723020664867742,-0.08103531219547008,0.025003033215489003,False
351010,0,-0.02285215439232033,0.02880091456957201,-0.07989301841454655,0.03398254290848546,False
351015,4,-0.021089823556884213,0.028933231556516437,-0.07809688299854943,0.035862199756357384,False
351020,23,-0.034177807448155594,0.027290123442648542,-0.0883209035076184,0.019189668517599075,False
351030,13,-0.025181911843724824,0.028703511083778572,-0.08216174164584669,0.03205477205739321,False
351040,16,-0.022853243823227756,0.0270104527482309,-0.07533583288099094,0.029798272657332325,False
351050,73,0.005066006407602921,0.024083553370302033,-0.041772938657321707,0.05171866795019659,False
351060,251,-0.020326605514954806,0.019653662188085574,-0.05775163993697644,0.01746862097345964,False
351070,3,-0.017716973375457735,0.028730459639034443,-0.07432066648396639,0.038860078570532024,False
351080,12,-0.023689270758458624,0.027810208710547613,-0.0779422447279971,0.02991101387415349,False
351090,1,-0.021392568306514842,0.029196757589380017,-0.07831597024610193,0.034904333324716284,False
351100,10,-0.025829283490838028,0.028536318720576364,-0.08245813486197585,0.03033341206215446,False
351110,56,-0.015680688536366134,0.02491019459397981,-0.06423371319831168,0.032841945661451294,False
351120,1,-0.02490126241778316,0.029278134127189596,-0.0817115626453789,0.03372646572276486,False
351130,3,-0.02281302484856034,0.028379291363449265,-0.07882934290401027,0.03400850048028566,False
351140,11,-0.024730348045120944,0.028754549213650008,-0.08232033492505922,0.03159722021052732,False
351150,14,-0.02084576823835305,0.02706064752147327,-0.07410983047036879,0.032894952603551325,False
351160,15,-0.022885596204693305,0.02819483415282101,-0.07870816182271409,0.032718125386668094,False
351170,6,-0.01719750951514218,0.02887899444257482,-0.07319667520299815,0.03880902493757391,False
351190,4,-0.013841340413705324,0.02898183500736199,-0.07139095569827476,0.04361327265861025,False
351200,5,-0.023387722369166572,0.028554790701465767,-0.08016812455033934,0.03407251483326324,False
351210,6,-0.019531731460134375,0.028437051975530675,-0.07513980906373639,0.03661532255456896,False
351220,20,-0.03305794030248416,0.027461955746797797,-0.08710099350331767,0.02063237893904635,False
351230,6,-0.03400413748821031,0.028116168648807668,-0.08893830655883779,0.0214533887939321,False
351240,14,-0.012797577413594894,0.027556742601361702,-0.06757055764709045,0.040450992691766975,False
351250,3,-0.02105118332374927,0.02923010898692222,-0.07861430604243251,0.035903852017810926,False
351260,3,-0.015526094270235956,0.028467024456358826,-0.07161681311713423,0.04090598904076968,False
351270,1,-0.020420676780083455,0.029827504591659098,-0.07960054188036599,0.038170326675259984,False
351280,18,-0.022618647594302817,0.026593225001609558,-0.07513998904700017,0.02920682864469301,False
351290,2,-0.018518436986192037,0.029546892568449758,-0.07550330325338897,0.039503760274680826,False
351300,141,0.006900273498722079,0.022157880807904356,-0.03666588799343497,0.050921721957404055,False
351310,21,-0.012966169397395888,0.02737774241722215,-0.06659196168100345,0.04191860737343526,False
351320,7,-0.01959390890096868,0.028919346054337262,-0.07714965015437279,0.037387688592016535,False
351330,2,-0.01890181668282522,0.029928401659903896,-0.07740713561424548,0.03996551804291735,False
351340,51,-0.009376034889588653,0.02518290845791864,-0.057174716606052334,0.03928166626640274,False
351350,60,-0.04095083417638203,0.02381774448366011,-0.08837704611213189,0.0050419847084836045,False
351360,11,-0.020145398576532258,0.027940895516868597,-0.07472564391383756,0.03345815797722134,False
351370,5,-0.03343944055240761,0.02921174935464326,-0.0900384196440254,0.024297276212746546,False
351380,151,-0.007507343865398792,0.02107291559535103,-0.04973978385952847,0.032346613962872285,False
351385,1,-0.023191033053088235,0.029552868830522768,-0.08111149249250067,0.035429268733291455,False
351390,4,-0.013014688937385463,0.028792246930356237,-0.06992162497000813,0.04385662707535939,False
351400,6,-0.01929387836208658,0.028568824484482343,-0.07514929679900081,0.03641354227323046,False
351410,19,-0.01628957342669172,0.02794152672498885,-0.07117284296930848,0.03904891931953371,False
351420,0,-0.022471758037758433,0.028394937737423725,-0.07818043507187919,0.03299475029629961,False
351430,5,-0.02683761011062699,0.027911412425098252,-0.08240580336570354,0.027536816941217703,False
351440,10,-0.02726813726447395,0.027649269108290256,-0.0819694981899212,0.02736594435208522,False
351450,9,-0.03277494870789976,0.02787772962163614,-0.08899349804832332,0.020403516797296545,False
351460,3,-0.022042388574507014,0.029156165807965356,-0.07923664863548313,0.03550973612264162,False
351470,3,-0.031162800557874695,0.02870888140855768,-0.08728205084203546,0.024310631338510434,False
351480,8,-0.018082600974947925,0.028023883272802592,-0.07230351604999907,0.036370170730280774,False
351490,3,-0.020958481917092115,0.028304270345310512,-0.07684221818482745,0.03368137454706557,False
351492,1,-0.02148554704618862,0.029325087285867642,-0.07966213005972743,0.03645172189086656,False
351495,2,-0.02807407105256296,0.028973485530169703,-0.08663184554654989,0.029022432942982793,False
351500,171,-0.02522251132231374,0.02064874960209284,-0.06643188005265543,0.015476294871504754,False
351510,34,-0.012665180279586612,0.02521922985069443,-0.0623660100309286,0.03803159765859073,False
351512,0,-0.022641088868059513,0.02897883645055762,-0.07824314091828875,0.03492480971083217,False
351515,8,-0.027003730542211547,0.028716702391490958,-0.08259714438448339,0.028933506288621742,False
351518,20,-0.01960222890337205,0.02730463772981299,-0.0727882766934553,0.03452934595864255,False
351519,2,-0.026378799869738165,0.028720920534875297,-0.08273541370263351,0.03087312743721999,False
351520,4,-0.01943201219174683,0.02874116579980131,-0.07596300466069722,0.03624525001561431,False
351530,0,-0.022294658904600192,0.029069476693965184,-0.07873527956802338,0.03442998604351465,False
351535,3,-0.024212293341340792,0.028665334282929146,-0.07943197134649867,0.032217018661673015,False
351540,4,-0.022680507460676277,0.02747896078108441,-0.07707469871092104,0.031163088442516744,False
351550,25,-0.016380065563162936,0.02574645071537155,-0.06701168683981877,0.03263700157103385,False
351560,3,-0.023660195147541647,0.02884210353812009,-0.08018723277024957,0.03272994691477631,False
351565,2,-0.02714188949926681,0.027882076118340197,-0.08020812305996586,0.028428914295044752,False
351570,140,-0.005417668484536574,0.021902957510696534,-0.048245961352101525,0.037513821589492694,False
351580,0,-0.02225301923664894,0.029434397779769403,-0.07973939151478487,0.035981536759798406,False
351590,0,-0.022134042442543838,0.029290594404669145,-0.08019141855473061,0.0349325107210204,False
351600,9,-0.027916619101792436,0.028619388610710624,-0.08433108448430926,0.028382423199187098,False
351610,0,-0.021424065572115878,0.02920009047758181,-0.07892586926813981,0.036272219260266386,False
351620,181,-0.030201584136155105,0.020338538663249684,-0.070649252338428,0.00946418966736944,False
351630,136,-0.01185416641369474,0.021648729812790028,-0.05396754245595877,0.030962834901222324,False
351640,98,-0.029262810165444193,0.02257126237358241,-0.07362754427215804,0.014846585443205444,False
351650,3,-0.02368872693940336,0.028831504209147905,-0.08170427696182438,0.033409880251863325,False
351660,3,-0.01693233436146045,0.029191756402998262,-0.0763740171664878,0.04213193888509613,False
351670,25,-0.026100113827608747,0.026221819669241277,-0.07736808589612994,0.023803070439644216,False
351680,0,-0.021498492234604392,0.028891553603554363,-0.0800033453870283,0.03577846470061433,False
351685,2,-0.01949302901313936,0.029118193702605197,-0.07575867116301578,0.037524175482137954,False
351690,5,-0.016901815773743226,0.029166254321385948,-0.07481871230192802,0.04106378318648412,False
351700,9,-0.02144588273913916,0.02857166239130863,-0.07638906897774761,0.034671526130348414,False
351710,1,-0.025832788597367064,0.029074371578329147,-0.08346356702625575,0.029909244034717054,False
351720,9,-0.028574526554312002,0.02854485196584702,-0.08503979772904195,0.02846295569517868,False
351730,5,-0.021143105788216095,0.028491221321794012,-0.07571345958866063,0.03585786571805526,False
351740,18,-0.004340935288015484,0.027665405896393425,-0.05818064153320348,0.050793739825841726,False
351750,10,-0.016764080203341712,0.02724567720707967,-0.07048641567580827,0.036444083014210274,False
351760,20,-0.04543997817243521,0.02875772466617542,-0.10128142420267727,0.01168787658532853,False
351770,7,-0.02217781904377191,0.028329172213285837,-0.07771650787093431,0.03426107042071498,False
351780,3,-0.02255207773895906,0.0296218402909762,-0.08143691112858634,0.035334501773589516,False
351790,3,-0.026888189170508465,0.029289878293124166,-0.08403356792720994,0.02992577743822671,False
351800,0,-0.022134560975886033,0.029918593326623544,-0.0807957809836425,0.03611702966188275,False
351810,3,-0.02288005480568473,0.02942455975312509,-0.08086830554655049,0.035396953595637964,False
351820,23,-0.030028017768751226,0.02684502212625825,-0.08352574252925676,0.02203606672678392,False
351830,12,-0.023470531502855975,0.02810681349667709,-0.07904561502137757,0.03137146617103917,False
351840,62,-0.03834157458183937,0.024835667063307754,-0.08648286646554584,0.010905813441508221,False
351850,5,-0.02297654129573335,0.0282262955115012,-0.07800448503522622,0.03202638875253222,False
351860,14,-0.03725611043177287,0.027546399674341197,-0.09154743573253527,0.01656530783033115,False
351870,223,-0.09698795981653913,0.021395463188110513,-0.13978575495073628,-0.056143025518587394,True
351880,777,-0.01538424459660527,0.01660866197973857,-0.04795636541626486,0.01754964294756653,False
351885,8,-0.026454604617250566,0.02855051481485867,-0.08343140774099432,0.030051478162357755,False
351890,1,-0.025615354116887767,0.02956434632234549,-0.0828652935150393,0.03194513830832385,False
351900,5,-0.02145100318280735,0.02828623451247292,-0.07631528620601168,0.03279913782807285,False
351905,5,-0.021229675761235054,0.028468884012086068,-0.07730977696668974,0.03538723856152422,False
351907,113,-0.014286544134029905,0.02206278599829825,-0.05696408626130801,0.028027783443088494,False
351910,5,-0.022753524402041907,0.028692711318544017,-0.07928293047001322,0.03361558608066034,False
351920,6,-0.01649839981359,0.028989844219467768,-0.072609428893504,0.0408049760060047,False
351925,3,-0.015829346080338588,0.028026698189705407,-0.07191990331192134,0.03923777188059044,False
351930,9,-0.015290931191278853,0.02752704593949677,-0.06920204735668788,0.039738059587507896,False
351940,4,-0.02793278947438421,0.028309279226629378,-0.08346047969805041,0.026721798122813164,False
351950,4,-0.016911767524985175,0.028833821282645375,-0.07388739459523783,0.038923396504083045,False
351960,33,-0.018022562162965834,0.025842248975713834,-0.06825146180035846,0.03285983925516099,False
351970,58,-0.022527575169340387,0.024302770194955834,-0.07099056454479123,0.02382550775884579,False
351980,3,-0.017895604883762645,0.028985463123604085,-0.0746339999236432,0.03806167690439293,False
351990,5,-0.026252463680571086,0.028956465603609753,-0.08344611780852328,0.029534693495114908,False
352000,10,-0.01986607604160239,0.02771874641739405,-0.07381401204135835,0.034293529139625224,False
352010,12,-0.023768687411979215,0.027291098446704905,-0.07586162494198484,0.030026872764201226,False
352020,4,-0.025258787683306545,0.02915713840523359,-0.08272654679951448,0.03148851833062914,False
352030,18,-0.0323907864522828,0.027763602034318602,-0.08569241684626669,0.021959639861887637,False
352040,28,-0.015557629361844022,0.02689869209348665,-0.06735085718437088,0.037614652634812014,False
352042,8,-0.013798151193657595,0.028733085732289314,-0.07022228362523901,0.04427476409093009,False
352044,9,-0.01770535772396449,0.02830897047543309,-0.0728336075796586,0.03803807983171974,False
352050,119,-0.03240203323761632,0.0218211665634022,-0.07405721884752337,0.010101267524882293,False
352060,3,-0.02372092383464139,0.02850626479132055,-0.08040530088942975,0.03259272403549591,False
352070,0,-0.02218115592488133,0.029911416505489802,-0.08070185557518751,0.035303256357397235,False
352080,1,-0.020907914512373168,0.02974277828260347,-0.07974373289173747,0.037773557043738755,False
352090,6,-0.013353733673946586,0.02784360443863123,-0.06636069160980815,0.0421876817868153,False
352100,19,-0.023233714781962084,0.027238140716484064,-0.07686990747080191,0.031034460724219778,False
352110,3,-0.018878328745209755,0.027758960401663296,-0.0738650453158737,0.03555682886886759,False
352115,1,-0.021629252068220202,0.028418799064932034,-0.07699555507776554,0.032894375901735586,False
352120,4,-0.026038545785730942,0.028965506686375892,-0.08204362274522795,0.031235690706034634,False
352130,7,-0.027461926103757046,0.027892005276014722,-0.08282759207853266,0.026555717721968995,False
352140,6,-0.015457628925272967,0.028022629552716238,-0.07074644896174222,0.039308811523947045,False
352150,3,-0.015661935924520053,0.02869316014751522,-0.07146191956977571,0.040629968550631744,False
352160,1,-0.025790532677455055,0.028323527395186544,-0.08170384211962584,0.03121978913024119,False
352170,16,-0.03640813387956113,0.02801485096849576,-0.09088304764946384,0.017767609415624556,False
352180,16,-0.015973605899209764,0.02806397350776456,-0.07165798225202986,0.03969987310923229,False
352190,13,-0.02823351891692304,0.027942443107956183,-0.08364682270323903,0.026173350129058318,False
352200,3,-0.028661989081768535,0.02911167310948011,-0.08515084252903042,0.02760797552377854,False
352210,35,-0.042364467631384545,0.02633565951826161,-0.09408878495979339,0.007928007549342165,False
352215,4,-0.029411068874710813,0.029778057777995304,-0.08829096988343133,0.03011168117971455,False
352220,104,-0.00398315875503761,0.022377332820608803,-0.04722525593850197,0.0398051240537676,False
352230,68,-0.00801148053019051,0.02470987797902226,-0.0569594655606962,0.040185539835493035,False
352240,68,-0.019982717754087054,0.0238221594591511,-0.06738157165510233,0.027399296099116628,False
352250,189,-0.0015731460803088027,0.020810151669158457,-0.04225874501293237,0.03942490562844503,False
352260,21,-0.02285119329896949,0.026812537253909096,-0.07611064097289179,0.029790707884467738,False
352265,1,-0.02088691982043376,0.02790794917489106,-0.07487444982850311,0.033328730201876704,False
352270,18,-0.01526115029899986,0.027168382708888234,-0.06841319628391555,0.03852477592421286,False
352280,1,-0.021595546634412044,0.029115470202322715,-0.07708331837896946,0.035843412669575477,False
352290,13,-0.023600047613982825,0.027986064693885794,-0.07827281832982186,0.03132869179806381,False
352300,2,-0.019616272973071714,0.028872472913963502,-0.07616643384317466,0.03690557567663576,False
352310,264,0.007346658977920756,0.019323409144764,-0.03058837909316509,0.04526737212190147,False
352320,37,-0.041550295399752864,0.026654142121947576,-0.09429830050367963,0.01080468629880796,False
352330,8,-0.03484160268596777,0.028413655358452108,-0.09133854233411665,0.021514737953200913,False
352340,78,-0.015679362169437976,0.023528970103560722,-0.06201729995811079,0.03146834464687379,False
352350,7,-0.015858737136045915,0.028075106374278104,-0.07085471162171383,0.03990116793841345,False
352360,7,-0.021680802053882942,0.028776009658168875,-0.0779501552994103,0.0352142393362952,False
352370,6,-0.024435775680251504,0.02937183361962781,-0.08172037305654636,0.03230719741648919,False
352380,2,-0.027404570172016474,0.028337008589553254,-0.08459846100686456,0.02788375167449525,False
352390,89,-0.027661383123037495,0.023323949177060602,-0.07235532278554885,0.018123091610273423,False
352400,50,-0.03891489978389534,0.024777427165398973,-0.08825776531446551,0.009061136334644223,False
352410,12,-0.008116693246579333,0.027881258159940896,-0.0625815348308437,0.04708308010377897,False
352420,8,-0.0028420663330237343,0.028547081367028108,-0.05870964327110735,0.0538983701285385,False
352430,30,-0.019527951457153796,0.026117985512280107,-0.07109203081234389,0.03180154977733175,False
352440,75,-0.0012932021302830496,0.023030950371961977,-0.045943580149911956,0.04483673433272173,False
352450,1,-0.02057384225052695,0.029179679676796372,-0.07693736367055991,0.036545867428631335,False
352460,8,-0.02451625733139967,0.027909041380094677,-0.07915553654499173,0.02968237034269444,False
352470,26,-0.028738874133290977,0.02647244156193099,-0.07936872406672159,0.02240751132235373,False
352480,23,-0.046464998869979506,0.027510848950865408,-0.10109487938376022,0.007942534869041833,False
352490,3,-0.025742442872881847,0.029017229625346162,-0.08381773903122103,0.031969959394242686,False
352500,75,0.013064535336638919,0.024295233716878646,-0.03390965357638934,0.06076100296678147,False
352510,22,-0.027089176017443862,0.02654544568696183,-0.07964609001905572,0.023665496549858864,False
352520,24,-0.032331322998757336,0.027076511957623322,-0.0856532380243449,0.019865373952540875,False
352530,77,-0.03049580824619606,0.022943936826396328,-0.07594018376051682,0.014140472144396699,False
352540,2,-0.024621450421031654,0.027733790165670253,-0.08010144264977442,0.029907954123355087,False
352550,5,-0.012236982786528157,0.02829347225024868,-0.06815744557568934,0.043375367495140565,False
352560,2,-0.021219129365280025,0.02934064465126096,-0.07917603047088513,0.03552853000906656,False
352570,12,-0.021999668289966374,0.026963722080001522,-0.07437758779896239,0.031646374902247656,False
352580,1,-0.018878125623256373,0.02872240435081783,-0.074679552366319,0.03736360365871002,False
352585,1,-0.022062331807622466,0.02843371767891466,-0.07803148678288847,0.03368101441895842,False
352590,225,-0.018972098739217826,0.019778017696599332,-0.05785936627341872,0.02048425960016757,False
352600,3,-0.01822739066757339,0.028335063863177214,-0.07405264270752683,0.03635787325983563,False
352610,12,-0.01215037440952202,0.029052888296192337,-0.06888689065758656,0.04555344646318438,False
352620,23,-0.017384030233802493,0.02736818347540975,-0.07065337118515265,0.037247228433129775,False
352630,1,-0.021492378768426666,0.02852079985044096,-0.07673767390453706,0.033751054075488944,False
352640,10,-0.029687867725093697,0.028689394759469047,-0.08604049978858316,0.02599041122264918,False
352650,4,-0.02879933902735753,0.029295968549023953,-0.08582222809545924,0.028019063115911742,False
352660,10,-0.027530468360133835,0.028788029721942873,-0.08397164821999023,0.028760216768801042,False
352670,53,-0.037939592895993635,0.02506111453409869,-0.0870646310883204,0.010757187083108046,False
352680,29,-0.014399088648344152,0.026094735436549544,-0.06530934773709864,0.03655881761241334,False
352690,116,-0.0032738695868062455,0.02207165077285709,-0.04616805131883234,0.040653868967026954,False
352700,3,-0.026290751932086513,0.02878180412444643,-0.08275681133202102,0.02970642915902574,False
352710,54,0.0010798008184759737,0.02453504568933757,-0.046737078747622535,0.050017628584300436,False
352720,44,-0.013588824639403335,0.025015983029827094,-0.062321326954813544,0.03606014486189675,False
352725,2,-0.022614644341853948,0.029025984177054553,-0.08186027068704757,0.03371404354478878,False
352730,36,-0.031186532097237592,0.026248263302870386,-0.08274353240598127,0.020560600559975526,False
352740,10,-0.015435525030369447,0.027734793166891432,-0.06982613600468399,0.039130198655859254,False
352750,0,-0.022474777785861932,0.028983711569028934,-0.07984628172340086,0.03401702160254121,False
352760,3,-0.02024816654934558,0.0289388890451014,-0.07755943010849985,0.0369144307840217,False
352770,2,-0.025621110354666597,0.02827912085287319,-0.08156462455450397,0.02898166331375656,False
352780,6,-0.028793616349450758,0.028876803249271086,-0.08570147920909685,0.028963846765675077,False
352790,0,-0.02199164929827974,0.028852012049671777,-0.07883030607383783,0.03444243564224794,False
352800,4,-0.02906895854538957,0.02806946827376758,-0.08434655349573145,0.02599997517888269,False
352810,2,-0.02757381728977126,0.028381106309341514,-0.08285890286751015,0.026891004565135015,False
352820,0,-0.022352746306931435,0.029381184724668895,-0.08075272247819965,0.03561456194469387,False
352830,0,-0.02117930474123053,0.02913102668352877,-0.07772292810662809,0.03676373307023659,False
352840,30,-0.014096052515400942,0.026206445283874655,-0.0662802505974327,0.03792853896220915,False
352850,57,-0.03675665938966127,0.024100245276675977,-0.08468982292524438,0.010047162972148742,False
352860,4,-0.024211913181800118,0.02876733987482892,-0.08117287442823869,0.031428801473481933,False
352870,3,-0.026837824432852955,0.02862803021101169,-0.0842347955159082,0.02950954644862549,False
352880,6,-0.01702540157154367,0.028606910106952592,-0.07274110414050065,0.03881026628150355,False
352885,1,-0.019781062260499523,0.02926073554914604,-0.07680380810611694,0.037212009890127656,False
352890,0,-0.02195250414578579,0.028893213389645032,-0.07942627968307919,0.035444174740891864,False
352900,82,-0.013876042776709457,0.02254428386370797,-0.05901087689479286,0.030363695661488554,False
352910,2,-0.02600490343380289,0.0289821101156574,-0.08383528452416093,0.03020913198766117,False
352920,13,-0.034749902888800636,0.027385394439061496,-0.08825984638080112,0.018608239059239296,False
352930,48,-0.026878296209935287,0.02520164416840785,-0.07588678122166623,0.021653744436468066,False
352940,209,-0.0460143839405554,0.020129266068655137,-0.0862383015083815,-0.006788499334688972,True
352950,1,-0.02005977713445066,0.02911197193908127,-0.07730900361297499,0.03635817080378729,False
352960,1,-0.01977332250941782,0.02874852165687021,-0.07679912292415557,0.03698465706472821,False
352965,0,-0.021034095877599215,0.02891319197001982,-0.07714259208505041,0.03629439326408777,False
352970,9,-0.018822136393153978,0.028987282774375667,-0.076221702448359,0.03843432562323971,False
352980,12,-0.020177184046810882,0.02821907286883057,-0.07478732057288934,0.034728655544828596,False
352990,15,-0.0251148758106492,0.027548763605432746,-0.0795729709756199,0.02815695407660497,False
353000,1,-0.02030511943419784,0.02870017075167182,-0.07631809180441554,0.03595047250793571,False
353010,11,-0.02615308103651047,0.028509797923662986,-0.08262846182986144,0.02958013625757244,False
353020,6,-0.03509969253037372,0.028030931199298968,-0.08903535542602183,0.02066429113360004,False
353030,25,-0.024271502875785014,0.026871097102495217,-0.07740048945420996,0.028412094963534622,False
353040,3,-0.01480896922961333,0.028772849249803906,-0.07153243526551323,0.041303370249150886,False
353050,21,-0.012079809843487652,0.02660900214940117,-0.06619036352414144,0.0397999401395282,False
353060,265,-0.024480669974507364,0.019227022029022746,-0.061459314543018555,0.013038506274423363,False
353070,76,-0.04496746084079664,0.024036656102098097,-0.0922867098922368,0.0020919145971260156,False
353080,38,0.010904901358238078,0.025419694551848747,-0.038436170935433354,0.06106327215027642,False
353090,1,-0.02630219802171246,0.02975548018842993,-0.08341814535214653,0.03268813902990679,False
353100,0,-0.021680873581197233,0.029503983169540286,-0.07903592590711567,0.03618042060711249,False
353110,31,-0.048195011929527236,0.02693607187711317,-0.10222411432880879,0.004262634940227058,False
353120,2,-0.019271953554081664,0.02878506124365363,-0.07702242127767676,0.03805919110010697,False
353130,26,-0.005111350477734782,0.02708843078040621,-0.05783670245354539,0.04790849209400905,False
353140,12,-0.014725314939980678,0.02836014458093658,-0.07131781831274485,0.040370798497238826,False
353150,7,-0.020036689251991972,0.028804511054349863,-0.07592573780469249,0.03575039850191648,False
353160,1,-0.02439443340099689,0.02864762252248854,-0.08153312669939558,0.0316051831931958,False
353170,2,-0.023463567038634628,0.02909833465568115,-0.08006887283877465,0.03227469833684816,False
353180,24,0.0011786883180886132,0.026623388379031304,-0.050185994174008056,0.0544925000701212,False
353190,16,-0.024249691883506255,0.027398305343876734,-0.07807163591429549,0.030605657842382967,False
353200,11,-0.017110378043819034,0.028196540615055114,-0.07094689345560391,0.037385856046116106,False
353205,2,-0.027101304608058513,0.02854628308269496,-0.08370558634881065,0.027865894978374963,False
353210,1,-0.01902555623231545,0.02941763268528381,-0.07603886561774575,0.039036007016832124,False
353215,0,-0.02172446988298113,0.029004094468525685,-0.07834682746277047,0.03632987197528646,False
353220,5,-0.01808704015654394,0.027989835652380286,-0.07199898026981871,0.03774092718975751,False
353230,2,-0.02084842694940725,0.02875576727005434,-0.07635593781249901,0.035118977408461045,False
353240,12,-0.019112333933941968,0.027611510311722706,-0.07330618740115698,0.035272595039390085,False
353250,4,-0.02476480238262752,0.028621405312458416,-0.08058232738814579,0.03063335130811059,False
353260,3,-0.018535309300448347,0.028587689227747654,-0.07375726151973727,0.03851495662002473,False
353270,2,-0.02130079245461006,0.02900092646108397,-0.07764609575105767,0.03526771699416921,False
353280,1,-0.02363988008054708,0.028880007475154193,-0.08189929255651325,0.0322443451750179,False
353282,3,-0.02329560587821493,0.0287713465958581,-0.07901726404729999,0.03330861541314118,False
353284,1,-0.024754420224487865,0.02959623673528148,-0.08420702662411304,0.03298481106621502,False
353286,2,-0.019455565555602877,0.029351233217306028,-0.07560009629155132,0.03746938151092636,False
353290,6,-0.01941001624179507,0.02816153816575386,-0.0741377854633562,0.037556401688105374,False
353300,9,-0.025017867033112477,0.02780264733106011,-0.0788470570490524,0.030178857054468895,False
353310,1,-0.025420893262906658,0.02832284512435812,-0.07980857105114195,0.028522066887409617,False
353320,0,-0.021617414298059735,0.02953210073825565,-0.07850491998856213,0.03767209276178294,False
353325,5,-0.030630848848636788,0.029441228246241333,-0.08583133385122214,0.027509185814636156,False
353330,1,-0.025290340987756888,0.029988046380516973,-0.08397392525151355,0.03522338034314879,False
353340,25,-0.013244920110747339,0.02671957351108713,-0.06541437781836967,0.039944113216692,False
353350,20,-0.026325643626117105,0.02677135182807178,-0.07957952141422972,0.026013085314049313,False
353360,6,-0.0288962597400491,0.02849511893683873,-0.08598211820217985,0.027016520723571368,False
353370,0,-0.022156739595539102,0.02873983991798761,-0.07978597388663532,0.03422711358560591,False
353380,1,-0.024036777689110892,0.02867781473822974,-0.07965762547321097,0.03250564162245851,False
353390,37,-0.0323794088354866,0.026238494127723163,-0.08325908578411871,0.017856514615518803,False
353400,2,-0.02559037495954635,0.029267528838825448,-0.08222856907968054,0.03176659173854944,False
353410,1,-0.017049534753182907,0.02807378080938782,-0.07078050111138542,0.03849040092269248,False
353420,2,-0.028181654773377987,0.029080038942237242,-0.08531096637120286,0.029749919433645907,False
353430,23,-0.03023916183965279,0.026379059320220537,-0.0835436297894711,0.021360604184344854,False
353440,304,-0.044812542801672434,0.019223197204993988,-0.08311625048660919,-0.007146055512900838,True
353450,1,-0.019182155216083893,0.02853346815004655,-0.07461818407654285,0.03729397157647708,False
353460,12,-0.023996978224382636,0.027386485105057402,-0.07897005852426044,0.02897082638095354,False
353470,29,-0.01950233655018332,0.025766008875553057,-0.07076714009455652,0.031169244288473483,False
353475,3,-0.012450639078871445,0.028996947532386064,-0.06977528184210581,0.045535490675391095,False
353480,3,-0.022528220639078153,0.028934803488686035,-0.07844706748277792,0.03347993699438888,False
353490,4,-0.021947681827405096,0.028858090128457307,-0.07876391288272407,0.03383070766733421,False
353500,5,-0.024439569215929137,0.02832300182402486,-0.08009342827405783,0.029958050099121645,False
353510,8,-0.014842542588695112,0.02831365856047516,-0.06933905896760756,0.04124685313058352,False
353520,5,-0.0269226130082077,0.028679237922189595,-0.08510918983292425,0.029232416608902266,False
353530,12,-0.015779737018053144,0.02733976757950371,-0.06961707350680316,0.03777384469003845,False
353540,7,-0.014184763875763604,0.0281825860437697,-0.06855475492384012,0.04183111005524563,False
353550,21,-0.011303842209306306,0.026984407833313778,-0.06311148901575306,0.04182884980080759,False
353560,5,-0.02014365471452319,0.028161510886960006,-0.07461363906697299,0.035993110426342435,False
353570,1,-0.018894360713728006,0.028931496774230243,-0.07489164273349509,0.03761690546159876,False
353580,11,-0.016698115217528564,0.02819258268621957,-0.07172402024912027,0.03818016175483365,False
353590,0,-0.022542977289788428,0.02814819985221264,-0.07618511780267974,0.03243267304054728,False
353600,4,-0.016881910960297532,0.029314498719331835,-0.07489852170280992,0.03956141926791223,False
353610,4,-0.03085108986238114,0.028257042271880573,-0.08742551032241674,0.023515714594354867,False
353620,11,-0.03666068355336966,0.02767694933116081,-0.0903921341333669,0.018084195340385203,False
353625,1,-0.02231978127615534,0.02949336855088857,-0.07995520786223989,0.03675233484830826,False
353630,11,-0.02441606302983781,0.0280533558230368,-0.07913060297829627,0.030250224192541905,False
353640,4,-0.016765904362995097,0.028648599263842642,-0.07271769215805451,0.04002999518809746,False
353650,37,-0.011968224824031353,0.0253671493239939,-0.06065464912249676,0.03860204756509709,False
353657,0,-0.022368271396260853,0.029035547867179715,-0.07927511901733393,0.0357971913214012,False
353660,3,-0.021543243023425352,0.029271714241569394,-0.07842756488471944,0.03597077779722125,False
353670,16,-0.02012797445430649,0.027027281140247435,-0.07261207590415204,0.033814014148815734,False
353680,1,-0.025166766528747858,0.02899639284684907,-0.0814365874058302,0.03156277832532896,False
353690,1,-0.020538253284522967,0.029360119357995554,-0.07850270021860979,0.0371699582249552,False
353700,8,-0.02297767397072326,0.028151882920037424,-0.07812043267573517,0.032915736721576286,False
353710,13,-0.026603456807072687,0.027469762891915835,-0.08126958355824254,0.026983810510173532,False
353715,1,-0.019312889009982834,0.02841036376696888,-0.07475070700498275,0.037429448393984655,False
353720,5,-0.027936928405117096,0.0282356682170997,-0.08324930232392608,0.027279584443554335,False
353730,48,0.015211803038002809,0.025555579763371007,-0.03426710046333476,0.06579533524322757,False
353740,12,-0.024631132062490464,0.028007966401141438,-0.08247991000850205,0.029846409060178786,False
353750,4,-0.020238526132999726,0.028905163162644083,-0.07753467092438117,0.03558182532186204,False
353760,37,-0.03892394901757123,0.02610568164434208,-0.08973816596470037,0.01099725292087439,False
353770,7,-0.0331786641573349,0.028203241064003157,-0.08937206239321682,0.02302180674556596,False
353780,40,-0.03408244248345951,0.02622651876131749,-0.08664811954158458,0.016632533866485468,False
353790,19,-0.029612318228432046,0.0266860487497153,-0.08255824686939373,0.023054575404416813,False
353800,91,-0.01982770837212493,0.022792851734061825,-0.06536319708891895,0.026194246285756142,False
353810,9,-0.029216558858720664,0.028776912890036668,-0.08419420252874406,0.027395122604657835,False
353820,5,-0.01837832006626751,0.028002984068241123,-0.07318835606649887,0.03678015270590768,False
353830,1,-0.026067877014735123,0.02935008418185186,-0.08410191610771911,0.03152286162779871,False
353850,1,-0.023742171373153695,0.028930936657831422,-0.08111472366757876,0.03442056305699488,False
353860,11,-0.0319700060363642,0.028191196801923214,-0.08831064369778106,0.02202747193288788,False
353870,68,-0.013782214173115044,0.024144538989344967,-0.061626088255313995,0.033158258548880076,False
353880,4,-0.012220027924587084,0.02837641468154692,-0.06733798799416323,0.04367373665317473,False
353890,19,-0.03399360876098452,0.02730853039824854,-0.08701952968133998,0.020085238996470266,False
353900,3,-0.02149463140664221,0.02903842578804265,-0.07751595306152294,0.03510613189818482,False
353910,14,-0.013124922411561168,0.028109080130140664,-0.06851653461813041,0.041588581961521855,False
353920,12,-0.014343140394780098,0.028195093106125998,-0.06880918523767364,0.041515397181078925,False
353930,25,-0.009557305636082966,0.026366949087433988,-0.06132419957284212,0.04258776716411949,False
353940,5,-0.027472392065057326,0.028598575609548774,-0.08345938534905613,0.028373034554967907,False
353950,20,-0.017403464000571914,0.026679578544726124,-0.07069666206856617,0.034419958053464345,False
353960,1,-0.024011223243537168,0.028764903290978035,-0.07979736677169691,0.034052765136083935,False
353970,2,-0.021622782981428702,0.028257647055838553,-0.07741638299774166,0.03308030376094964,False
353980,74,-0.011578614997632063,0.024067384839836094,-0.05874375716914144,0.03510326453850271,False
353990,1,-0.025576556472832072,0.029507526184551967,-0.08313381878268673,0.03192618003793392,False
354000,11,-0.02241640843483532,0.028833047062809734,-0.08004615756613535,0.033358162105877526,False
354010,3,-0.030906462958655633,0.028671069505583686,-0.08680197368993049,0.02491435456879978,False
354020,15,-0.01636893308355858,0.026712796050667207,-0.07034993080972593,0.035990091236687734,False
354025,2,-0.022316141048442314,0.029773981743925676,-0.08044738648419655,0.03597817165295981,False
354030,0,-0.02202622170368496,0.029166275189946116,-0.07750078498135388,0.03582327124492733,False
354040,3,-0.02350717598235142,0.029512737318433086,-0.08082130010663989,0.0343657625095412,False
354050,1,-0.0229467483171366,0.029182533644854736,-0.07994023129409389,0.03514200805116307,False
354060,28,-0.03024939646273138,0.02713483034234858,-0.0826919264446319,0.022677401056550566,False
354070,11,-0.021689530532293836,0.027112707669183948,-0.07431949583628157,0.03138241179765793,False
354075,9,-0.024978401689222406,0.027060739648056633,-0.07803444334324454,0.02825646463726148,False
354080,9,-0.035580987968040094,0.028505684986655566,-0.09067714639216962,0.019957488727595153,False
354085,0,-0.022893046519505085,0.02930861464938068,-0.08044875976211989,0.03683737242318327,False
354090,11,-0.007529358692568697,0.028470684745070987,-0.06137855960975866,0.049749760414526376,False
354100,150,-0.06400779354665433,0.021378434327714864,-0.10568985443188743,-0.02166079451050843,True
354105,2,-0.018106573678143834,0.028656882869514236,-0.0744916054852232,0.03872332822614424,False
354110,2,-0.019045187334068053,0.028846732082819397,-0.07560336970169079,0.03892775360002466,False
354120,8,-0.02205696953731951,0.028898835431612216,-0.07993464331455777,0.03618407793416347,False
354130,22,-0.021303895665082413,0.026724230939872827,-0.0741087975810588,0.030754595054361466,False
354140,96,-0.017155307614382595,0.022788237183615903,-0.061157164172872404,0.026939239659655084,False
354150,11,-0.034150621675997105,0.02808308363203291,-0.08957964182568948,0.019844066854547905,False
354160,14,-0.02585835895889061,0.027157964144313304,-0.07840032946292823,0.027646214522213025,False
354165,0,-0.02193894983401077,0.028964990803334804,-0.07817878967204796,0.0351760625950067,False
354170,11,-0.022351052490433083,0.027569617163008847,-0.07442274974047482,0.03168492707196993,False
354180,2,-0.025032396200170115,0.02936109987905549,-0.08365569457082174,0.03196517700393289,False
354190,9,-0.033170939310161296,0.02886784834818859,-0.0895476323316642,0.022875905858663694,False
354200,5,-0.0325191491449739,0.029404050141723995,-0.09071909991587239,0.02402591139209321,False
354210,2,-0.0293450717555988,0.02827942040685497,-0.08529235653572269,0.026545812943051604,False
354220,20,-0.02224946040420709,0.02741837679297428,-0.07510356028436935,0.03262060111657034,False
354230,1,-0.021966436049753974,0.02867477822392948,-0.07785835769436984,0.03393334282618974,False
354240,8,-0.030522609809612918,0.02883049340723528,-0.08785029525008997,0.026006004556313793,False
354250,1,-0.02222360200647493,0.029496524932006253,-0.07901242780187363,0.035770502798492546,False
354260,29,-0.022116184960342924,0.02679754231153792,-0.07469707920085994,0.030993389380946763,False
354270,6,-0.015899587806937957,0.02857966460521708,-0.0712099280122534,0.0402091692734351,False
354280,4,-0.029716368833970677,0.028542705560824996,-0.08679135948027523,0.026302515858846725,False
354290,4,-0.0192809659759401,0.028766112538500588,-0.07537022760543736,0.03829069051433306,False
354300,12,-0.03217683554358676,0.027777697467999123,-0.08786030926394658,0.020837712914018574,False
354310,3,-0.025552644148873194,0.02878773353656795,-0.08208060320124193,0.03190213919299416,False
354320,1,-0.0255274812749576,0.02884743205028973,-0.08166450024536065,0.029551248835415548,False
354323,0,-0.02247072034224364,0.029468042785280507,-0.0799117250762951,0.035119170716227215,False
354325,3,-0.017797316419585565,0.028008509890998432,-0.07254613746739434,0.03800411668603817,False
354330,46,-0.017950231523117016,0.02513341309300588,-0.06701240224319252,0.031151134948402465,False
354340,158,-0.015083775709490425,0.021092980386984494,-0.056652761792589094,0.026005703424153686,False
354350,6,-0.020329345512864368,0.02848635512381567,-0.07610446206052657,0.03516810048845923,False
354360,2,-0.027526679145601092,0.028729699612607712,-0.08407027730998039,0.028828678497620865,False
354370,5,-0.02159645562708447,0.028844665755700865,-0.07800962144463763,0.03513061288234776,False
354380,7,-0.02995475301912931,0.02849216647807694,-0.08607823865789026,0.025543916676833294,False
354390,100,-0.021298715119065982,0.021848691343376025,-0.06382146450689223,0.021526519774012397,False
354400,7,-0.028705028424568374,0.027932399738834893,-0.0828387879145961,0.025406076749706706,False
354410,24,-0.03141163740107253,0.0264467591300656,-0.08278402288635671,0.020858262902992922,False
354420,4,-0.017834138909072324,0.028236553147307532,-0.07357771240633458,0.038608740012504264,False
354425,4,-0.016522049473538563,0.028455748250328018,-0.07371887138686359,0.03838493698008032,False
354430,4,-0.014796153107802208,0.02829075845813256,-0.06974697144935657,0.04002475718000371,False
354440,1,-0.02331511888322642,0.028669014444057703,-0.07936243265535971,0.03318566297509488,False
354450,1,-0.026721954575824255,0.029290487282386028,-0.08553801011171927,0.030012920687625032,False
354460,3,-0.016202630478236054,0.029063131783314433,-0.07468471534878879,0.04105365651888995,False
354470,0,-0.022106412872762587,0.029617398347380933,-0.07945048809678784,0.03552233185956625,False
354480,0,-0.021356924137081148,0.029419889768814,-0.07918728685980254,0.03765802235082447,False
354490,2,-0.027974740964997684,0.02832436303593949,-0.08349815555444941,0.027941780721858597,False
354500,8,-0.0358276308577836,0.028503154320013924,-0.09066301811195839,0.020346329123140938,False
354510,3,-0.024638036630852615,0.029583550217043522,-0.08379720467164736,0.03369344669092922,False
354515,0,-0.021632066073225778,0.028743190690677798,-0.07875075238836358,0.03570682713427396,False
354520,60,-0.017701069530359853,0.02444704828765334,-0.06595573157123183,0.03032883393530924,False
354530,31,-0.04080787508831165,0.02590687936255683,-0.09236223597347003,0.009692272506313063,False
354540,3,-0.024182025556459007,0.028599821363236515,-0.07913124351824087,0.03189655396182306,False
354550,0,-0.021776939278191163,0.029360773013533892,-0.07993872647808417,0.034499918354472005,False
354560,5,-0.019330745163623583,0.028616515852317614,-0.07506218627958036,0.03620838474097036,False
354570,6,-0.01798741304591099,0.02898639729605052,-0.07518993875841724,0.038328278385780463,False
354580,88,-0.009292357714843595,0.023185842764055904,-0.05509035184455826,0.03631828888712229,False
354600,5,-0.020681036386398597,0.02839349838775739,-0.07574321551823489,0.03476536564626858,False
354610,0,-0.02233211778139118,0.029735652664163975,-0.07994389067075083,0.03561249838230506,False
354620,1,-0.025880365835490464,0.02853006347982887,-0.08140953585484034,0.03053981405542656,False
354625,0,-0.022171081661313725,0.02897076542058102,-0.07699598299346051,0.033774685115260016,False
354630,14,-0.005319859733302484,0.027049580603926777,-0.05909603669240852,0.04819966174780237,False
354640,25,-0.0046259143851292385,0.026189197866045247,-0.05622584230115615,0.04708179247334243,False
354650,2,-0.018364495388285725,0.028725944909932206,-0.07471278177018258,0.038355379304198724,False
354660,12,-0.016708580783753906,0.027520491978427323,-0.06973727137371177,0.036743140704527964,False
354670,10,-0.018336675008822995,0.028755206610693217,-0.07495600273982402,0.03730496374589859,False
354680,27,-0.04030292661050432,0.026408446094161844,-0.09290214676057566,0.009793041339643854,False
354690,5,-0.03144801518157664,0.028516085724900168,-0.0871428006935253,0.02458806861736748,False
354700,1,-0.02014480430760133,0.028936886729308057,-0.07634387953899868,0.035473556155425856,False
354710,0,-0.022186229108648984,0.02954643850630285,-0.07971996839948992,0.036125262920421924,False
354720,0,-0.021584088950832882,0.030190761965677087,-0.08062306844630206,0.03721914200438137,False
354730,64,-0.010848881913554684,0.024828661968653597,-0.06023475902544981,0.037423250193678356,False
354740,1,-0.025024512383843334,0.028944238222956192,-0.08066045884513551,0.031149665755457582,False
354750,13,-0.027092384074836735,0.028373734691146926,-0.08207452742461102,0.02910343120795735,False
354760,10,-0.011579467001898719,0.028612940576440562,-0.06642233099227653,0.04463284312881467,False
354765,1,-0.02238571703088108,0.02877986824536287,-0.07755315621643383,0.0338513138547636,False
354770,6,-0.01731811121678097,0.028723492883230967,-0.07322521822183974,0.040660295674204636,False
354780,165,-0.01770203274535827,0.020724757890919453,-0.05863144241765742,0.02296359034414897,False
354790,1,-0.025885570396560184,0.02915031321335428,-0.08285895356596527,0.031006927795469562,False
354800,12,-0.019891691645416487,0.027914470054113915,-0.07490836180035221,0.034671699422059235,False
354805,8,-0.015280643792183525,0.027990686647576667,-0.07035838235885532,0.0398024807962732,False
354810,3,-0.02455481233245419,0.02864861798368368,-0.08063737082763008,0.031879842804898154,False
354820,3,-0.023551196793726442,0.02882407150996151,-0.07993405547088558,0.03135097191900641,False
354830,2,-0.01669626203209631,0.029023278290308988,-0.07344114982184577,0.03980104701415535,False
354840,4,-0.030491367431204754,0.029736179972088692,-0.0877035484588217,0.02851455740266056,False
354850,118,-0.053944471132139495,0.021805795339259467,-0.0963442437776554,-0.01135871297939686,True
354860,1,-0.017335725978352555,0.029069519542744907,-0.07484667100779126,0.04014906749720294,False
354870,147,-0.003242840531756027,0.021555059841877618,-0.045049120834103486,0.03891361757988818,False
354880,43,-0.040654299525188155,0.025209392385968008,-0.08952193245846896,0.008527161897233676,False
354890,77,-0.017808653204191123,0.02362455090956064,-0.06529176185794779,0.02804894781656292,False
354900,0,-0.022203289326616093,0.02845517394422967,-0.07876463704604587,0.033817628408464855,False
354910,43,-0.029852463892281092,0.02579964592420325,-0.08053128846408703,0.02108911474488867,False
354920,1,-0.01950744722494477,0.028642752733411988,-0.07575520543912594,0.03724660792451666,False
354925,0,-0.022888693104676075,0.02967645313426994,-0.08123232022884655,0.03497608580846832,False
354930,3,-0.02515224663780869,0.029524511080544033,-0.08324667157957502,0.0322909430755356,False
354940,24,-0.014353758961831628,0.027033053420472155,-0.06684351321020168,0.03809791656932775,False
354950,7,-0.03228289406801144,0.02864682585146289,-0.08943098467345093,0.024828618972164082,False
354960,7,-0.016974600977195078,0.02873003545666366,-0.07284785533461784,0.04024650945164835,False
354970,39,-0.014098216499627836,0.026411125867979855,-0.06538868728703524,0.036811260536333136,False
354980,110,-0.0596486899136031,0.0227688221928256,-0.1032403215948588,-0.015797067951565488,True
354990,350,-0.038694326549474016,0.018308087406077547,-0.07425213156420463,-0.0023683125974175837,True
354995,7,-0.020866073179226334,0.028847417896169392,-0.07662923741126734,0.03502515473098226,False
355000,7,-0.0051501314740940544,0.028768830452091013,-0.06253865900230914,0.05175433614793811,False
355010,13,-0.01771223402375517,0.02733728699074233,-0.07052870689363411,0.034641723818815806,False
355020,17,-0.033129213423906484,0.027482152013360038,-0.08711371303517622,0.021705632744830384,False
355030,5191,0.0067977650633842665,0.01516557589074419,-0.022504438618964707,0.03621565916714298,False
355040,5,-0.031389677663181785,0.027607103380820498,-0.08564034043335862,0.022873020466361332,False
355050,4,-0.024854105479070247,0.02802283843675481,-0.07869942593214695,0.03089102513318448,False
355060,36,-0.026322361493435902,0.02578840411608044,-0.07768252666268942,0.024820599595941396,False
355070,54,-0.010355984338455464,0.024540045859685257,-0.05791682230392244,0.037878808401644176,False
355080,6,-0.010880006539742153,0.02933091602962275,-0.06803090210891494,0.047988986917301996,False
355090,4,-0.01777080554745721,0.028516418227614193,-0.07340662456061896,0.037424423536671185,False
355100,179,-0.07943439576347493,0.020585193617126664,-0.12020130164228127,-0.03926137239278671,True
355110,5,-0.025336046562590336,0.029092432292357463,-0.08178760524372328,0.03211580465478474,False
355120,1,-0.01978319711472269,0.028805067758156673,-0.07563852050975281,0.036475994886943225,False
355130,0,-0.022298389725531498,0.029141342201574657,-0.08092481386450365,0.037166808802799677,False
355140,3,-0.019304836645327682,0.029160304729332745,-0.07646114621744916,0.03840140656172864,False
355150,20,-0.02497559233328937,0.02622134176049626,-0.07600271243167664,0.026531053160191925,False
355160,7,-0.02177818508291861,0.02752281849402971,-0.07530751581731658,0.0333439623809115,False
355170,63,-0.02300503749303045,0.024609786834351097,-0.07195018808529305,0.025143673602333185,False
355180,10,-0.0141117988176947,0.028772525899877503,-0.07034531322254207,0.042716045105363844,False
355190,10,-0.006249775206952179,0.027625939199256152,-0.06067107610051362,0.047554287605082804,False
355200,5,-0.02799697241306286,0.029153645742710507,-0.08465600678220263,0.02799101877416081,False
355210,20,-0.04548617805968253,0.027720030631559086,-0.10151130116518853,0.008734520494232319,False
355220,303,-0.009198603464116944,0.019846006907372843,-0.04772935793752478,0.03039170521060696,False
355230,6,-0.014482832560979576,0.028429128704842578,-0.07130318859324038,0.041954972855390224,False
355240,113,-0.0014864525493794218,0.022389413896772344,-0.04463968864474514,0.04213987235934185,False
355250,136,-0.03336027535762196,0.021419304231799864,-0.07538273485276788,0.007851181012380803,False
355255,1,-0.01957696579689925,0.02853645806582176,-0.07603747596251997,0.03590886783929712,False
355260,6,-0.014348640907544761,0.028880816730156827,-0.07181636535601031,0.04345360450378679,False
355270,14,-0.02327172048829157,0.02783543723416741,-0.08038614802155822,0.031054950841544665,False
355280,113,0.0022173305947109268,0.022010694383800766,-0.040966815343795177,0.04483448882239276,False
355290,4,-0.014303857714842742,0.029582820902079084,-0.07177055788310152,0.04308582851198311,False
355300,5,-0.026977665321411243,0.0287912235866757,-0.08312971638212205,0.028714317541770694,False
355310,1,-0.023764372450397014,0.028950102713557968,-0.08197316559978515,0.03344053202771237,False
355320,0,-0.021836024307850883,0.028431512199965356,-0.07829907174126988,0.03291837459771296,False
355330,7,-0.022323825155092996,0.028244277337301206,-0.07728097963547248,0.032729187747575716,False
355340,6,-0.02100779233118591,0.0284217694395928,-0.0772705031140555,0.035730483998397636,False
355350,3,-0.02360553338041483,0.02857058711036354,-0.08179461529483537,0.03068899925393896,False
355360,5,-0.019164188840223615,0.027886108490512464,-0.07391882890556613,0.035960244431455915,False
355365,2,-0.01824073144696945,0.028569395669264943,-0.07505301273920353,0.0378616001772437,False
355370,47,-0.02486333848151288,0.02589888417871981,-0.07467289458895794,0.025940159334203235,False
355380,14,-0.032945548741021,0.027835206933316974,-0.08640410486437246,0.020755574249255608,False
355385,7,-0.02583317940043925,0.029187701761386107,-0.08351462002356524,0.032243244182014574,False
355390,4,-0.023307721229972378,0.029539946119548254,-0.08073548112126765,0.03341349860002496,False
355395,6,-0.012834935757430619,0.028052066258203296,-0.06809158217237535,0.041927473846890814,False
355400,84,-0.03741746963606774,0.023067644630068735,-0.0830703026877645,0.007267191755249592,False
355410,187,-0.028715570418112367,0.02053150558581162,-0.06875733313507414,0.01085389712962299,False
355420,0,-0.02158873972044599,0.028543144744470672,-0.07728202604140211,0.03480679009241785,False
355430,14,-0.030717628479695,0.02737764670941765,-0.08504249996093195,0.022599956451485312,False
355440,6,-0.018553783657646483,0.028257757393337427,-0.07361798279257034,0.037933197461345575,False
355450,19,-0.026305937778381156,0.02706221241294221,-0.07956670485506386,0.02703208303473832,False
355460,2,-0.0285251720851641,0.029375915795511912,-0.08650293410337928,0.028858718366058835,False
355465,0,-0.02223469892054234,0.028982504396051705,-0.07847515385002302,0.03402392556303329,False
355470,3,-0.023851648272818698,0.028675661064500337,-0.08030379109796335,0.0321350922426257,False
355475,1,-0.02642978631198298,0.02817500899244339,-0.08248369124593279,0.028598982323916628,False
355480,20,-0.014335520624432682,0.027545553763071707,-0.06791044521635058,0.040280075048900285,False
355490,3,-0.018048199262510268,0.029276618465877483,-0.0755980480825063,0.04050220341491722,False
355495,5,-0.036563064361500676,0.02963516218093674,-0.09496255348269515,0.021622071241317608,False
355500,21,-0.04002720255159687,0.027576354706567652,-0.09326719373036467,0.013725660109541595,False
355510,2,-0.024316393346358458,0.028775190079359508,-0.08161317846015245,0.03145215975947307,False
355520,1,-0.01898640020952586,0.028961454760403026,-0.0752926291314837,0.037513069691562734,False
355530,0,-0.022345026970042127,0.028978063373812164,-0.07878971702124964,0.03486315664180066,False
355535,4,-0.020489255043450696,0.029099528407653005,-0.07658012155958788,0.034738826623832215,False
355540,53,-0.015910593546688244,0.024952910005100325,-0.06359602079459496,0.033136540329212,False
355550,2,-0.01489507328478848,0.02858914605820196,-0.06994562563912572,0.04113954619018364,False
355560,4,-0.017938117474183928,0.028832212104732243,-0.07534864148023383,0.03951731626435829,False
355570,1,-0.025342799776958164,0.028921153534138395,-0.08189840879947025,0.03143754354348161,False
355580,2,-0.02399241184916258,0.028474577171332307,-0.08171782611797761,0.031667112999853704,False
355590,0,-0.02219878019554154,0.029125111201430704,-0.07928879124711326,0.03477254001347681,False
355600,5,-0.022627945486386573,0.028357853937606543,-0.07859443004265315,0.03344787200346475,False
355610,5,-0.019069098384293284,0.027631118531497988,-0.07282887310839867,0.03522906796810932,False
355620,43,-0.032675776524797785,0.025232998854603134,-0.08165307126826064,0.01681946601996813,False
355630,17,0.0008737017903028157,0.027362031019584468,-0.05369619546174237,0.0558666222078236,False
355635,7,-0.02496430498431903,0.028007762589184495,-0.08024933962132096,0.031195790555139116,False
355640,24,-0.020900051015975203,0.027709153152706653,-0.07476414050413596,0.03314395025306581,False
355645,18,-0.024262249274585035,0.026801904796603188,-0.07827523009708703,0.027295243841995047,False
355650,71,-0.027580348396343487,0.024443831964103473,-0.07674146735402927,0.02049941564523328,False
355660,6,-0.027957556818677395,0.028888228961173896,-0.08523645183935581,0.027456336122250884,False
355670,24,-0.0519301548162318,0.02672576369533462,-0.10487682058836441,-0.000939629310216215,True
355680,7,-0.028383401276103067,0.02813861502596125,-0.08386592307634984,0.026325545928613487,False
355690,2,-0.02969461372301968,0.0290284914517502,-0.08745782292597161,0.02774865803936807,False
355695,0,-0.022780759349095177,0.028776130543889382,-0.07946723832070722,0.03329602416082848,False
355700,77,-0.042313674160883226,0.02311404546200574,-0.08710393440825043,0.0023218230414198742,False
355710,36,-0.02993058987130854,0.02575736795691275,-0.07986736229941487,0.021118024738150495,False
355715,1,-0.017568116746939262,0.02864068437629229,-0.07279804039786957,0.03948141569480638,False
355720,7,-0.009604834377848474,0.028144050309288605,-0.0638695326836323,0.045733015082156415,False
355730,2,-0.023985644812381638,0.029132120562214144,-0.08096147081738762,0.03401268213339282,False
410010,2,-0.021433041791203918,0.029677614923338144,-0.08033090462603487,0.03817667389023954,False
410020,4,-0.029533530059092025,0.028835908854598816,-0.08654038228290056,0.029037136807843315,False
410030,6,-0.028559472627561103,0.027809117144727922,-0.08280848505593676,0.026713720852292858,False
410040,50,-0.0029430487110652685,0.02523378268373344,-0.05270236407420923,0.046312852326674696,False
410045,2,-0.022992967957362307,0.028853612840791538,-0.0805562212623257,0.032915510613102154,False
410050,6,-0.026843971776854426,0.028453916935325514,-0.08299416286754045,0.027700735063552348,False
410060,6,-0.023240150721377063,0.028049336774056192,-0.07983861451612517,0.03347843472062165,False
410070,3,-0.025786137572265923,0.029049705758796493,-0.08464038773759879,0.03181176668058306,False
410080,0,-0.021231218142928693,0.028570634419962257,-0.07732965576781553,0.034378383434275545,False
410090,2,-0.029330787147307687,0.028891873559946008,-0.08661565057375327,0.026453803688435185,False
410100,6,-0.03235310919954733,0.028471376184839678,-0.08968338126954489,0.023072342666882985,False
410105,1,-0.01954980429526093,0.02892669709275481,-0.07539175300349772,0.037435019898725025,False
410110,6,-0.019430947188477453,0.02815282319939939,-0.07291740813296729,0.03398457902159377,False
410115,1,-0.02193581351374804,0.0296760916680908,-0.08034561883968812,0.03514005559279911,False
410120,7,-0.02923786520931302,0.02809648000296371,-0.08441700433256516,0.02602394085141157,False
410130,3,-0.02436573571587189,0.02866271177583278,-0.07912363575291231,0.031307525099705844,False
410140,49,-0.03720928376091742,0.025554411861559483,-0.08757760188316929,0.011803389420699625,False
410150,34,-0.024430802620381626,0.025420029272018967,-0.07431687734612095,0.024266343336403415,False
410160,14,-0.0132963608158766,0.027591656089176134,-0.06549478504731544,0.04101981223606007,False
410165,2,-0.02241822506101308,0.028396767640263814,-0.07904090903599265,0.033340516920795156,False
410170,14,-0.023506758351834123,0.027839644067787,-0.07863768469060975,0.030332377761560527,False
410180,38,-0.023240985450565358,0.0249208346058617,-0.07202982459051059,0.026145493784338343,False
410185,0,-0.021950695739886006,0.02964833388593868,-0.07955428879038191,0.035898042883698605,False
410190,5,-0.03189823456718067,0.028655677970005438,-0.08787693985267828,0.024139599128686302,False
410200,17,-0.009438853280596871,0.027620077872061846,-0.06353685871486056,0.04487545966167811,False
410210,10,-0.017468457957018544,0.02785237049337878,-0.07133044998382455,0.0376996113906265,False
410220,1,-0.019940742125565788,0.02892232395252093,-0.07597049047286025,0.03603399372553101,False
410230,3,-0.01646281849676605,0.028841343347608277,-0.07438609087099894,0.039885508313552025,False
410240,7,-0.004979184197534324,0.028179655554424334,-0.05998501587530783,0.04921919001492352,False
410250,7,-0.023610858405748347,0.028594067591653897,-0.0814903813718495,0.03166653078420746,False
410260,2,-0.02577421310473801,0.02867015698896323,-0.0822459528129723,0.030510674805423167,False
410270,0,-0.022163557996956094,0.029843384947444387,-0.08114123299300352,0.036644556840259114,False
410275,1,-0.018338586455806584,0.028432029400070998,-0.07390981289820378,0.03675836191853477,False
410280,2,-0.0210642353292164,0.028476122540704824,-0.07636282865766454,0.03335827227320125,False
410290,8,-0.018310616047139572,0.028461057539694797,-0.07641724067585218,0.03814138470333373,False
410300,2,-0.027470027167555956,0.028694357960597397,-0.08392857668218745,0.02876160805678437,False
410302,0,-0.02183384634324173,0.029658306095986957,-0.07934720068603592,0.03714981856146393,False
410304,5,-0.024789522888315447,0.029127393309354377,-0.08186636442129291,0.03165008714098921,False
410305,1,-0.025320328449567234,0.028913771342544654,-0.08139060586872089,0.03041141542085962,False
410310,15,-0.04695654186924918,0.028300467823302044,-0.1030425536032505,0.0066722227747341495,False
410315,4,-0.028183467171250868,0.02848958545441219,-0.08426918982725809,0.02740176474015674,False
410320,0,-0.021042474962446676,0.029341487444273038,-0.07927629328466108,0.036603793635328716,False
410322,1,-0.01972284905036643,0.028575092165786575,-0.07587108068644985,0.036442982624357675,False
410330,3,-0.02701637645167065,0.02899725434490976,-0.08573924824296524,0.029765206023408146,False
410335,2,-0.017729839783684174,0.0293721069483773,-0.07550117752286539,0.03784177254249532,False
410337,2,-0.02569728937893824,0.02903383339910451,-0.08230771393069433,0.030488328270051948,False
410340,0,-0.022177401188258415,0.028929813664593493,-0.07832890629701504,0.03375096094524571,False
410345,2,-0.022320053855810266,0.02851879236946893,-0.07769481277887245,0.03387174557740228,False
410347,1,-0.024483122554967054,0.02842642825082112,-0.08027602145343626,0.029835220932174496,False
410350,1,-0.02347494102928741,0.0283281011390139,-0.0787074268706445,0.03141127860117351,False
410360,4,-0.022979629751961484,0.027430233748809325,-0.07664950727571469,0.03214419792271501,False
410370,24,-0.012967017975491229,0.02660034597471506,-0.06569425044683713,0.04007119871136206,False
410380,4,-0.024630148704772495,0.028343303481672626,-0.0800046265804289,0.03006468169820846,False
410390,7,-0.024986371753101665,0.02888493084793452,-0.08228660937626632,0.032941578553922865,False
410395,1,-0.020238489992474757,0.029063725992819794,-0.07580109581586265,0.03693331179397549,False
410400,41,-0.009691139180580703,0.025857515800187476,-0.060070816713317106,0.04103337074113439,False
410405,0,-0.02130053375265904,0.029500514999880243,-0.0797988697709511,0.03571710705436189,False
410410,7,-0.03391500392709364,0.028972378868807633,-0.09013746235145281,0.021638875411589126,False
410420,59,-0.039269062683896676,0.02435460229380006,-0.0861720877359213,0.007122144499856982,False
410425,12,-0.002444777156670789,0.028102662985297244,-0.056921247731457694,0.052479865380906494,False
410430,51,0.00029837605845732464,0.025660462454272892,-0.04973008347673241,0.051893451205152305,False
410440,10,-0.019898871244271754,0.028916887215175113,-0.07640129771174885,0.03665294437369581,False
410442,7,-0.023175717061295405,0.028461149043939905,-0.07851082196125651,0.033048994762099396,False
410445,11,-0.028262410203946,0.02822287421330489,-0.08330540905054487,0.025769280920082027,False
410450,4,-0.026080469998773382,0.028262031284413035,-0.08214619626950653,0.03136080114836609,False
410460,1,-0.019567391603772497,0.028124862430574066,-0.07539569786443934,0.03539682067622152,False
410465,6,-0.01904416011971111,0.028031186053063095,-0.07410800278665743,0.03442927589921865,False
410470,9,-0.023863768525003375,0.028704711036226942,-0.08116459705169635,0.03301592833074677,False
410480,36,-0.012812403213678748,0.025273987903125874,-0.06257176718383813,0.037492421418058836,False
410490,27,-0.03747142612231995,0.02654524857727311,-0.0886684177923529,0.015022364813821484,False
410500,0,-0.02169879306050779,0.029069725432242805,-0.07922661378538694,0.03551610794942909,False
410510,5,-0.020412505995338028,0.028494598424575697,-0.07556413126129051,0.03543824395436739,False
410520,6,-0.027431616583342255,0.028168387526776025,-0.08200028930832538,0.027418816289921544,False
410530,1,-0.022084752217630836,0.02898235440176942,-0.07962612765795418,0.03634862318869643,False
410540,15,-0.035060472270925284,0.027941207553831577,-0.09095791901484265,0.019307236314587136,False
410550,17,-0.02512001380153029,0.026923180273047614,-0.07801418324042737,0.02749443083596864,False
410560,1,-0.018140923277623074,0.029543345455299377,-0.07696056026899545,0.03992679297113479,False
410570,13,-0.04095253545677133,0.027431123707726386,-0.09494612669385166,0.011960866336094412,False
410580,99,-0.03114305749417097,0.022984357546338312,-0.07638780307088872,0.012783527836810697,False
410590,4,-0.01662875964527637,0.027971681439016335,-0.07112938565913032,0.03750230128816733,False
410600,2,-0.02332854286693373,0.029616963862449164,-0.08027509666494778,0.034818517773893776,False
410610,0,-0.021519599765714645,0.029367278776605107,-0.08023441623266327,0.03693945129157376,False
410620,16,-0.008737529688842484,0.02852535874959219,-0.06372128340696215,0.047798444685695565,False
410630,2,-0.022959392036001846,0.028085397402651084,-0.07832691423132075,0.031887612334741154,False
410640,17,-0.009367812149165017,0.027108448069177848,-0.06333885116414624,0.04270938397019387,False
410645,3,-0.017420011154605678,0.028273763418192314,-0.07220927074543389,0.039053357039064006,False
410650,15,-0.03201108632627407,0.027655768966164937,-0.08538940425383079,0.022530566578837202,False
410655,2,-0.022164842475846786,0.029520021092871513,-0.08235221800490888,0.03675999705875448,False
410657,1,-0.025855945788385137,0.029015882557692538,-0.08267505329915972,0.03291326787137922,False
410660,9,-0.017118159372898564,0.028466196975096364,-0.0719421574194871,0.039768974265850764,False
410670,3,-0.021652555772239988,0.028974212402155062,-0.07866876719963319,0.03491399108330941,False
410680,10,-0.024991659782816006,0.02816632711529097,-0.0795144317622352,0.03120913163017219,False
410685,0,-0.022244731435959737,0.029099659111958744,-0.08019348513592461,0.034431640005285084,False
410690,147,-0.042118278541961506,0.02163883995357975,-0.08431496686679364,0.0004002357393284826,False
410700,9,-0.01784310125597695,0.028466356628982566,-0.0748283743822358,0.03883959965769406,False
410710,1,-0.02452656425707345,0.02815272728305467,-0.08085569380606483,0.030676297440069306,False
410712,1,-0.020310532546676224,0.029721390486947594,-0.0789739270049301,0.03829895761755575,False
410715,1,-0.018429124903702004,0.0290739320822218,-0.07553549179973293,0.03916891757712123,False
410720,19,-0.03186390991112226,0.0270565041015049,-0.08485121898887955,0.022052166922939653,False
410725,3,-0.01578320910905087,0.02819452848951336,-0.06961730573547242,0.03872785296322275,False
410730,0,-0.02165426655235304,0.028347536266409967,-0.07760400449521847,0.03365686918490627,False
410740,2,-0.02467085054551602,0.029160933983373175,-0.08277262596258729,0.03192132025555875,False
410750,11,-0.01749736318797382,0.028130951474917322,-0.07302017149801143,0.03799175586145508,False
410752,0,-0.021975163946719764,0.029301110930302052,-0.08070676040913187,0.03656814450687909,False
410753,5,-0.02026096321150428,0.02883254793077263,-0.07686955618441298,0.03689615745911741,False
410754,0,-0.02213201343204482,0.028670497697974546,-0.07774209577432259,0.03342721147469102,False
410755,3,-0.018059880706430515,0.028823714113965834,-0.07370670346641582,0.038274534369378055,False
410760,4,-0.025124178314439197,0.028647627056721383,-0.08224311159987556,0.031220959713462688,False
410765,84,-0.05720557072658071,0.023484268598357925,-0.10352121077822413,-0.011481460342162271,True
410770,3,-0.020885358339639077,0.02937573984668854,-0.07812184605096675,0.03776808548017104,False
410773,3,-0.031816645141887326,0.02890820049732775,-0.08877770725985196,0.02508549491374907,False
410775,3,-0.0151675688580317,0.029228637005124306,-0.07276400363298957,0.04193160564091361,False
410780,0,-0.021922690630290852,0.02894555377803401,-0.0788096774307371,0.03465941934118887,False
410785,1,-0.020794464258063656,0.02901412409882791,-0.07812635262899702,0.03576840671400911,False
410790,3,-0.02000831715672044,0.028388977397487563,-0.07681690363830786,0.03534283812064564,False
410800,6,-0.020939098143099466,0.028861924848955108,-0.07680038173792347,0.0367020951544675,False
410810,1,-0.02040941398962298,0.0287151753773279,-0.07732444856500184,0.03572771017422656,False
410820,1,-0.02247887833273134,0.028857620223348947,-0.07851818376853698,0.03417560386892253,False
410830,116,-0.024198194944661043,0.021494101036919504,-0.0658669948751256,0.018256736049508126,False
410832,2,-0.019951109191464415,0.028991711179804546,-0.0772474730359822,0.03768930707188746,False
410840,37,-0.041182164970823255,0.025829980408686334,-0.09130240622079358,0.010110931816600362,False
410845,4,-0.019580552685242836,0.02941311910487698,-0.07740514406139848,0.03807835011022559,False
410850,9,-0.02595399555438713,0.029270345554579035,-0.08392631638674586,0.033296444769908076,False
410855,2,-0.021948741933852375,0.029288313399344817,-0.07993002494575449,0.035121110154528755,False
410860,21,-0.03504682816323725,0.026777600693182625,-0.08849598343411909,0.018656106976277644,False
410865,6,-0.04086888686676489,0.028279455184472394,-0.09725780235936886,0.014949920185336894,False
410870,4,-0.021949426291087804,0.02880074809369408,-0.07935623697348843,0.03398375991557974,False
410880,23,-0.034880623318858404,0.027601651811008755,-0.08835549324028251,0.018530683878983736,False
410890,3,-0.02686760427119261,0.0289683535867503,-0.0838855905696037,0.030672623156257562,False
410895,1,-0.02101545823339842,0.02886680961618242,-0.07802315016067551,0.0361742514908514,False
410900,2,-0.028909504218035145,0.02868458911367549,-0.08507924226510466,0.024777695099105282,False
410910,1,-0.018905815803254844,0.028877582388270394,-0.07516272770426166,0.03722973763018289,False
410920,3,-0.022803211135248944,0.02946403645594304,-0.0789934907328415,0.035553307957120715,False
410930,2,-0.02000238269366285,0.02875268624080215,-0.07631913116889957,0.03620766842618649,False
410940,66,-0.03507298717497537,0.023715891286406547,-0.0806197323465819,0.01057329146282746,False
410950,3,-0.025439764730112387,0.028114780560498213,-0.08022338977256872,0.028889274360941367,False
410960,20,-0.02152867315630958,0.02714921297234827,-0.07539294714271408,0.03102756344400715,False
410965,1,-0.01854129484424212,0.02835432335351862,-0.07516059526077848,0.03767966240085649,False
410970,5,-0.009081381489966546,0.027705019980822584,-0.06253654167416692,0.04442079271519717,False
410975,1,-0.022090501667818112,0.0285906894023448,-0.077993800166961,0.034058728219277565,False
410980,14,-0.03271951372948845,0.02748594277784176,-0.08461086758767125,0.020200205373821938,False
410990,6,-0.020231375641735036,0.02778132037599192,-0.07392516030442191,0.03481880780781386,False
411000,1,-0.025432206113967487,0.029088895996235153,-0.08284584123262685,0.031249004981898542,False
411005,0,-0.022122966652746993,0.02981947264512516,-0.08033630019389405,0.036478985519903216,False
411007,9,-0.02858834582586962,0.028225154567252525,-0.08556943688693268,0.025758674964568885,False
411010,9,-0.014811344911223935,0.027156787505420624,-0.06832474631063941,0.03996008592326027,False
411020,2,-0.020922233234464467,0.029436273400382986,-0.07823483275924031,0.03658591202643968,False
411030,0,-0.022080807185903144,0.02909053579981644,-0.07942757177180908,0.035251455146822486,False
411040,2,-0.02218121390727518,0.029025842934366955,-0.07937211368457438,0.03500909356292254,False
411050,5,-0.01836013612730386,0.027963168135843132,-0.07208492519562698,0.03750560751495916,False
411060,4,-0.018519660885040964,0.028845822769076296,-0.07639987409654865,0.03732335477705481,False
411065,0,-0.02226710461405711,0.029724259291797245,-0.08079370522492278,0.03604877052792117,False
411070,14,-0.013720365383372358,0.026689371547375454,-0.06663792478276682,0.03813418147545012,False
411080,8,-0.009007406999474865,0.028402992540703463,-0.06396025278494376,0.047521354713297694,False
411090,1,-0.016844999029828472,0.02887460603849309,-0.07340437777580883,0.04027392924827368,False
411095,3,-0.015452246924697155,0.02868041491125435,-0.06969018451609948,0.03962283606592043,False
411100,1,-0.0258870984112091,0.029391814921092437,-0.08364816048101208,0.031100387300702265,False
411110,2,-0.02328452501601659,0.02924751632517675,-0.0809401748809346,0.03457552640311537,False
411120,11,-0.02213222830417658,0.027999507267613574,-0.07594946310265363,0.03222380458948297,False
411125,15,-0.036142774340227724,0.027064623682333047,-0.0889534720101643,0.01683199282643373,False
411130,1,-0.02015725668297316,0.02941936907359905,-0.07824747115796483,0.03782314064562095,False
411140,2,-0.02729009930422875,0.027905317403851194,-0.08243589076485089,0.028691949149924522,False
411150,17,-0.027009248491266315,0.02693392970271614,-0.08095004881778452,0.02452969400612271,False
411155,1,-0.017242270968464802,0.02852758529255903,-0.07255371233939831,0.038791235436770884,False
411160,0,-0.022574751843574915,0.029529561462253693,-0.08166306063390791,0.03515056362552845,False
411170,1,-0.024791015536260962,0.029477368515515426,-0.08242556508586286,0.03249586549784868,False
411180,17,-0.03560781996936557,0.02745564524311083,-0.09022786411999631,0.01713178246295387,False
411190,6,-0.013992227960993356,0.028987624606899978,-0.07105128140313176,0.04348587354311704,False
411200,13,-0.03321090311886202,0.027544607386174348,-0.08777243296646818,0.020985657462471673,False
411210,3,-0.023515041469238353,0.028876161711437424,-0.07995159714119703,0.03313452571914865,False
411220,4,-0.025571854385456713,0.028891720518892678,-0.08339132571667156,0.02966837314065809,False
411230,3,-0.0218146845181796,0.02862691336599475,-0.07765156364540632,0.034037097721786515,False
411240,3,-0.02805059433262893,0.02954647169957621,-0.08626091089742782,0.030596325499987056,False
411250,1,-0.01908803841166817,0.02856500663587731,-0.0755437371256442,0.03669995145477485,False
411260,1,-0.019071737171377504,0.029133647565161166,-0.07627271276219445,0.036792432065027116,False
411270,7,-0.02546177818271914,0.028328033824372847,-0.08202144229719606,0.03130827768164794,False
411275,1,-0.01896475600987601,0.02814964765898472,-0.07530713315540347,0.03660675034158713,False
411280,7,-0.02523994089777016,0.028483624661743236,-0.08149686660545478,0.030408933697368606,False
411290,1,-0.020969250494407343,0.028851314566233383,-0.07778796663062672,0.03504504462087969,False
411295,2,-0.016325917635745205,0.029242954663439763,-0.07358377581378721,0.04191041071462171,False
411300,0,-0.021841252142058322,0.02906527567412117,-0.07900776035851856,0.03473216767544464,False
411310,2,-0.021237182140859838,0.02938396392982199,-0.0780947478837278,0.03735104380596297,False
411320,17,-0.025445178262262454,0.027124205563809102,-0.07961866092354355,0.028095158380006112,False
411325,3,-0.024590810476370233,0.028717781763391407,-0.08022344333152498,0.031948812692753584,False
411330,14,-0.04236745598493122,0.026615140158872227,-0.09433886602422852,0.00908769926391112,False
411340,2,-0.02445689095079925,0.02815861021235027,-0.07814322898522691,0.03129376550501129,False
411342,2,-0.026015479472311,0.02865224997396133,-0.08096361795057291,0.031225458515345732,False
411345,1,-0.019855591370615874,0.029095922308637535,-0.07681055009884363,0.035841470536227174,False
411350,7,-0.03934338509685175,0.028365432658961316,-0.09625414894492834,0.016073413546215762,False
411360,1,-0.01829866885712364,0.02921626348202223,-0.07622514447488501,0.03995240113738989,False
411370,67,-0.00513635487470476,0.024056682406044874,-0.05176765339297917,0.041356324347647765,False
411373,2,-0.014901174661569991,0.02921281655730193,-0.0717422795119402,0.043172418200171724,False
411375,1,-0.024167013175901857,0.029190257742270756,-0.08027728414538261,0.03337040314678354,False
411380,2,-0.025077531764314803,0.029058712541976717,-0.08457459154580735,0.03266168107471315,False
411390,2,-0.020287869796819746,0.02833345841903331,-0.0753278797038019,0.034428147431287894,False
411400,9,-0.03801635173994194,0.028451950801229156,-0.09380388753094532,0.016722276490071422,False
411410,3,-0.01513128563894805,0.028881954187384366,-0.07199604549422171,0.04126293658372794,False
411420,5,-0.020269631219727816,0.028692553664528872,-0.07494563246592714,0.03473214966019753,False
411430,15,-0.03708472567730604,0.027750972983487093,-0.09062876214683283,0.01641438792714771,False
411435,1,-0.022964961116345415,0.028525658704311452,-0.0798674296498306,0.03231315309089227,False
411440,12,-0.01665711089165231,0.02845524150040137,-0.07262437341056631,0.04042099457531513,False
411450,6,-0.014927301451073155,0.02889991781788534,-0.07264345645371582,0.041907912152509656,False
411460,29,-0.025003687933302886,0.02685979274092982,-0.07739706027018714,0.026858556351749212,False
411470,1,-0.025604086285551896,0.028676936779752943,-0.08165790698173543,0.03122702726073085,False
411480,5,-0.014467143197403482,0.028808037032237128,-0.0700267312860503,0.04082755298203494,False
411490,4,-0.022389391381801602,0.028817795617204437,-0.0791472120720707,0.034503914431005256,False
411500,3,-0.018513352597932003,0.02904968202879592,-0.07591876142200732,0.0375283562980049,False
411510,7,-0.029064970045145997,0.028749915988914115,-0.08519884837860581,0.026665463635638577,False
411520,39,-0.025996748672798362,0.025238971780066632,-0.07530378288851473,0.023636216894856905,False
411530,3,-0.020130814525014234,0.02877071813117427,-0.07718160187873435,0.03614693255371777,False
411535,3,-0.020298320716096416,0.028726532044035486,-0.07635696065687267,0.03568039576783962,False
411540,10,-0.026934226418812605,0.02782734799564715,-0.0822704530422155,0.0272206378044933,False
411545,3,-0.024016560255168927,0.028614442766348336,-0.08130545678388568,0.033356138601560684,False
411550,0,-0.02190096857136338,0.028743075700513876,-0.0769735603440051,0.033838676529155225,False
411560,9,-0.02427438235128546,0.028039763221161872,-0.07929770260274191,0.030543151116474435,False
411570,19,-0.019527308609657977,0.02709905007899132,-0.07346495125834987,0.03310248764547527,False
411573,1,-0.021729061044986873,0.02889859401359647,-0.07781185343137988,0.03418689983445611,False
411575,3,-0.016196880478607824,0.028439141399070892,-0.0725764722661435,0.040464910763718664,False
411580,28,-0.024691713454849853,0.026717420850392505,-0.07796433565748885,0.028138190848488395,False
411585,0,-0.02198860843485746,0.029441834363665882,-0.07908605507688403,0.03711212223380617,False
411590,0,-0.021998710687242195,0.029433753533175153,-0.08021937020550053,0.0347038391443293,False
411600,0,-0.02192173849250973,0.02901702816886319,-0.07966797744918602,0.03383110068812658,False
411605,5,-0.02328680426660399,0.028615784883904774,-0.07977940525414344,0.03290135232637915,False
411610,6,-0.019738510058513962,0.029339126052964147,-0.07631694962531699,0.03919959075526769,False
411620,7,-0.010021470157374706,0.028179517490348166,-0.06451479150450946,0.04586665055196733,False
411630,2,-0.02689854051153197,0.02891227827402494,-0.08286302234700751,0.029923995227411026,False
411640,2,-0.025138947845564693,0.029760260663251548,-0.08397093109641404,0.03357231985238191,False
411650,0,-0.02207860159132949,0.02887516805220692,-0.07945744227480973,0.03413912227300584,False
411660,2,-0.027653397738533342,0.029209611890446206,-0.08523920433376285,0.027531079159323485,False
411670,2,-0.029146402069884572,0.028044500801151652,-0.08462884872114773,0.025199208473738754,False
411680,4,-0.028152100077242177,0.028687722907687497,-0.08489993453555024,0.028605767266383295,False
411690,5,-0.029754286059150592,0.027818146888439792,-0.08418949114607932,0.0253514363821523,False
411695,1,-0.02439260179595086,0.02917175099924868,-0.08232667294661693,0.03368703414393305,False
411700,0,-0.02061719054992171,0.029524185327951754,-0.07704924012910773,0.036666162882197144,False
411705,8,-0.015194970593912857,0.028837123192223483,-0.0711973490604477,0.04270521843769924,False
411710,8,-0.03509199985792859,0.028888009338359062,-0.09250591210810974,0.02168684934136021,False
411720,3,-0.025060014303750232,0.028097170672398718,-0.07920868734742648,0.03075921679273906,False
411721,0,-0.021600308684157254,0.029431996053931347,-0.08012355334202402,0.035445494945639415,False
411722,3,-0.027343665018118173,0.02911214323644179,-0.08516907448598268,0.030589770698582965,False
411725,2,-0.02452981240822638,0.02873565454821174,-0.08185832268157171,0.032167215074873044,False
411727,3,-0.025851330429635843,0.02866640250421751,-0.08256048462157865,0.03010675880968486,False
411729,0,-0.02258470707453426,0.029700154360535615,-0.0809208068022491,0.03582295657332955,False
411730,19,-0.019756518682827802,0.02707033739514456,-0.07207982761600482,0.0333756781814624,False
411740,0,-0.021768295227952345,0.028902786329310586,-0.07858692514670344,0.03501009863580282,False
411745,6,-0.03428713467321624,0.028823693274919376,-0.08944171522059229,0.021302420032336292,False
411750,3,-0.020366464213407445,0.02801355912724834,-0.07575878722090972,0.034114325801218204,False
411760,42,-0.02751795657877354,0.0253061938659328,-0.078382148684589,0.02302930721612867,False
411770,17,-0.019967770096516242,0.026685302569784977,-0.07257302678284695,0.03206684802892633,False
411780,3,-0.01600104855685534,0.02821773105474847,-0.0702169715991531,0.04002964596993702,False
411790,16,-0.01664393504228062,0.02735329489909585,-0.06999869270926277,0.037560588725390684,False
411800,8,-0.028331685740056685,0.028406578304781743,-0.08359913593327988,0.027915095277268643,False
411810,2,-0.02453832184003095,0.027934692803861023,-0.08117344984383304,0.029761063906434966,False
411820,68,-0.014138235357929308,0.023745995252733437,-0.0599575377888559,0.032511452344672315,False
411830,2,-0.022687042772510418,0.029465981156949015,-0.0801715216874948,0.03564378068133068,False
411840,22,-0.013228776852515872,0.026266321635957927,-0.06520853055431641,0.03706647974756847,False
411845,3,-0.013152259800200933,0.02863679639317054,-0.06999575291814064,0.0440832015913334,False
411850,23,-0.00836027091353618,0.026085367643274553,-0.059015930761195094,0.04286484773122161,False
411860,2,-0.018789388333096735,0.02914985113167349,-0.07635154288048734,0.03858977615128867,False
411870,3,-0.026667175095263673,0.02879199427297023,-0.08342906982302761,0.029339553585875314,False
411880,11,-0.03156766333252169,0.02759135415535648,-0.08488871773956551,0.02185282233823519,False
411885,2,-0.02328793077123736,0.029423208468335914,-0.08041176692047929,0.033626966749949506,False
411890,6,-0.026537563559102074,0.02881670314511847,-0.08220776226917874,0.02966382834294614,False
411900,0,-0.021679897523640607,0.029731014703101615,-0.07933044228060465,0.03491677726399823,False
411910,6,-0.024150645552126895,0.028135916311746664,-0.07823912096769066,0.029635846552636885,False
411915,41,-0.04443510433723647,0.024793289565769937,-0.09294755379045588,0.004340483532795245,False
411920,0,-0.02190362527336552,0.02913802231351719,-0.07849348153945629,0.0358489935599288,False
411925,0,-0.02235743972159322,0.02823403913842661,-0.07794582362970913,0.032865675306116525,False
411930,19,-0.012861300967467428,0.02658805687885236,-0.06457840324875508,0.039821007890566834,False
411940,10,-0.018817129686304588,0.027557699907306304,-0.07257534124525813,0.03550267138777407,False
411950,74,-0.03269794824957455,0.02402389658099112,-0.07987863363858305,0.015164877902834209,False
411960,9,-0.021500437119123375,0.02752986469371676,-0.07592295823615897,0.0317022663252144,False
411965,1,-0.02535232850018006,0.029967848828602754,-0.0844290347561818,0.03194343890066149,False
411970,1,-0.02228364634829808,0.02874060211482,-0.07961197365969512,0.033836693752324155,False
411980,6,-0.025149190778002564,0.02874731771743182,-0.08084359281864592,0.03269666767905849,False
411990,161,-0.056721896588657554,0.021215125242084562,-0.09842703791162985,-0.015474035816676703,True
411995,18,-0.028139498544698938,0.027807020501055196,-0.08323138407567318,0.025078447484382704,False
412000,11,-0.027331252066905933,0.028629632193900762,-0.08308763488953767,0.02797744052167743,False
412010,1,-0.019007004699474108,0.029012341115219234,-0.07603500740630428,0.03695221683184789,False
412015,0,-0.022404067413248793,0.028527121347225917,-0.0767664414462055,0.03339970133292795,False
412020,0,-0.022829990784661476,0.028887081640020382,-0.0778315870004774,0.032800473928149464,False
412030,0,-0.022199541693848933,0.02921243390305668,-0.08062695799575183,0.03392123817636728,False
412033,2,-0.026136946747962412,0.029412722305224556,-0.08485717316333977,0.03190418428963031,False
412035,0,-0.021887702289715493,0.028997667961320483,-0.07824699699967425,0.03640888328131097,False
412040,0,-0.02125114192520649,0.02939965562501619,-0.07909138066508208,0.03698023975083499,False
412050,1,-0.02571825533888866,0.028550571238688042,-0.08301290610934804,0.031383763927649216,False
412060,10,-0.02888066289385275,0.02718443979502436,-0.08303226672449623,0.024054285980157596,False
412065,3,-0.0236497005019345,0.028542173676574994,-0.08091172039531665,0.03274124037451775,False
412070,3,-0.018875169240826377,0.02901001096618245,-0.07517902374196192,0.037958936303737936,False
412080,5,-0.02378947169780428,0.02806665680573691,-0.07909129852015759,0.03094362866600351,False
412085,3,-0.026236744540133018,0.029059926885856433,-0.08310470531012577,0.03184310927276679,False
412090,4,-0.026307903766561655,0.028125651997387372,-0.0807366886499141,0.030638094516174046,False
412100,3,-0.027266612486239367,0.02896005025187228,-0.08323637051608251,0.028146052467133868,False
412110,0,-0.021570718456623828,0.029742106365663632,-0.07948245350991763,0.037539256714263045,False
412120,2,-0.022851170689642885,0.02815729064414137,-0.07833992219619082,0.03273000018799664,False
412125,2,-0.018157204878289993,0.029029558550051498,-0.07523967273451992,0.03849225739105024,False
412130,0,-0.021820619807367086,0.029121151545097004,-0.07891566547619053,0.035889471028229356,False
412135,1,-0.025981813334312993,0.02898094556828882,-0.08262155916253629,0.0308285831014106,False
412140,6,-0.028536994258622495,0.028325681266910444,-0.08417407425312314,0.026392293900608346,False
412150,4,-0.027133814380695852,0.027460458329147598,-0.08036856756716665,0.025622826693101106,False
412160,0,-0.021790773144565373,0.028978116555122974,-0.07883343412361384,0.03324994484844664,False
412170,18,-0.02305235697643749,0.02611923468679876,-0.07447267310320098,0.027962066674712117,False
412175,3,-0.02444841678639348,0.028635820906875702,-0.07983939796456613,0.030898710372370977,False
412180,7,-0.03002535900951395,0.028968381590891164,-0.08709359959646604,0.02652774963722868,False
412190,9,-0.01740675868363792,0.02827489521058872,-0.07308990141116743,0.03890485681654404,False
412200,4,-0.025587820424134367,0.028862931709003205,-0.08297987969433909,0.030251025710426514,False
412210,0,-0.022100702780154857,0.029040969689867722,-0.07814807222424162,0.03497664037840782,False
412215,4,-0.03157777723193301,0.028247522694055182,-0.08774506915592771,0.02407209130406613,False
412217,1,-0.020078087065618654,0.02856028830116401,-0.07570214118962611,0.03623308837710125,False
412220,18,-0.016553614831266644,0.027103299119408116,-0.06893335300832572,0.03720753242851389,False
412230,17,-0.02033564547792102,0.027364220979472054,-0.0743664132096092,0.034078716338408775,False
412240,26,-0.03393196046656167,0.026269628796594263,-0.08468257697702516,0.015998646314211287,False
412250,7,-0.030759360589124114,0.02810286506473979,-0.08565640443669441,0.023816956525302996,False
412260,1,-0.025362450693525246,0.028488538783164215,-0.08082359168346774,0.030549872362446735,False
412265,3,-0.02293492607472342,0.02888815133190389,-0.07961587987706686,0.032366143437051326,False
412270,5,-0.020193787181770905,0.02942594363903589,-0.07704366163225604,0.03700958261602843,False
412280,1,-0.019231274498649874,0.029319427218065002,-0.0753196179462662,0.0387823143290179,False
412290,2,-0.02996996614592301,0.02927203031170962,-0.08789342417773827,0.02762765105034431,False
412300,5,-0.02766054526396723,0.02896457101726415,-0.08688966660669493,0.028587296422738356,False
412310,1,-0.01674334934393101,0.029747463051815408,-0.0744964434320368,0.04370501626085651,False
412320,2,-0.02008243228427248,0.029268148930873584,-0.07645537726322216,0.038328874130470446,False
412330,3,-0.01624214782958862,0.029162566993903,-0.07295334554691128,0.03965352809136343,False
412340,1,-0.0205665786527172,0.02870536259776289,-0.0768952633289313,0.0366385666296078,False
412350,12,-0.03364108314286775,0.028110322407831394,-0.08749132404275929,0.0212051930048424,False
412360,0,-0.02259500087592873,0.028598839022197942,-0.07695473694084766,0.032880648596224714,False
412370,5,-0.011953548166996548,0.028225945431939917,-0.06841019387709943,0.04370813770108947,False
412380,2,-0.026994446026555076,0.02892787869432715,-0.08314281027541578,0.02977464605582183,False
412382,1,-0.024713458431627904,0.030144386926312914,-0.08414803804804714,0.034569931846415006,False
412385,7,-0.017978389729668958,0.029266938877197113,-0.07489035916539466,0.03797459254235684,False
412390,3,-0.02098003861731688,0.02908379763966472,-0.07760841991308268,0.0373455075256847,False
412395,1,-0.021576483991716525,0.029159702556594547,-0.07837277294823694,0.03595757429488963,False
412400,2,-0.02012258916274831,0.02909426337920853,-0.07721320254713315,0.03559704882500239,False
412402,1,-0.025006357377467016,0.029079119312563715,-0.08113307642617537,0.03181341737732996,False
412405,15,-0.007343325379201526,0.027897953930323197,-0.06149040474403165,0.048567817496226386,False
412410,13,-0.015613195595372496,0.027640696493850783,-0.06929080261442958,0.03908772036871999,False
412420,1,-0.02152901076645674,0.029305445896474207,-0.07906725646933933,0.03601053603080092,False
412430,1,-0.0240966557388512,0.028866520473768847,-0.08060699131690378,0.03416848907706607,False
412440,4,-0.023539208124986714,0.028541484392082594,-0.07877534547517098,0.03311935467534064,False
412450,1,-0.026278444289373055,0.02936177947993464,-0.08383713861321758,0.03094399313811005,False
412460,2,-0.029083096925156728,0.02833954194467178,-0.08541923476341459,0.026787297305440258,False
412470,2,-0.014996109725645346,0.028084340733645477,-0.06980295293035925,0.04084104378308012,False
412480,5,-0.01966939754310248,0.02915670772471737,-0.07739367472370329,0.03762533711158866,False
412490,3,-0.020323925243373044,0.02894035785565396,-0.07712334292961061,0.035876287253535304,False
412500,3,-0.017533007969243414,0.029116742736383643,-0.07391960442956828,0.039257193702816655,False
412510,10,-0.0217157994930821,0.028425052327192533,-0.07790875740815774,0.034552852643274526,False
412520,0,-0.021480998823591273,0.028521186908058514,-0.07744690229556989,0.032850985020484696,False
412530,1,-0.018536675970754066,0.030209152499364962,-0.07933464683488,0.041223421306155944,False
412535,1,-0.02067356016884644,0.029105441594701038,-0.07716044860818554,0.03676572516135433,False
412540,6,-0.028893569372822583,0.02869106353983668,-0.08476153336368179,0.02742198246392248,False
412545,2,-0.02049734465111973,0.028004487110926252,-0.07527369865396827,0.03480238088706183,False
412550,109,-0.02124252394299172,0.021775048843574472,-0.06341195848749345,0.021297756096266107,False
412555,0,-0.022202763587625005,0.028931288911353388,-0.07894059086079405,0.034363424115950614,False
412560,18,-0.01510533304032122,0.027786593959989263,-0.06862987396056658,0.03913211728239584,False
412570,12,-0.01983227111433809,0.026916625100167044,-0.07275494868609593,0.03395033168333723,False
412575,4,-0.02022807342740651,0.029091304884243947,-0.0777637872882346,0.038619138412651015,False
412580,3,-0.018400004918436016,0.028905756754928867,-0.0751021582202387,0.039456507939084534,False
412590,0,-0.02101495838364297,0.029265677082485925,-0.07915319643764841,0.037562795279777024,False
412600,4,-0.016608753568855474,0.028905752811596734,-0.07239031959772702,0.03874478554193668,False
412610,1,-0.025413396058507242,0.028403839474427386,-0.08120896567413047,0.030211098601349393,False
412620,8,-0.01411515876593215,0.02755316576322468,-0.06785876903278015,0.04041324273343087,False
412625,29,-0.006249578208128265,0.025469609288743707,-0.05463597610021107,0.04353741568817548,False
412627,4,-0.020255273614342144,0.028771714254263062,-0.07786919527586095,0.03618949411916671,False
412630,11,-0.003992916488115086,0.028291059133419373,-0.061150646973333014,0.05242962408639801,False
412635,1,-0.0205312181138551,0.029098948375431553,-0.07828063184004358,0.03625679813732846,False
412640,1,-0.023561130887910696,0.028687937421220167,-0.07920569218714206,0.03354147728977608,False
412650,3,-0.020130410005893308,0.028769734757291093,-0.07712028751766742,0.03787789517408503,False
412660,6,-0.019972447522679612,0.02842351297828866,-0.07504364574750702,0.0365032169033474,False
412665,1,-0.024474806488666227,0.0297567232058638,-0.08423756763497622,0.0339989412975679,False
412667,4,-0.026252774875804078,0.029464375677378408,-0.08525965190208376,0.03270877053337788,False
412670,1,-0.025155218881627632,0.028015753681971255,-0.07885240809095875,0.030124212863518615,False
412680,4,-0.033914228163523415,0.02850619192025513,-0.08996155984243841,0.020872037408001632,False
412690,1,-0.025680932027362602,0.02910995332661663,-0.08109683529451735,0.03160584358134774,False
412700,4,-0.024051304343818296,0.02840059820689567,-0.0804196483690854,0.03115853351455942,False
412710,27,-0.02249792021691215,0.026612235543289613,-0.0743869017932772,0.0309291574481709,False
412720,15,-0.018012017575666044,0.027609770478947346,-0.0721202862031859,0.03567688866787822,False
412730,2,-0.02149354467639545,0.029440949874684208,-0.0798317831196933,0.0371388939909737,False
412740,11,-0.018349076896688268,0.028469234478246556,-0.0739022488086957,0.03750164246263341,False
412750,10,-0.025704421599907056,0.02784189246395691,-0.0808312709297357,0.028808031393021714,False
412760,7,-0.013167230674457282,0.028358936079528087,-0.0687333409153827,0.041607042559843495,False
412770,56,-0.03293567052960799,0.02526711112619914,-0.0823433347831839,0.01635102527471259,False
412780,1,-0.021203110079693555,0.028517263744398964,-0.075721646361145,0.035186282197652304,False
412785,2,-0.01719111510982876,0.028796638513431692,-0.07355273516082246,0.038652083514156006,False
412788,3,-0.01834592950025853,0.028007745978507914,-0.07370980420708582,0.03714464166486576,False
412790,1,-0.016544910686075002,0.0286423313403317,-0.07321293568141171,0.039588678158267776,False
412795,3,-0.020502395587303508,0.028660417985410788,-0.07712504396222034,0.035492015721704,False
412796,5,-0.02945007449820427,0.02877135924550699,-0.08555190368984054,0.027324419505172115,False
412800,13,-0.023673220957509213,0.02813889444161417,-0.07825397492857836,0.030853311980326193,False
412810,30,-0.03948198485705347,0.02573345224207916,-0.09122946246411699,0.011367601729265906,False
412820,22,-0.02465746789110502,0.02695648350964654,-0.07809998531272083,0.028596920761410214,False
412830,0,-0.022012793661647274,0.02912312700964624,-0.07868780067663307,0.035202023667760596,False
412840,1,-0.020093692958162622,0.028510407252426,-0.07520356793507842,0.03616477481199412,False
412850,11,-0.02711035399373043,0.027754999503601212,-0.08116184729226707,0.028541710702646175,False
412853,5,-0.028497160841885204,0.02934007794566051,-0.08528207151170994,0.028441921410837973,False
412855,1,-0.02391594362822708,0.028159654718552946,-0.0800395737696865,0.03214394379861135,False
412860,5,-0.029549542000490935,0.028502936119966994,-0.08621298992218161,0.025047586080409464,False
412862,4,-0.02100554763123607,0.029076097287104214,-0.07868588154482332,0.03427068027555172,False
412863,4,-0.017048651765571608,0.02871292365409799,-0.07366841135678992,0.03994133370419659,False
412865,4,-0.027178117740963386,0.029339597751482403,-0.08538257409806768,0.030050362652850306,False
412870,5,-0.024078908336816744,0.029397703004123834,-0.08184044995695124,0.032819158791392355,False
412880,0,-0.02160026988953999,0.0286384124236393,-0.07925267191409549,0.03345145995928603,False
420005,1,-0.02544954625265932,0.029357421606630088,-0.08309225309875606,0.032482498516968605,False
420010,12,-0.023097977998022556,0.027911849272081273,-0.07782417879193203,0.03141448420006319,False
420020,6,-0.02189816150005134,0.028788979155866753,-0.08035727919373173,0.03503111963201099,False
420030,0,-0.023025973910220234,0.028604967941056804,-0.0787392915956423,0.03181428068547726,False
420040,5,-0.01723602163469815,0.029242353382501782,-0.07451160351432769,0.03972738214269176,False
420050,3,-0.026828657044507466,0.02900803774587805,-0.08308518825632745,0.029486115859690146,False
420055,1,-0.026509186832020085,0.02910835546230083,-0.08273979111629705,0.03077048871723046,False
420060,3,-0.02459672226493558,0.028603916806103295,-0.08086873416408308,0.031648829357159965,False
420070,5,-0.025987623875684138,0.028521284627914735,-0.08227507110188294,0.028995216695180598,False
420075,0,-0.022402038118046665,0.028888855724246203,-0.07923159116807686,0.03466813242306932,False
420080,2,-0.020055143240950358,0.029040291356025507,-0.07616632424756414,0.0361224611946359,False
420090,1,-0.02359530889784088,0.028589176598512584,-0.08076593261377368,0.033084399456421394,False
420100,7,-0.026375508351390704,0.027914437467500684,-0.08088506983378164,0.029763375040465067,False
420110,0,-0.023364803888762633,0.029222391798990083,-0.08169846156927385,0.03464129974684189,False
420120,5,-0.020510584619565758,0.028446352247227753,-0.07604944750443458,0.03642821115972774,False
420125,6,-0.0353845312140122,0.028209016229582346,-0.08974344438240484,0.02066064243619457,False
420127,2,-0.022975629436800232,0.02834345402535687,-0.07772034672837484,0.03190180292335838,False
420130,13,-0.013591436047477928,0.027273668461735612,-0.06751405628765496,0.039991324295600754,False
420140,34,-0.01413573359561461,0.025679498542905643,-0.06424235521685313,0.03565339997484057,False
420150,5,-0.01804125144808596,0.028604823892074208,-0.07308867478796621,0.03772138680350072,False
420160,1,-0.02256600456059726,0.029819689375668465,-0.08017502762862165,0.036661759837440425,False
420165,0,-0.022154582534965158,0.029016493128413704,-0.08015202678416815,0.03460136206267476,False
420170,3,-0.0169697932588704,0.029119380292494734,-0.07587479286258945,0.041087335057361014,False
420180,5,-0.015452007960272941,0.02917070941018145,-0.0731080141198864,0.04162496985687534,False
420190,1,-0.02326457403472771,0.028544376335338142,-0.0812216955430495,0.032314656051968725,False
420195,7,-0.008894855358968199,0.028307812070645498,-0.06401218644896384,0.04682900158454839,False
420200,25,-0.010536170295209035,0.027036997241383604,-0.06403796682188793,0.04317048021492164,False
420205,7,-0.019009657531115536,0.027959013115048902,-0.07352893949654507,0.03542250280859664,False
420207,3,-0.02781776027174206,0.028399661900315804,-0.0839009450492566,0.026693901153035913,False
420208,1,-0.025890709729181192,0.029076843910078934,-0.08264940656576421,0.03113122632284307,False
420209,1,-0.026073687787429956,0.029124937703970642,-0.08282966513009755,0.030077404456335086,False
420210,20,-0.026599524489099823,0.027100299249383786,-0.07904682729551422,0.026165410159267256,False
420213,1,-0.02169418876342276,0.028513838323812886,-0.07700395855576198,0.033669774899923004,False
420215,2,-0.025203546176659954,0.029216800315413433,-0.08226369912808494,0.03319316585558011,False
420220,8,-0.030824793310187136,0.029075001144825943,-0.08688770968637177,0.025110404644208394,False
420230,32,-0.018382109857245373,0.026352496477771766,-0.07002735558598144,0.03301985558902541,False
420240,187,-0.00728774102533884,0.019932528786767326,-0.04595869798123519,0.03188962478268645,False
420243,3,-0.01982830297990032,0.029366673068089034,-0.07800575830022263,0.037803612476904405,False
420245,10,-0.018272908799129715,0.0285909563484943,-0.07381337752231529,0.03897482589971989,False
420250,2,-0.019521781565083312,0.029460700087214953,-0.07653883309229413,0.036747800986232544,False
420253,0,-0.022053963021145335,0.029172946106794575,-0.07949349993490012,0.03505515122472652,False
420257,1,-0.020552300349381845,0.029418453988318282,-0.07954608144333934,0.03775472556640996,False
420260,12,-0.035069634300812697,0.028069017111264014,-0.09129754328819029,0.019692072191109633,False
420270,2,-0.02490190005510818,0.028985913893963964,-0.08382021429177128,0.031671740618306056,False
420280,24,-0.003097996395895565,0.02626979409006788,-0.05399003532303598,0.049051154001908494,False
420285,1,-0.02631987722922007,0.02907225824603063,-0.08388001679458419,0.030701332396642775,False
420287,2,-0.02379476200553436,0.02882650666418441,-0.08052455958642822,0.03259994793054555,False
420290,71,-0.05420141323422761,0.02455213721711103,-0.10201077608260958,-0.007671639584497143,True
420300,33,-0.0073596634936574515,0.026074485051240187,-0.058738534076705116,0.04446299558593015,False
420310,2,-0.02234580323561558,0.028724259710162126,-0.07728868180310938,0.033920631916709285,False
420315,2,-0.023971700198931533,0.029971550870675344,-0.08311172253950433,0.03518321934829753,False
420320,62,-0.04475802956981004,0.023777440144163692,-0.0921906915603542,0.0029014713000439073,False
420325,2,-0.01896021055380909,0.028936470015712163,-0.07502464404960436,0.03789686166312477,False
420330,6,-0.01557471578412202,0.028461086010395018,-0.07003808864723865,0.04078005278532812,False
420340,6,-0.03356713171449522,0.02915422269357494,-0.09107976322844932,0.023355353957260138,False
420350,7,-0.011853377369114635,0.02850925892368622,-0.06643586415858006,0.04335934699044441,False
420360,26,-0.00948826316276006,0.026799049951613446,-0.061468195562356304,0.042549648811681454,False
420370,5,-0.025461024010885864,0.02916495638147696,-0.08296045897739962,0.03232178321026111,False
420380,30,-0.03796354264059649,0.02584881690718596,-0.08783980770011025,0.012284710896870945,False
420390,7,-0.01069654094456549,0.027713245402941723,-0.06392745913317098,0.04182564193949653,False
420395,17,-0.03701268541638124,0.02805268661524933,-0.0943906418519436,0.018312924658933395,False
420400,1,-0.020266807594010762,0.027784725743993176,-0.07475365867514007,0.03355385337808969,False
420410,3,-0.028130508036857113,0.029262334029342158,-0.08595523436273755,0.029030713499044843,False
420415,2,-0.019843781358613276,0.02943491178204312,-0.07673430264127305,0.0382284832817774,False
420417,5,-0.023423940106616584,0.0289247602373555,-0.08110943914174075,0.03375451037885737,False
420419,1,-0.025405680389326248,0.028987163399226287,-0.08539193871024038,0.030779994440986714,False
420420,43,-0.031289352310735805,0.02444582051824495,-0.07963502678517657,0.01702560691004209,False
420425,9,-0.020748245925601518,0.02842144727962546,-0.07571593170065169,0.03534586926021396,False
420430,37,-0.011675023044748482,0.025952879914181274,-0.061428151775687515,0.039557635561383656,False
420435,4,-0.022499855540006452,0.028890430763405306,-0.07897029788300812,0.03485514430066551,False
420440,4,-0.021359702114249663,0.028111627392848497,-0.07666065155320792,0.03316650592003934,False
420445,2,-0.0194807889735565,0.029560326047637926,-0.07851465626855757,0.039107255785667754,False
420450,2,-0.027234201665075793,0.028523112521266367,-0.08189435293497462,0.026641655205745116,False
420455,22,-0.033705074805767295,0.027509936127847842,-0.08604070289059762,0.020581014722885153,False
420460,67,-0.023500264882562495,0.023932799183992826,-0.07063330129002124,0.02241241256054391,False
420470,2,-0.026444628547511097,0.02825625559597187,-0.08271802967681637,0.029395017246507397,False
420475,2,-0.029104269796558745,0.027742894938240503,-0.08374103316424278,0.02514455370805176,False
420480,13,-0.03526664297571789,0.0271281172873872,-0.08786164419678272,0.01727684994861554,False
420490,6,-0.02753986951508347,0.028516603329005154,-0.082758239975583,0.029928300015258605,False
420500,8,-0.02664525288737629,0.028557945174925835,-0.08371264433172075,0.03034023774015133,False
420510,3,-0.030119621838940455,0.029100598988159136,-0.08662459365581615,0.02766332595184654,False
420515,2,-0.01918233932670669,0.029725501114200022,-0.07716373980421974,0.03782086875232822,False
420517,2,-0.020990584829281487,0.02909567614162682,-0.07819927364802602,0.03523950036075795,False
420519,0,-0.022224601577785694,0.029672952029902673,-0.08051929891919811,0.036714273736141924,False
420520,4,-0.023851856343210937,0.028511885414286887,-0.07913433191905239,0.03244221098860458,False
420530,2,-0.021731238704959015,0.02836171737913295,-0.07875391866520799,0.033647905643211976,False
420535,4,-0.013150378937415426,0.029114188286346893,-0.07053339486812325,0.043980614929085074,False
420540,146,-0.05386923879421494,0.021317114525608475,-0.09577056804525093,-0.012214577715959697,True
420543,2,-0.023733966290573248,0.028902885571761187,-0.08030180174042972,0.03289985066086132,False
420545,18,-0.022255836306748166,0.027490974646630032,-0.07624778330656412,0.03134129229029548,False
420550,15,-0.02906424527768307,0.026929454747034162,-0.08125174262009531,0.02335389797547065,False
420555,1,-0.026737668877089088,0.02929635479318326,-0.0852996972043679,0.030548351265891394,False
420560,3,-0.02343479211630762,0.0286780795935781,-0.07995141988790971,0.033209809019419834,False
420570,10,-0.02005962383020856,0.028305082337300204,-0.07550473257953477,0.03586973664519618,False
420580,12,-0.021524543383626592,0.02779361129128368,-0.07608967765926304,0.03230473266775912,False
420590,41,-0.022429995671575373,0.025999709736912405,-0.07428162340227484,0.0297240760498085,False
420600,7,-0.02144463234291399,0.02811911557836067,-0.07743303958431216,0.03383571341803918,False
420610,5,-0.02489647429224973,0.02845935491914778,-0.08075935431674512,0.03244147064356338,False
420620,9,-0.006046804413589818,0.029121080052042024,-0.06304618110549054,0.0519205335578816,False
420630,19,-0.016897301698624148,0.027882477101392494,-0.07160129953845742,0.03746023942441611,False
420640,6,-0.03489975202475624,0.028141272745680936,-0.09091593175060692,0.020808173109999935,False
420650,26,-0.009843689884310768,0.02649042690096249,-0.06303409360708752,0.04336630999481458,False
420660,5,-0.021264142053860915,0.029207947695409957,-0.07957419413494167,0.03686565450154921,False
420665,7,-0.02839523144470248,0.02843672827194436,-0.08551396849732605,0.02700833877691069,False
420670,11,-0.02439857399247312,0.02815609288383165,-0.07978590269432967,0.030792433841805203,False
420675,0,-0.02243320068540393,0.028995429536652427,-0.07946573541317578,0.033916462047086614,False
420680,4,-0.02627774162618114,0.029018127608277475,-0.08238910647625936,0.029114947271413887,False
420690,8,-0.019672894262271298,0.028585636045715776,-0.07483616355490517,0.03647894301022383,False
420700,26,-0.019699553723596188,0.0265603094121931,-0.07109136693307258,0.03284795914133437,False
420710,8,-0.031869650719423125,0.02735849817133983,-0.08471305432795873,0.02249115256226872,False
420720,4,-0.017581339006529313,0.02836182511228183,-0.07475759743754222,0.03836446183707884,False
420730,21,-0.038525419817971515,0.028191173145548917,-0.09410913183297316,0.015233867090777828,False
420740,4,-0.01717149632300076,0.029391823549901778,-0.07432569923013735,0.039801950037405685,False
420750,24,-0.025409066401939698,0.02594166833254751,-0.0758769430832975,0.0256565430101788,False
420757,3,-0.018325731114684413,0.02810699023663263,-0.07271433621078004,0.03793707469262798,False
420760,0,-0.02177800714221965,0.028673394497249764,-0.0783259848909324,0.0340176224081509,False
420765,2,-0.02353078856914244,0.02811129928880576,-0.07853948407529493,0.031131140230198136,False
420768,10,-0.023259782189073215,0.028291269593672577,-0.0782165827488835,0.032553222033262996,False
420770,7,-0.015216443923715938,0.02916168743552642,-0.07264897140607285,0.042320200327830564,False
420775,1,-0.026537613659316037,0.029704662173699055,-0.086332784110937,0.031566632592571364,False
420780,11,-0.01552369048641691,0.028285848101298527,-0.07073509800863914,0.04103537001993755,False
420785,0,-0.02227608553130731,0.029081367605581516,-0.07935700959802372,0.034886734575048095,False
420790,3,-0.015403489298606885,0.028336795225264933,-0.07138598845704047,0.04087513719249746,False
420800,4,-0.015622423143657797,0.028416763552530144,-0.07113993523725355,0.04086856291095125,False
420810,9,-0.01118897514278274,0.028048522598664968,-0.06581932480028078,0.0445335408734353,False
420820,123,-0.000849399389502663,0.022046599324816674,-0.0435944030958427,0.04218883868952667,False
420830,34,-0.04385145485640023,0.026402914222712768,-0.09752317346377615,0.006828970133082091,False
420840,9,-0.014038156406435751,0.0279724117756101,-0.0692923409394865,0.03938244183011843,False
420845,11,-0.023889761895265114,0.027502851071041407,-0.0762681690551684,0.029675273886672775,False
420850,14,-0.01289980294578605,0.02693678412625487,-0.06530817419485124,0.040544949675311505,False
420860,1,-0.018947924674473326,0.030023879571885476,-0.07753150801755367,0.041028161996461546,False
420870,5,-0.021900013140902654,0.028812584986732642,-0.07901399353669268,0.03606327136856972,False
420880,8,-0.019960277781742846,0.027945456601430597,-0.075945947400664,0.034585105307603704,False
420890,86,-0.021635343524334643,0.023831697618821673,-0.06872374877770249,0.025115987138384695,False
420895,0,-0.022531548307599833,0.028773801126343822,-0.07788997018345675,0.033760798639152975,False
420900,21,-0.017781329770859368,0.026633815044932906,-0.07069649433061892,0.03419612642905018,False
420910,132,-0.08016044114728116,0.02264069786178205,-0.12558863815833285,-0.03755265429061519,True
420915,2,-0.02058155680885089,0.02780659412650304,-0.07436404378506008,0.033884747309548005,False
420917,2,-0.023481355731585836,0.02900805391440613,-0.08130488682253768,0.033967947339658515,False
420920,2,-0.026500785825884478,0.02909089807139422,-0.08306078647271758,0.031133510669880474,False
420930,160,-0.020439590199910103,0.021438927490387876,-0.06230351713204919,0.021492884201937422,False
420940,17,-0.008389234672747527,0.027779650558497748,-0.06346242518927728,0.046223182768693354,False
420945,1,-0.02653055982479878,0.028385238859592075,-0.08328228274137646,0.028891118950831546,False
420950,5,-0.012317397191292778,0.028954543892036166,-0.07057547655693727,0.045489520800166876,False
420960,9,-0.01634926223144462,0.0280005186107894,-0.07033984689060731,0.03782712933146897,False
420970,7,-0.016875137604666756,0.028927671453967192,-0.07271240232879074,0.039844078104877674,False
420980,1,-0.019827415063927836,0.028894181594406453,-0.07634844940513613,0.0351631730918336,False
420985,5,-0.02258953648770831,0.02883210009133684,-0.07937121245272252,0.033888246764100585,False
420990,5,-0.02980487601264159,0.026918011768710583,-0.0830339643877214,0.023258480730774817,False
421000,7,-0.009334422561009623,0.02883062505579151,-0.0657242041416196,0.04701016027145078,False
421003,1,-0.0219586220408772,0.02969994398641261,-0.08001315977747979,0.036486662078189486,False
421005,0,-0.022069459058344867,0.02926456834174966,-0.07864972715018687,0.03588615121076091,False
421010,19,-0.026504654004614058,0.027458956035932236,-0.08113386924434499,0.026428129387132203,False
421020,3,-0.024501506047663383,0.029001098029988116,-0.08164105220453809,0.03370493446841546,False
421030,2,-0.014687438877230058,0.028472274129113895,-0.07079646531258867,0.04066218145565848,False
421040,3,-0.025898640108412196,0.02904029369056709,-0.08312423120417886,0.03030750172227366,False
421050,8,-0.018189016698464986,0.028273851041876526,-0.07369317266166789,0.038244892956410315,False
421055,0,-0.022410949175208795,0.029187257597939158,-0.07869500935427101,0.03645408490310944,False
421060,7,-0.01984525999104376,0.028821299695518623,-0.07641161377679077,0.03663585397812449,False
421070,2,-0.023859207929569977,0.029272140261908285,-0.0818244696737196,0.03392383198146497,False
421080,4,-0.0303637358532531,0.028285254359419996,-0.08623772375109681,0.025593126916497493,False
421085,2,-0.023707075242620997,0.029498537346717264,-0.08149936750580426,0.034229700181072235,False
421090,2,-0.022577949871214666,0.028960068189111978,-0.07879803856632882,0.03287016484048994,False
421100,9,-0.025338978433675326,0.028754718168213154,-0.08233727314566877,0.030505562172196653,False
421105,3,-0.024471156818645114,0.028853618380931822,-0.08197677587287212,0.033783261435662716,False
421110,3,-0.024272338182108933,0.02943683480047322,-0.08268729009603934,0.032907345179921076,False
421120,12,-0.0092778048916914,0.02704109377343817,-0.060788433385378704,0.044419270451771686,False
421125,3,-0.030773524424077957,0.028804159600556493,-0.08723835040689873,0.026359424424067177,False
421130,56,-0.010607443104985832,0.024200320636753946,-0.057475405264385035,0.03753772753803715,False
421140,0,-0.022585130348672322,0.0291842321487219,-0.07860141144764494,0.03579408221390464,False
421145,1,-0.024356520020191175,0.028977034674074583,-0.08164666713123693,0.03166486546312963,False
421150,4,-0.02196056588115784,0.02854808225901576,-0.07862119161561837,0.03523698928087759,False
421160,11,-0.030584060022543096,0.027611910676956623,-0.08463015939033523,0.02392948823483425,False
421165,1,-0.019934924103984897,0.029174118994515105,-0.07726142534437622,0.038386037272193654,False
421170,8,-0.01328277001164604,0.028234559112349955,-0.06826066821967113,0.04221874425134649,False
421175,18,-0.03175338411726202,0.027909763751903238,-0.08684584009276494,0.02259852354616391,False
421180,6,-0.019225614323053464,0.029080922447743993,-0.07570781115336793,0.0360090100311302,False
421185,2,-0.019340962560186154,0.02862566657526603,-0.07640815128006329,0.037342372049457104,False
421187,0,-0.022381688153268575,0.029222758508473425,-0.08013518160484268,0.035966066270909716,False
421189,1,-0.020634496780245468,0.02860797837862655,-0.07483845886013069,0.03603784880465099,False
421190,95,0.006093223154409007,0.022675837523386075,-0.03813897109246328,0.04995205142353623,False
421200,7,-0.01723204999727129,0.028595789688410485,-0.07198267335731715,0.03987582526456629,False
421205,3,-0.022783706976598928,0.029364352984126776,-0.07992504016601831,0.034530068324832575,False
421210,3,-0.020236674597196802,0.02883822863776213,-0.0770215037566527,0.03537233272267604,False
421220,6,-0.021492151456826075,0.028073788557033668,-0.07700750386510102,0.03371256081157249,False
421223,4,-0.03056204090789208,0.029445383318087617,-0.0878437056198559,0.027056520504741124,False
421225,6,-0.022969693529070235,0.028828391796844065,-0.08160957672776899,0.033237429444317304,False
421227,2,-0.01716991626674819,0.028487425672978284,-0.07156056607041904,0.03816168783904212,False
421230,2,-0.02182008540038306,0.02898258102305221,-0.08015785015848353,0.03512959937093664,False
421240,0,-0.0223932427501715,0.028924475411024303,-0.07801288549213196,0.03477445673234713,False
421250,8,-0.042941294992132874,0.02847469317883901,-0.09933519880044042,0.01214080702042335,False
421260,0,-0.022163540357384326,0.029386972697249145,-0.07875500287534597,0.0360053050117926,False
421265,5,-0.0195976310634211,0.029043935391659018,-0.07701077494934808,0.03731902457691992,False
421270,3,-0.018697527401027363,0.028475143149994595,-0.07413277988230317,0.03872208779328609,False
421280,7,-0.014400091825706113,0.02900838083874231,-0.07060588315897842,0.04199073481863401,False
421290,10,-0.028321040427308285,0.02853705989912845,-0.08420567589820387,0.026781514114401675,False
421300,0,-0.022027472438428685,0.029171939906699605,-0.079324849989206,0.035536507217635814,False
421310,4,-0.017550933321802735,0.027931062377755143,-0.07343332347117776,0.03676764384122647,False
421315,1,-0.022014566676517848,0.030205499412071898,-0.08143652135660667,0.03641211919616857,False
421320,11,-0.04440488173172687,0.028040582083555598,-0.09926281581762281,0.010274534770005388,False
421330,3,-0.02317960520000844,0.029388213581959085,-0.08103713713677549,0.03549944048181683,False
421335,3,-0.02761362845147852,0.028103523252512298,-0.08328285331210997,0.02819430456223871,False
421340,12,-0.008603892210182939,0.027991736007970634,-0.06355952111010117,0.04637041554441416,False
421350,16,-0.011517756272337622,0.02731271953771023,-0.06560258818748273,0.042834060101924504,False
421360,13,-0.024208954325727342,0.02806067627796846,-0.07762012168105341,0.030558100332165383,False
421370,9,-0.020136079341504916,0.028328636967170005,-0.07449584882552616,0.03526229372136697,False
421380,1,-0.01786478748431088,0.028452877427248044,-0.07446749396362076,0.03795291502087003,False
421390,0,-0.022730988811528435,0.029581910494653117,-0.0808908791990839,0.03535203257826507,False
421400,9,-0.014838619371893803,0.027840192857528496,-0.0700467867716637,0.04031720788957443,False
421410,2,-0.02211471394480308,0.02946898884354235,-0.0791216349231417,0.034908578807742896,False
421415,4,-0.023922122956883722,0.029073515114407013,-0.08111670242136135,0.03356324665968112,False
421420,3,-0.02341339513065385,0.029480473989485174,-0.08142169100707777,0.03588245047088945,False
421430,3,-0.029475389346594896,0.02928843671642708,-0.0878162769652374,0.02764905597182854,False
421440,2,-0.018166990422681332,0.02916954021584975,-0.07566840089668689,0.040874704202172256,False
421450,3,-0.027920892118420304,0.028754199468938542,-0.08490137566791836,0.028423079660072854,False
421460,3,-0.02230847046032813,0.028535175943967383,-0.07806707224982011,0.03350413213562484,False
421470,3,-0.024626372741368235,0.028380876714525473,-0.08032475519252498,0.031158379412294573,False
421480,22,-0.018231785241466666,0.02659687884207419,-0.07049032318074518,0.033137700656496454,False
421490,0,-0.02248944205411235,0.029480868842557066,-0.07953554379329525,0.03587303225995428,False
421500,19,-0.01478324109769726,0.026123602795169606,-0.06591780847652018,0.03633904237556539,False
421505,0,-0.021744118645825268,0.029724049836485293,-0.07890968764371413,0.03709259853862484,False
421507,0,-0.021416731222230742,0.029229885298210277,-0.07849075408464741,0.036822194370905253,False
421510,7,-0.025366011348848066,0.02810197934480478,-0.08062044614072479,0.029993736865667767,False
421520,2,-0.026855553304722994,0.029129576569895784,-0.0853876593092369,0.029803037154458523,False
421530,2,-0.027789293459869847,0.02929498805250681,-0.08556857759077445,0.028090744323861595,False
421535,2,-0.021452536623358744,0.02912220628199281,-0.07926111263706746,0.035021998882250466,False
421540,1,-0.021568403411977223,0.028742527180510447,-0.0778720984717678,0.036272042927640365,False
421545,4,-0.01708336384261693,0.02826477427516838,-0.07255486689574366,0.03823401629540343,False
421550,7,-0.023547924506072092,0.028369815366026917,-0.07841536747622889,0.03299602937947231,False
421555,3,-0.023553218653507624,0.02907162799948551,-0.08053489824956081,0.033768755774498296,False
421560,2,-0.02215299901296669,0.029459749327295535,-0.08098172890878684,0.036392006828589535,False
421565,6,-0.03172022135465869,0.02863594455946729,-0.08799273047283665,0.02453456934281002,False
421567,2,-0.02433523134718946,0.028478722365675863,-0.0798674775970511,0.03025795429506161,False
421568,1,-0.01902510621310783,0.029190548257004432,-0.0772909584197861,0.03878093438948719,False
421569,0,-0.021607289949764266,0.02892670931286284,-0.07790077021423018,0.03552824921866135,False
421570,7,-0.022443753554687865,0.02896050140016927,-0.07978674055771222,0.03507938093453686,False
421575,3,-0.024229466414362175,0.028589265990469535,-0.0803958043270943,0.032120815583431536,False
421580,34,-0.037743185859041746,0.02540878046798315,-0.08694865103535108,0.011312670564263104,False
421590,3,-0.016510359014628894,0.02874440508106467,-0.0728541369301052,0.04014314732837807,False
421600,3,-0.022924592446447345,0.02896567242011597,-0.07962271608066344,0.03320874177371065,False
421605,5,-0.03299931929636077,0.02863308700848848,-0.09012573691944221,0.02387490216102554,False
421610,6,-0.023273704448305153,0.028723839135238464,-0.07981451583158229,0.0323157070520938,False
421620,33,-0.018470758430766728,0.02644028427084772,-0.07203328631153263,0.03407717577087783,False
421625,0,-0.023096239092665925,0.029599275267104687,-0.08147411791616307,0.034279177743820236,False
421630,17,-0.03714719709584101,0.027997425580053307,-0.09348751927860838,0.016810051776901817,False
421635,3,-0.02798967330851678,0.02925862175332113,-0.08587628766215298,0.02889666091314739,False
421640,6,-0.02008688148968391,0.027897575252221047,-0.07363638613084912,0.03446560193692724,False
421650,29,-0.029321052904795777,0.026624404698015938,-0.08234005491472109,0.02285370737055161,False
421660,107,-0.0010692437232806787,0.02295622113530363,-0.04601186448355223,0.04378963716797207,False
421670,5,-0.021429170220948892,0.028382699754862788,-0.07828092549235362,0.034486529898644876,False
421680,7,-0.023721086516288726,0.028697090248230365,-0.08151506778968466,0.03271050538979485,False
421690,21,-0.009013490741132026,0.027450062540645418,-0.06274707548177083,0.045218674651953755,False
421700,10,-0.02221651076317815,0.02811691436310724,-0.07794653529705482,0.03403964960386406,False
421710,1,-0.0212645139886688,0.029198501322876977,-0.07923267360440599,0.03598558367816614,False
421715,2,-0.02127886894524437,0.02970379270500634,-0.08116662091435495,0.03604012910804432,False
421720,17,-0.03555134500005983,0.027598637892643968,-0.09101426667361279,0.018240860037042603,False
421725,0,-0.022396988677255824,0.02865204464132253,-0.0773691967115778,0.034599731404148175,False
421730,5,-0.0099982161793982,0.028452571604234592,-0.06756393173561295,0.04512249806874633,False
421740,10,-0.021860536961807432,0.027603185751428838,-0.07506887175114578,0.03250529814635301,False
421750,7,-0.025899326128632633,0.027443935010745976,-0.0790992029818122,0.029377243585848742,False
421755,1,-0.02023112826242933,0.02897116653963686,-0.0776109437231897,0.035766084642212724,False
421760,1,-0.020765428343945586,0.028611013507036927,-0.07772981837193743,0.03450938501738722,False
421770,13,-0.0352207822138666,0.027490580370353332,-0.08982803515925666,0.017373752016693972,False
421775,2,-0.023797412862810112,0.0289237344561357,-0.08080840909122249,0.03452140422233214,False
421780,9,-0.01829622403204146,0.02804449509789905,-0.0738641500152382,0.03651481430902504,False
421790,3,-0.025753745428173137,0.028581183828163045,-0.08083295670252372,0.030422464769023997,False
421795,0,-0.022356880976329988,0.028898265559147818,-0.07966439985358337,0.033296496367016266,False
421800,26,-0.013684838875933747,0.02655586918311549,-0.06638445620170205,0.0385129767769587,False
421810,1,-0.019167606714778077,0.029046351609350797,-0.07501896131614996,0.03834891252482536,False
421820,24,-0.0154400574769567,0.027020493315175084,-0.068537397813516,0.03800093183710999,False
421825,6,-0.014392165046855619,0.02884789786607244,-0.07157322113775592,0.04414908471911842,False
421830,7,-0.022666375449915545,0.02766537129514723,-0.07672205853246805,0.03175034786614512,False
421835,1,-0.020324277356404217,0.02811218082008071,-0.07571476619476523,0.03440503810006614,False
421840,6,-0.016365118242811245,0.02897699599324627,-0.07407717093351956,0.040889416515530005,False
421850,3,-0.020028401321888347,0.02836947139423314,-0.0762335800224065,0.03652090713698869,False
421860,3,-0.015652138098629347,0.02901145512220476,-0.07244613576838116,0.04159927955151774,False
421870,36,-0.010947967298941038,0.024722423400439196,-0.06038128841061865,0.03807132658977528,False
421875,4,-0.026213304763308784,0.02832019570624956,-0.08199501683675355,0.02908475896478112,False
421880,11,-0.02452838758777816,0.02791538467329467,-0.07877871835404777,0.03050960797567022,False
421885,0,-0.022545047648798226,0.02933829462537105,-0.08105856260172659,0.035612175523016286,False
421890,5,-0.02048107570350473,0.028175067358510504,-0.07454861020296383,0.034624525643214665,False
421895,5,-0.018219861284900336,0.028531895539646236,-0.07318020113034199,0.03756659918369787,False
421900,3,-0.01947867568157715,0.028027521073635795,-0.07419530218264482,0.03682847636701808,False
421910,0,-0.022024474633813986,0.02901057296345741,-0.07906098464007705,0.03511056743791819,False
421915,3,-0.017616681033906786,0.028503148739409172,-0.07329137217711071,0.0390931268644378,False
421917,2,-0.02571568516958736,0.028408674286103597,-0.08225440457439531,0.030248683833854637,False
421920,2,-0.013416951556038895,0.0287970481664979,-0.06937146192326453,0.044562235513273915,False
421930,23,-0.014366471529034239,0.026547687283035602,-0.0660330017097227,0.037660476159161606,False
421935,2,-0.023094995382525147,0.028943693990746755,-0.07988557097353835,0.03370738431581868,False
421940,3,-0.02591685702374167,0.029157696631469644,-0.08202340481302452,0.0317806778661488,False
421950,15,-0.02661149715851524,0.026719143425355044,-0.07909668666533654,0.025708999097756993,False
421960,3,-0.02044221277469642,0.028953681821304183,-0.0780648874044762,0.03599015797043368,False
421970,16,-0.011900872946117436,0.02718600464617927,-0.06549048394833944,0.04251598336431721,False
421985,3,-0.019100544067624934,0.029215166182128716,-0.07664441376046724,0.039050113283289035,False
422000,6,-0.032103017471229026,0.02851634253654019,-0.08750369702762612,0.022875221318038604,False
430003,1,-0.02150697256651506,0.028983435996128314,-0.07745344892525591,0.03636561534326785,False
430005,2,-0.02102492273562521,0.028831317699474838,-0.07895312878870768,0.03561824415146237,False
430010,3,-0.027558542363519536,0.02820202984042073,-0.0824127344137213,0.026603168369574652,False
430020,0,-0.021689372716321386,0.028944241242224646,-0.07811951652698551,0.03497785801904891,False
430030,3,-0.029101506869306504,0.027974247194659716,-0.0830850523885423,0.025634546886074337,False
430040,34,-0.026697094069521015,0.026035151534413346,-0.0771788847540058,0.023989727819586543,False
430045,0,-0.021671044404757672,0.029534013607095656,-0.07922476298507787,0.03560657338103451,False
430047,0,-0.022827463159389334,0.028950096855884337,-0.07943706270645488,0.03350475611003206,False
430050,2,-0.02471921752235433,0.028403014028990613,-0.08012377861221677,0.03042424276426169,False
430055,0,-0.02260188132623124,0.0281887325260883,-0.07769266305077047,0.032338821407675036,False
430057,1,-0.0207094694035553,0.028387556212556727,-0.07606727462430798,0.03472228838191845,False
430060,69,-0.014515115152892416,0.024412870207776445,-0.06273676458198171,0.033689936725673324,False
430063,1,-0.021972420414136943,0.029031272716347655,-0.07893946165017618,0.03447913123221811,False
430064,1,-0.024694143254667178,0.02910352020163758,-0.08321883387458501,0.030741868137632446,False
430066,0,-0.02274978239058592,0.029462141049108475,-0.07972779781379949,0.03627785981425146,False
430070,1,-0.021764156015542484,0.028830858015167053,-0.07754944812612112,0.034735223980923616,False
430080,4,-0.027590004469630353,0.028488740134484335,-0.08394536112980314,0.02935611771122117,False
430085,0,-0.02201493838837907,0.029306771412343478,-0.07973917428697833,0.03525313890985672,False
430087,5,-0.016830091422756824,0.028900511748861785,-0.07243361127063126,0.0406033060836194,False
430090,0,-0.02168951325603454,0.02867379152918556,-0.07798921417862702,0.033708170103147216,False
430100,12,-0.0290299587318637,0.027352934102447955,-0.08314129555699781,0.025584348075840917,False
430105,4,-0.029108307852469647,0.028265917521025044,-0.08431654516447377,0.026221297178041666,False
430107,0,-0.02289690768848304,0.028391627280375385,-0.07825310793877614,0.03206969659909896,False
430110,10,-0.017135277678258898,0.028166132314403604,-0.07110664298348787,0.037378030204862654,False
430120,3,-0.015412002355331734,0.02842240905160125,-0.07098649778510958,0.041021859158824545,False
430130,7,-0.015166865798188068,0.02834787251800712,-0.07121360716831976,0.04076960414605621,False
430140,4,-0.026944582097857182,0.028367166480587867,-0.08397080103725639,0.028923971028392084,False
430150,6,-0.01892030863497969,0.029477987392646617,-0.07736311812083463,0.03912439143107699,False
430155,1,-0.023616862220301533,0.02846772833956825,-0.07978044237952067,0.03258479219181231,False
430160,47,-0.02117956925994768,0.024793595279339366,-0.06994981774983655,0.026688998729580582,False
430163,12,-0.02633984650336877,0.028361841514175902,-0.08279837018894515,0.029097785698382672,False
430165,2,-0.015479764663083448,0.029082644872909437,-0.07108746079227876,0.04203023453449302,False
430170,2,-0.02352624247883076,0.0290014891050171,-0.07957227912030765,0.0334909600660165,False
430175,1,-0.02436207327397039,0.02883501820376122,-0.08108617214799996,0.031408494623691614,False
430180,0,-0.022302637662216414,0.028945827683265195,-0.07823694469329205,0.03496951602169698,False
430185,1,-0.018334028647395476,0.028676656877450964,-0.07499390372795903,0.03774403771741705,False
430187,3,-0.015069339661685907,0.028254987717097033,-0.06949692038144238,0.038207486294136714,False
430190,2,-0.02498645106461662,0.02915685463974464,-0.08204311896441184,0.03170935884413819,False
430192,0,-0.022417003436970655,0.029192954467244528,-0.0790651408018977,0.03414667779110163,False
430195,1,-0.0259729780153905,0.029200199703375927,-0.0844874401514546,0.03259752561183471,False
430200,1,-0.017894251938516657,0.02854587355124768,-0.07395714219506369,0.037386875152314335,False
430205,1,-0.022274981202470467,0.028150388005044838,-0.07673885825457995,0.033212538274281285,False
430210,11,-0.02250336078072722,0.026494294587231685,-0.07460547271675476,0.02944887177607901,False
430215,1,-0.020272765866228348,0.02921234049025636,-0.07736066307826948,0.036930046566767814,False
430220,4,-0.029246869183781683,0.028611352506406708,-0.08609462569976675,0.026996424240000573,False
430222,4,-0.025884067728318617,0.029172944809568436,-0.08428935101992897,0.03177764559474649,False
430223,0,-0.022257841765885945,0.029372065262678125,-0.08063140440702446,0.03579828123244156,False
430225,1,-0.018612207991457786,0.028544502800482218,-0.07491179640803093,0.038086150012203945,False
430230,3,-0.022055068195602406,0.02836305337449712,-0.07839819775545134,0.03342749828908327,False
430235,7,-0.021480840210306742,0.028845826467574227,-0.07723048908693583,0.0346644458514562,False
430237,1,-0.0231798311332205,0.028836697079076063,-0.07941586121935373,0.03425139731339186,False
430240,6,-0.02969730095342368,0.028881159239404958,-0.08604371949859031,0.02514788034735482,False
430245,3,-0.028312910322161326,0.028917246473440496,-0.08442443777096455,0.02898778815485865,False
430250,4,-0.02048307184868819,0.028822101386213078,-0.07864190104726017,0.03733097599887577,False
430258,3,-0.028312773991809204,0.028907365702003758,-0.08521082865003726,0.0277459914257605,False
430260,0,-0.02152221524226282,0.029342354693025288,-0.07929629369330511,0.035803535148046926,False
430265,1,-0.018112491965861077,0.02970138310022933,-0.07629411602581576,0.040471161898699794,False
430270,7,-0.012487418212375099,0.02790186218564575,-0.06840830138927136,0.041751576473711104,False
430280,16,-0.015377606341166422,0.027546215942036482,-0.06820828615761397,0.038813507952544936,False
430290,1,-0.022370150473699616,0.028383371450856766,-0.07702982798589458,0.033991751923111116,False
430300,41,-0.017375590720120355,0.025790023381864768,-0.06703073265271961,0.033932278557473404,False
430310,35,-0.019883205854813124,0.026118471328649653,-0.07064655489295327,0.03203127402168435,False
430320,1,-0.025067727931429435,0.029769024239912154,-0.08332672478984866,0.0332993144269782,False
430330,4,-0.02332877934854446,0.02910072729283364,-0.07910886383260039,0.034233716200589154,False
430340,1,-0.025413816511948854,0.028833316985514657,-0.08179016283418386,0.03032755990354117,False
430350,27,-0.017162203361331427,0.026599140941778877,-0.06850478228061613,0.034034475313087544,False
430355,0,-0.02243821830129603,0.02952185893236812,-0.08027501486531115,0.034728452282052624,False
430360,2,-0.02451684015228111,0.028221288404400982,-0.07995601070890533,0.03087028699615994,False
430367,1,-0.02178050336408362,0.0290490901057452,-0.0789201564383304,0.03509306246535476,False
430370,1,-0.02121456448021772,0.02881557339718431,-0.0770440845107003,0.03541747005187219,False
430380,2,-0.0217379824062611,0.03001165029849672,-0.08011893079231146,0.03750595248760107,False
430390,35,-0.04085314818825052,0.025703982860193104,-0.09116445150311998,0.008699532762560792,False
430400,2,-0.021233702245664718,0.02876849982994822,-0.07865686861216833,0.03492949945906639,False
430410,1,-0.022948576977726256,0.029201778693749306,-0.07902399030236884,0.035519837129211626,False
430420,8,-0.03670059807577794,0.028537586038123446,-0.09275355156430182,0.018509905519685132,False
430430,2,-0.027859431562535956,0.028971436998110126,-0.08517623242711983,0.028696774812288713,False
430435,4,-0.03157213731554779,0.028246795204173596,-0.08717280672840085,0.02314742064411097,False
430440,20,-0.029214783127243963,0.026814711169114654,-0.08141695440753617,0.023372021677813187,False
430450,25,-0.008664068968628117,0.026812565543205068,-0.06138998888003714,0.044200091128612805,False
430460,115,-0.027644200833877464,0.022165457276174617,-0.07150216898251949,0.01605623256360001,False
430461,0,-0.022057772896145356,0.02950761572757371,-0.07963350895761848,0.03511048207497623,False
430462,0,-0.022277425664002596,0.029913755281578445,-0.08173813729254913,0.035640227316718356,False
430463,34,-0.025252181992462926,0.026078748276548377,-0.07512492512066729,0.026791013343021943,False
430465,0,-0.021478430641211143,0.029690371383387038,-0.07891317215248805,0.036984336257948364,False
430466,15,-0.03237445349104768,0.026318383293292592,-0.08371525326400985,0.019245941805784178,False
430467,0,-0.022291521964307028,0.029090193835105554,-0.07978393616673671,0.03545732795154167,False
430468,6,-0.011240008756942001,0.0289584145991399,-0.06889438328678857,0.04554049249442125,False
430469,1,-0.023340235747074778,0.02920905283279205,-0.08072686221866293,0.0339947954765415,False
430470,24,-0.027722069464735412,0.026562277971018677,-0.07904186399662165,0.024713667782215305,False
430471,4,-0.024579211294464377,0.02932763381236971,-0.08299966786672491,0.032923207827333274,False
430480,8,-0.023513658800032363,0.02860745008923368,-0.07796595432945343,0.03241930656573256,False
430485,0,-0.022093498050792106,0.028702023179862247,-0.07816164677086807,0.03349508708770058,False
430490,1,-0.02061415208875078,0.028568061077920898,-0.07647739787812217,0.035136836021952826,False
430495,1,-0.01975090661840235,0.029389112229180895,-0.07786607011401694,0.037751518779919724,False
430500,3,-0.016587859631615003,0.029122015252467985,-0.07316111281983267,0.040128349798595274,False
430510,71,-0.01848561437482329,0.02343501171638904,-0.06396617075072988,0.02823830660601177,False
430511,5,-0.023455750325142355,0.028952448481833815,-0.08064110995934638,0.03397309155406321,False
430512,4,-0.02243702231494883,0.028547925643055357,-0.07703129771768061,0.03330869333342134,False
430513,0,-0.021499300567621248,0.029155426458523544,-0.07856555305809364,0.035468355429810416,False
430515,1,-0.023140639236710888,0.028781085703978457,-0.07919985719560675,0.03286623944573714,False
430517,1,-0.02461431696344216,0.028648765110625588,-0.08086390571559934,0.03160199846730131,False
430520,4,-0.01929597743886887,0.0285070608021433,-0.07497691332474694,0.03716058767993722,False
430530,3,-0.024805256460238637,0.028217377422329,-0.0803160471027918,0.030370134866756934,False
430535,6,-0.021556057751846575,0.028224192319607863,-0.07672899529105516,0.0341271629821716,False
430537,5,-0.018785250145940197,0.029406128693690303,-0.0769541224422262,0.04024472978736817,False
430540,2,-0.026189581615421814,0.028362576139249997,-0.08183170792782336,0.029443639354575418,False
430543,2,-0.017630361058336735,0.02866055576243135,-0.07420529000143966,0.03997510996232415,False
430544,2,-0.02100917199680254,0.029776168946229222,-0.08012614128817708,0.037846598497568246,False
430545,12,-0.011948592476126571,0.0285180411562367,-0.06710007996736889,0.045405303591380036,False
430550,2,-0.029877165789567953,0.02981497086388482,-0.08776729088121071,0.02826295590157963,False
430558,1,-0.02276180054443187,0.0287506743111193,-0.07943499611848533,0.03252081498606465,False
430560,1,-0.02045689089671318,0.02936410749614023,-0.07884203458962727,0.03622723210798039,False
430570,2,-0.02266376725813177,0.028741944448479707,-0.07867094078040116,0.03543093737185033,False
430580,2,-0.027836908312585697,0.028940909855571274,-0.08452169772789705,0.029026402145244143,False
430583,1,-0.024538511165914587,0.029912514846046723,-0.08255416898455077,0.03299665622488245,False
430585,0,-0.022682431447010994,0.028629853119901728,-0.07856639843040795,0.033066000590750065,False
430587,0,-0.022616037941351166,0.030029649841620872,-0.07985604308222359,0.03680314748957863,False
430590,2,-0.018314148971534314,0.02833359416825317,-0.07471976998492398,0.03769372100655152,False
430593,1,-0.020959354967716275,0.02963782821017674,-0.08040441327988143,0.037182328375781434,False
430595,0,-0.02314280559369057,0.02816944466792212,-0.07910432890285675,0.03207516373203077,False
430597,0,-0.021749666533744764,0.028785958936487315,-0.0782009867654422,0.03553300856243803,False
430600,5,-0.020052144973705638,0.028344061702582152,-0.07624777836594158,0.03575665470248324,False
430605,3,-0.022380522350721924,0.028940808915069158,-0.07929275592552557,0.03504351236495533,False
430607,0,-0.022248743009954178,0.028841079564707887,-0.07900351198204147,0.03515881168419441,False
430610,32,-0.0038582609580765006,0.026132989220507354,-0.055245408824310865,0.04825683982600066,False
430613,2,-0.023289469593878943,0.029555681132124097,-0.0807196065218733,0.03376045055210144,False
430620,7,-0.02193691581674694,0.029432028410755352,-0.07895556137270467,0.036238395630262286,False
430630,1,-0.023975083662625376,0.02877018384214885,-0.08030812968028525,0.032930805922218066,False
430632,0,-0.022120633222638807,0.02906319928118608,-0.07887567856891631,0.035824305932006945,False
430635,1,-0.022918335229372994,0.028853248491906347,-0.07904015673824286,0.0332776284154232,False
430637,2,-0.018688148831678967,0.029117714022087234,-0.07509330220636184,0.03833253722078621,False
430640,21,-0.021932107977898227,0.027815945264976424,-0.07597628104533821,0.03310407139689253,False
430642,2,-0.028765600669721673,0.02956981614580549,-0.08566368991866737,0.02808132690594956,False
430645,5,-0.02873173348580998,0.028813513930611507,-0.08644127116548962,0.02809677595422839,False
430650,3,-0.019870015571828336,0.027924458459010877,-0.07496098753640812,0.03472412267546393,False
430655,0,-0.022399909681044668,0.029793628116063113,-0.0802035995858998,0.03553966570051803,False
430660,10,-0.024182185186958943,0.02821055606020777,-0.07917804933789728,0.031801183517668724,False
430670,1,-0.01872080785478343,0.029219234853659796,-0.07527698571729922,0.03794797431217587,False
430673,0,-0.022221541895650593,0.028956290997536178,-0.07906610845417981,0.03355555802344795,False
430675,0,-0.022452883579491753,0.02957251991599571,-0.08274549370262457,0.03334490349755598,False
430676,20,-0.016766600110243616,0.027187206934060192,-0.0706166061295246,0.03551200395972259,False
430680,5,-0.01627066479891382,0.02802183415646192,-0.07092845863468615,0.03883141883147614,False
430690,10,-0.01902500846089661,0.02786373749653944,-0.07482835638542998,0.037127163171509506,False
430692,0,-0.022186883609457028,0.029474402491959793,-0.07960096891436041,0.03651280313969979,False
430693,6,-0.022214268408343486,0.028646266474857848,-0.07901774646649527,0.0333285728843183,False
430695,2,-0.02242159370927566,0.029587193302005047,-0.08043681035354336,0.034439419569510014,False
430697,0,-0.021701743474724207,0.02948615431830479,-0.07935964934308123,0.038399591453512294,False
430700,63,-0.03339507503156003,0.023999451013094742,-0.0803862399139229,0.014401658772906731,False
430705,0,-0.021805285785524552,0.029727602394773716,-0.08027723729524934,0.03656604081143225,False
430710,3,-0.023512415147243785,0.028363119731906104,-0.07899913024864275,0.03247547996170916,False
430720,2,-0.024060589365068063,0.029322875813066748,-0.08112565468115207,0.03397072883655383,False
430730,2,-0.01664268106598748,0.02847158505025745,-0.07288942736842322,0.03953535234943556,False
430740,1,-0.021472114313059884,0.028675801513243608,-0.07724723737455548,0.034132054759518034,False
430745,2,-0.017180855407110115,0.028719348397301114,-0.07270746705420211,0.038815890474015936,False
430750,3,-0.02474655960844361,0.027952822791352062,-0.07987157162520125,0.03019601363217756,False
430755,2,-0.020386046583190397,0.028464778660802603,-0.07396237485599914,0.03398768276964612,False
430760,27,-0.03889435723658713,0.026550930957074753,-0.0912020904272757,0.013257551003146814,False
430770,43,-0.061760403733016084,0.026251097204188313,-0.11474351731968192,-0.01069406135230098,True
430780,14,-0.023237181388220316,0.028073678077668623,-0.07937976328194249,0.032632141788207725,False
430781,1,-0.023218256787709814,0.02852781840025968,-0.0792641820632111,0.03295363378547931,False
430783,0,-0.02180140234381858,0.02982267316891374,-0.07978355304738438,0.036956924336215856,False
430786,1,-0.0255917021304888,0.029401319006148435,-0.08239300731603094,0.03262088822544879,False
430790,18,-0.009313219362347636,0.026293194145490358,-0.06012791268232729,0.04268592720153233,False
430800,1,-0.019943486449657027,0.028903199613271088,-0.07573041398518787,0.0362514282681914,False
430805,1,-0.023688185981699823,0.029834554876271263,-0.08216269712058433,0.03532109235543648,False
430807,6,-0.03581519920984194,0.02894915443553069,-0.09231226839847752,0.021267901806813674,False
430810,2,-0.022696351422695462,0.028616083765047387,-0.08090563484291555,0.03423118176068158,False
430820,11,-0.03153357191165353,0.028101917956588368,-0.08646678879248088,0.024137021066064527,False
430825,0,-0.02259455940496696,0.02950789553449801,-0.08153934083204262,0.036924216114879234,False
430830,2,-0.026522413063563732,0.028647850126058784,-0.08329875404842985,0.030478544422884588,False
430840,3,-0.025544818376138978,0.028378982824300066,-0.08088228450878392,0.029952466288702954,False
430843,0,-0.022774440029490927,0.02861125031447272,-0.0777199480945754,0.03416975421676753,False
430845,1,-0.024711847749164878,0.028881661496690806,-0.08090512944790454,0.03230710455774809,False
430850,16,-0.01549415810263491,0.027833956128984736,-0.06992260404399843,0.03975419699169367,False
430860,12,-0.02302876382056102,0.027705179860520363,-0.0766806983024493,0.031839880387768096,False
430865,1,-0.022142892015853476,0.029155693496221213,-0.07812566472620919,0.03530699893844236,False
430870,1,-0.023283526060512257,0.028738297316993455,-0.08078249260516802,0.03338832944665569,False
430880,3,-0.018130972995589655,0.029037812042125924,-0.0739641647761307,0.038403220471896655,False
430885,1,-0.023476686532767493,0.02961554135541167,-0.08210993339537098,0.03531202586600788,False
430890,5,-0.012724732510844385,0.028332511123105815,-0.06773549985294057,0.043252796072181555,False
430900,9,-0.029556484501656353,0.0282983792686239,-0.08501967506508065,0.02772093650718011,False
430905,3,-0.029052830651911585,0.029094763464394626,-0.08640256960405616,0.027287975782488722,False
430910,13,-0.03288896573370056,0.026638663030224156,-0.08512088683652479,0.018979871499691763,False
430912,1,-0.021693888518514337,0.029046721713686652,-0.07871183197258858,0.03563937668149452,False
430915,1,-0.023972904158752025,0.02916796684818741,-0.08080147296094056,0.032289266504035775,False
430920,91,-0.015518001208779518,0.02326070344295771,-0.061385279297230436,0.031056603141889707,False
430925,1,-0.01826086275542174,0.029200398533435635,-0.07477517655965239,0.03994970543904774,False
430930,35,-0.005323806933241741,0.026300946981356776,-0.057079357848419096,0.04666372800018907,False
430940,11,-0.024099204680241453,0.027856168155046324,-0.07954903705449484,0.030466535366004435,False
430950,3,-0.02311722499569724,0.02949288906230522,-0.0825963342131493,0.035881916648220914,False
430955,5,-0.011921944945023836,0.028801269645877772,-0.06914568262648262,0.04494791822473361,False
430957,2,-0.020266410940136984,0.02953025036986428,-0.07783169216227187,0.038802424156581486,False
430960,9,-0.01148745302885529,0.028598407099462684,-0.06709531060537396,0.04476802316212641,False
430965,4,-0.01788363470856652,0.0285041582777839,-0.07183429020186946,0.03850994497125857,False
430970,2,-0.020608237196622775,0.028349366860783345,-0.07523403306295295,0.03525793726682024,False
430975,0,-0.022149027003590352,0.0292707904187146,-0.07880556159613207,0.03526377818081099,False
430980,0,-0.02284150210353507,0.028519432434823272,-0.07885882746554973,0.032096300391598054,False
430990,2,-0.028407845081161526,0.02929457315342102,-0.08649168896643916,0.030095326417832847,False
430995,2,-0.017631724584910358,0.028833662189187582,-0.07376180452190127,0.038443001147209055,False
431000,8,-0.020878889412817195,0.027267189906795084,-0.0729599360860432,0.03228667253802403,False
431010,20,-0.01780105295133841,0.026578815215837666,-0.07003827812380882,0.033739437050058656,False
431020,45,-0.04453975408019396,0.025808243955732363,-0.0953180230810682,0.005843882549210511,False
431030,2,-0.019805751144006994,0.029379586103396037,-0.07652382546385096,0.036306008101705034,False
431033,15,-0.020676700758191807,0.02781059336818661,-0.07502163323500657,0.03492410870715609,False
431036,1,-0.024541366898892813,0.02922740151853221,-0.08260236231432029,0.03159338704039662,False
431040,0,-0.021362322606763476,0.028338544988984242,-0.07515704146279624,0.034243108642150515,False
431041,1,-0.019421805178251633,0.030436272950844466,-0.0793216452305648,0.03943178030923423,False
431043,1,-0.024008137066961765,0.028924802743656823,-0.08146964146826224,0.0318389818617837,False
431046,0,-0.022658381182821662,0.029073050675933708,-0.07832027003954416,0.03454134181316317,False
431050,3,-0.019862155377045443,0.02833229823031107,-0.07432762712168216,0.034924904265683024,False
431053,0,-0.022036741556170247,0.02986057746512578,-0.08160242022781941,0.03654302325446336,False
431055,1,-0.02371849782197113,0.02881334892518626,-0.08006746275520663,0.03471660832512385,False
431057,0,-0.022222019550604558,0.029317360450372806,-0.08049159953799027,0.0348770067177233,False
431060,22,-0.022956910455353332,0.02768533397515567,-0.07706996065232494,0.03015563133295676,False
431065,2,-0.0200294393006978,0.029021954126105785,-0.07631877471903487,0.035227304106312717,False
431070,2,-0.013547902856837121,0.02937639184960085,-0.07012758491956049,0.04399328995341835,False
431075,0,-0.022621803522404234,0.029205565365334446,-0.0790809038281443,0.03421945810083757,False
431080,3,-0.01698037722106525,0.028580533462678036,-0.07215351507223658,0.039739432057172994,False
431085,1,-0.019668687270064864,0.029444339799460414,-0.0776622354115911,0.03934645744247383,False
431087,0,-0.021926820673755856,0.02925778435945465,-0.08013771217863144,0.03616033451987639,False
431090,2,-0.025330529946527177,0.028835848274605773,-0.082936433470186,0.031272722091611936,False
431100,10,-0.03260687045224662,0.0285134632618981,-0.08828773321440278,0.022263517831802818,False
431110,5,-0.02728836414419438,0.02880251381152027,-0.08446286642447773,0.029668058251747054,False
431112,0,-0.021991103481992194,0.028294846200576693,-0.07683292415380316,0.033969782821249524,False
431113,0,-0.022167843497584622,0.028861297667679288,-0.07902407651659567,0.036585653545882425,False
431115,2,-0.01863198323062201,0.02941174346294198,-0.07530528947648191,0.03859850793583908,False
431120,1,-0.017724975854399513,0.029081156510723936,-0.07441295575988466,0.039524438731262275,False
431123,2,-0.02213589132268224,0.029885540190781795,-0.0809850799563973,0.03582851735755064,False
431125,0,-0.021513347441920003,0.02913161256091054,-0.07915140197277643,0.035202320950560306,False
431127,1,-0.021266719815067694,0.029429867767820916,-0.07921076174068888,0.03801212091939956,False
431130,7,-0.021987593010508705,0.028033733823588796,-0.077430157088524,0.03263859282438465,False
431140,11,-0.045168390259813285,0.027776096560652042,-0.10000093530992225,0.008978080117766445,False
431142,0,-0.0219233503969679,0.029228550499030958,-0.08078934850297514,0.03565803357125973,False
431150,3,-0.025989577980611574,0.029838839033782275,-0.08517313226239949,0.03291492724613146,False
431160,2,-0.018119500503880347,0.028630421535988198,-0.07524903293149773,0.039045271943357315,False
431162,3,-0.028830416510849454,0.029209701059893567,-0.08674496876770511,0.028005708345917455,False
431164,1,-0.024258106805214633,0.028851949427549015,-0.08283892816171612,0.03268184826372192,False
431170,0,-0.02236086734660596,0.02919295806385528,-0.07941739709478118,0.03347029314790586,False
431171,2,-0.020758527666374968,0.02922945488254908,-0.07748270415768356,0.03777742118706375,False
431173,3,-0.01988586783640112,0.02868974589611863,-0.07672878572693935,0.03701804055358295,False
431175,3,-0.02550087164492003,0.02924033312605998,-0.08309700575094522,0.03198641810552798,False
431177,2,-0.01757026497167886,0.028520669700080034,-0.07434650227653412,0.03920542013411485,False
431179,3,-0.01910061361449116,0.029347032928855286,-0.07449619045027231,0.03857134927933329,False
431180,9,-0.03219049279795881,0.028337981625843812,-0.0881851558506435,0.022770719761616945,False
431190,1,-0.01968617332495806,0.0291130324574402,-0.07697875550459012,0.03774223793367021,False
431198,0,-0.022625336995845274,0.02885512630038031,-0.07947783937710885,0.03315887945546743,False
431200,2,-0.02190564507880384,0.029178864778243812,-0.08008192596249651,0.03344977965920297,False
431205,4,-0.01997106551330758,0.029049909088107315,-0.07690925793178337,0.03642935115485868,False
431210,1,-0.024929659146979963,0.02904722546425916,-0.08295556405248436,0.03292989462026562,False
431213,0,-0.02275232570097966,0.02924393643469808,-0.08073380758872464,0.03413375029280009,False
431215,1,-0.025577413607487397,0.028601443461260284,-0.0820544326129045,0.030343482191358833,False
431217,1,-0.019595948434858027,0.02875631340933954,-0.07547135367387202,0.036251665126040826,False
431220,0,-0.022054026935168093,0.028873510202457407,-0.07888702645387008,0.034560843130781255,False
431225,2,-0.018307871988623794,0.02861562536559694,-0.0741391207782152,0.03823215619361405,False
431230,0,-0.022023153525620235,0.02936039119362111,-0.07970443983155719,0.03565099607704528,False
431235,1,-0.022335007512586106,0.028841981809456126,-0.07750147869677729,0.03473263054172507,False
431237,1,-0.018569303924158193,0.029428978713514718,-0.07605542573239664,0.0398205473610242,False
431238,0,-0.022414010898035856,0.029020970799520138,-0.07858242024924031,0.03454858972417351,False
431240,26,-0.032650485995271726,0.026795391555337743,-0.08547051150394566,0.01866660297993925,False
431242,2,-0.021691526493551137,0.028734412530361162,-0.07725580619003851,0.034603842491963986,False
431244,1,-0.021330918473760847,0.029181358635051516,-0.07964536689654725,0.03686416590016076,False
431245,0,-0.021877744507179914,0.029441389689747303,-0.07973564185531366,0.03548457984185145,False
431247,0,-0.021575225114733296,0.029142473969655205,-0.07895140108553501,0.03558875825831864,False
431250,5,-0.021391755980874422,0.028852337067014337,-0.07779929276080352,0.03497946036428929,False
431260,2,-0.015149548827754968,0.029191024564664835,-0.07200981297501285,0.04253834341313054,False
431261,0,-0.02190951772236531,0.029902191777427107,-0.07946343019989588,0.03613693737151281,False
431262,0,-0.02217402434765949,0.02896873767041771,-0.07909334434590576,0.03474143263686289,False
431265,6,-0.027101559550085558,0.02847241934241295,-0.08338026879836176,0.028768111447936333,False
431267,1,-0.024263231646193647,0.02897737912376654,-0.08046058748313689,0.03292329913550259,False
431270,10,-0.005062668879744701,0.02797368346924584,-0.05921191948144349,0.051040341609568836,False
431275,1,-0.02302180508512609,0.02818920906066674,-0.07847026662666932,0.032502174423731336,False
431280,4,-0.024678494034957178,0.029191427264150843,-0.0829149233527934,0.032404397827456494,False
431290,3,-0.024508447487521234,0.028842992682632723,-0.08007949410022001,0.03326398062773957,False
431295,0,-0.02264214489070876,0.02914314705956314,-0.08054403313390687,0.03445588832980104,False
431300,1,-0.022092069105494213,0.027983319789537477,-0.07705256015158972,0.03339294868136308,False
431301,2,-0.02081725230565984,0.028493806001030915,-0.07634292246906049,0.03599618026872561,False
431303,2,-0.015355821326997721,0.02958823075322003,-0.07334334881795165,0.0419683952933346,False
431306,11,-0.026351844308425673,0.02820924291259812,-0.08173968473701423,0.02812705539164207,False
431308,0,-0.022586080959793482,0.029662871117333508,-0.0803178360328889,0.03602425813461376,False
431310,3,-0.02412121099581631,0.02880525713247732,-0.08081851673052519,0.03219923512993421,False
431320,2,-0.021647685530616013,0.028240485023158277,-0.0769964745935518,0.03287285527010479,False
431330,4,-0.019871138724014022,0.027248905583280622,-0.07316909930491415,0.033269618832936665,False
431333,1,-0.025848827940914608,0.02869717346100633,-0.08228659883976118,0.02937729070272389,False
431335,1,-0.025790785350395546,0.02823059684346898,-0.08014842404063822,0.029424279317849272,False
431337,18,-0.010833808267385763,0.027087527725288982,-0.06421409647844462,0.04413727463581497,False
431339,0,-0.02244594706643653,0.02941774221229322,-0.07932797258769884,0.03552862450578132,False
431340,98,-0.04911151622775815,0.0236003032191231,-0.09598992206349916,-0.003903118079884768,True
431342,0,-0.022646888473670544,0.029028995523355323,-0.08022378333949912,0.03412892832011295,False
431344,2,-0.01908574152670681,0.028386499383096116,-0.0738590287676261,0.0363089566396665,False
431346,0,-0.021867010478349783,0.029015383629406765,-0.07769516434606488,0.03461055364120149,False
431349,4,-0.024664803364232834,0.028502253551746275,-0.07922831524354379,0.03196059787621559,False
431350,33,-0.014578620713621196,0.02570802642550679,-0.06397355250173237,0.03489233504774014,False
431360,0,-0.02217956278912555,0.028247531892872595,-0.077162003979731,0.03375521490880832,False
431365,6,-0.01917751470306423,0.029371986165140817,-0.07627095369244685,0.03826879758796221,False
431370,16,-0.0351129337069416,0.027223129666272813,-0.08974150105027731,0.019060585850347693,False
431380,1,-0.01993987628386408,0.029081142272132085,-0.07705000159361532,0.03639474008602521,False
431390,19,-0.022599796079912627,0.026487347940783855,-0.07391406777210037,0.030071722363203036,False
431395,3,-0.023674694857439,0.028766510563348842,-0.08029375316671991,0.03270095203125944,False
431400,1,-0.019018243633491937,0.028206828347803137,-0.07546627070401679,0.0358940384527338,False
431402,4,-0.03641852615015805,0.028730850095073045,-0.09443563056556224,0.02095460397645036,False
431403,0,-0.02267469739736403,0.028918529385091072,-0.07916604689734136,0.0335264690064273,False
431405,30,-0.04152139835984325,0.02701877692501566,-0.09448605508601625,0.011051875443910151,False
431406,1,-0.0256602494952182,0.028836020475572162,-0.08194270334089103,0.03133147974243658,False
431407,3,-0.01755699697624608,0.028752078859529462,-0.07418878040844468,0.039113530811557946,False
431410,52,-0.01910052579706742,0.024042010297241654,-0.0658504545593232,0.027242538083236886,False
431413,3,-0.015708636580709784,0.028862047955455255,-0.07260478000820625,0.040426127068934295,False
431415,2,-0.022650831307616685,0.02865783309568959,-0.07901587550786404,0.03409006956862345,False
431417,1,-0.020056599441838772,0.02959438408493738,-0.07729246039096417,0.038724245225760054,False
431420,5,-0.016683570453271984,0.029469397402965027,-0.0744494966966565,0.04023469806346856,False
431430,2,-0.014783618057177804,0.029526495684422224,-0.0734317073435423,0.04260472581543996,False
431440,197,-0.037529259182706956,0.020231004471014863,-0.07858621761973623,0.0011364988719213727,False
431442,0,-0.02219662152103578,0.02957383442554776,-0.080398580655989,0.03490523890099992,False
431445,0,-0.023051532850951337,0.029252340403952883,-0.08068135791110996,0.034738158999525974,False
431446,1,-0.01837319379103627,0.028328240258373303,-0.07280625101071571,0.03592201922574406,False
431447,2,-0.02274298041046603,0.02870695900764764,-0.07908755222571427,0.03371615845010742,False
431449,0,-0.02262150882197279,0.02842877864299635,-0.07909910029135392,0.031914514654209004,False
431450,7,-0.027398477241454687,0.02944529915201905,-0.08542592698486584,0.029973828131748367,False
431454,0,-0.02248501130700986,0.028577301613303848,-0.07896817410854873,0.03410027201794711,False
431455,0,-0.022076642022727716,0.02951761303197905,-0.0795197920326284,0.03633891016351961,False
431460,10,-0.02039309185840478,0.027903693841964502,-0.07551162720657638,0.03424202461286071,False
431470,8,-0.025519560166803668,0.028515967137336073,-0.08006086998370807,0.029732743786971237,False
431475,3,-0.024016348316023152,0.028523661048824527,-0.08048946316264745,0.03241184067276201,False
431477,1,-0.0253771994428526,0.028979924710730885,-0.08144961305372889,0.030376501356073768,False
431478,0,-0.022327657232655753,0.029769129790437214,-0.08097329853081973,0.036111834307003154,False
431480,16,-0.014381313754503402,0.02721074622320855,-0.06697521061808893,0.039890339736888,False
431490,164,-0.02818820480960051,0.02092658242134581,-0.06895959479627332,0.01243575890557797,False
431500,0,-0.021944829542803024,0.028474112065653916,-0.07919703159592067,0.034343366959106406,False
431505,0,-0.022523630088299735,0.029007834608048396,-0.07883385914922604,0.03339771298037268,False
431507,0,-0.02300478284942137,0.029339504436112343,-0.08114343500456021,0.03438403299548667,False
431510,2,-0.02334614235773991,0.02793248255249249,-0.07760646156565089,0.03222753861205069,False
431513,1,-0.022543116436800653,0.029352053706987697,-0.07993060165786474,0.034622381239836075,False
431514,1,-0.025541779415147972,0.02964493238901483,-0.08424082396072144,0.033215692897269014,False
431515,5,-0.02532191050299255,0.029217391052808524,-0.08294186696799001,0.03169634855699924,False
431517,0,-0.02226187242348358,0.028193677494949415,-0.07922010196374982,0.03338156618040572,False
431520,0,-0.02217122768333165,0.029677255629729643,-0.07912848311621574,0.03576933583453903,False
431530,14,-0.024400544954830707,0.02809219772961037,-0.07943345189988694,0.03105296561554155,False
431531,2,-0.024849390805951714,0.02945107430979518,-0.08298107269017495,0.03211182763222009,False
431532,0,-0.022496317835375302,0.028315435308704184,-0.07785532445941543,0.03288120544480783,False
431535,3,-0.024379897335827575,0.028874663569001292,-0.08082803967675346,0.03080813849953013,False
431540,13,-0.019540115559491953,0.027764776760351724,-0.07404098161793664,0.035185589479158653,False
431545,0,-0.022778716313353698,0.029235791554055122,-0.08029798269180922,0.03305790840007146,False
431550,5,-0.01844455462787699,0.027990319810062527,-0.0731261502877756,0.03662883048197508,False
431555,0,-0.022548945759065533,0.029097818237351785,-0.0807313768621012,0.0352827810300136,False
431560,71,-0.026698408570422192,0.02423341407039264,-0.07244385318482116,0.021058891491355456,False
431570,22,-0.019807684084203057,0.02837850898002843,-0.07714282220005317,0.037540458981533284,False
431575,0,-0.022017648635910585,0.02978302524590859,-0.08186264975787691,0.0364679837558649,False
431580,3,-0.027806730057086095,0.02818979760990312,-0.0847586853955437,0.026438042544614297,False
431590,1,-0.022983390432752392,0.028034684621268104,-0.07758186899908287,0.0306857992769071,False
431595,0,-0.022615389690257483,0.0287423995438417,-0.07902903291883281,0.03417389577496367,False
431600,8,-0.020742317921922982,0.027672987537019203,-0.07590160837674488,0.03347804098559133,False
431610,2,-0.024210043229368546,0.029080986761128826,-0.08086700046586462,0.03216058919564823,False
431620,1,-0.019507220728235675,0.028627833015651246,-0.07614163391674157,0.03733509019078725,False
431630,3,-0.023941770869750027,0.02848140619184427,-0.08001778131489233,0.03149308976036811,False
431640,20,-0.029951653164797476,0.027220859567126877,-0.08334054641229195,0.023365999005154,False
431642,0,-0.02179089103084806,0.030145661158498413,-0.08098572009882848,0.037932430477847466,False
431643,0,-0.021671384581971223,0.029711367546220058,-0.07964464945027806,0.03646394875056721,False
431645,4,-0.027792768428474925,0.028591604683886204,-0.08345449817475509,0.027043472369802667,False
431647,0,-0.022454658213623493,0.029165013298713644,-0.07992617599046932,0.03400139484388449,False
431650,3,-0.019462223510722302,0.028153477949490198,-0.07522484864534411,0.03674423554374325,False
431660,0,-0.02204330172269012,0.028942130941662394,-0.08008675574693411,0.03311361811526929,False
431670,4,-0.01902156032480246,0.028777841507768603,-0.07562376120458021,0.03787313888373615,False
431673,0,-0.022702522166470413,0.030104755225401413,-0.08187831758203032,0.03659183499348346,False
431675,1,-0.02485012581043235,0.028957546947218034,-0.0813238667491886,0.031089004985364713,False
431680,53,-0.015352862634715168,0.024234581349887364,-0.06355671299429176,0.031670666811857665,False
431690,70,-0.031014255012106313,0.02327686094422972,-0.07632556974719706,0.014416696993973773,False
431695,1,-0.019489971316559378,0.02955091719090586,-0.07781954212151214,0.03883010891306641,False
431697,3,-0.0206646075907609,0.02878376589953624,-0.07790693275492344,0.036646031981628344,False
431700,4,-0.030209211653054534,0.028714918477852822,-0.08665557386741375,0.02600190187799864,False
431710,57,0.012815347655604487,0.02539538603762018,-0.03708668327731146,0.06404790582166059,False
431720,27,-0.04118378130732378,0.025589396814073805,-0.09107311755700347,0.008880380829172018,False
431725,0,-0.02271911571333628,0.029433256278806722,-0.07993238725351677,0.03479602354195198,False
431730,14,-0.021757213535356826,0.02782500314635973,-0.0763134418889568,0.032793592671705396,False
431740,19,-0.04115039002102149,0.02768440294959036,-0.09729234661939494,0.010655111452514545,False
431750,38,-0.02227663358542996,0.025404007513368642,-0.07305978275163426,0.02753584582278778,False
431755,0,-0.022613899143077314,0.02858415036412528,-0.07803088596040657,0.03438336710391081,False
431760,21,-0.02062209186049557,0.02726327841370905,-0.07306965619570166,0.03327780415413972,False
431770,2,-0.01999735227830684,0.02925040850530702,-0.07901317971641383,0.03754926662350916,False
431775,1,-0.018444022593780418,0.028931580163589224,-0.07516340590419576,0.0377250546339101,False
431780,9,-0.009804956857576236,0.02825579880180319,-0.0641450338887972,0.04518109719933729,False
431790,1,-0.02392052904849758,0.028930604862352716,-0.08040900379445422,0.03279846486915649,False
431795,0,-0.02223682422008666,0.029358426283958974,-0.08014528308816424,0.03553620947799636,False
431800,40,-0.05693457777105804,0.02661921946321867,-0.11008111608510356,-0.005421213025772509,True
431805,1,-0.023450742596705352,0.028944288551248587,-0.07959498592656669,0.0350480915092512,False
431810,2,-0.01653977678995106,0.028005682885125074,-0.07168170624487671,0.03776217489104433,False
431820,12,-0.02752263431806034,0.02780765482329057,-0.08295713336821256,0.026843013265349693,False
431830,35,-0.028018558243004445,0.026023901179848544,-0.07998258019148317,0.02266933811616435,False
431840,7,-0.02044638765984063,0.02831258211277063,-0.07553652449807217,0.03408131446167164,False
431842,0,-0.022695104571911023,0.029103204687256114,-0.07946315255198087,0.034227296834862336,False
431843,0,-0.022338452056156324,0.029654188151732527,-0.07932076386198114,0.03829289246099664,False
431844,0,-0.022637392417314113,0.02987894821813711,-0.08054008744154849,0.035192153273100504,False
431845,0,-0.022934007803442038,0.028870903608926916,-0.07847611885741795,0.033370017766127726,False
431846,1,-0.02477973760831932,0.028988021392680422,-0.08193429665889412,0.03190687676136723,False
431848,1,-0.01933084568189287,0.028982957727170227,-0.07720795441016613,0.038797892171577406,False
431849,1,-0.024003880774354294,0.029684664795574058,-0.08291863048202586,0.03445511387561987,False
431850,9,-0.0247749687702833,0.028393952888385598,-0.08096780683604174,0.03171152749118352,False
431860,1,-0.024655861942699985,0.029120737416680337,-0.08176587144311703,0.032357157627712525,False
431861,1,-0.025301665671672437,0.02909497506430554,-0.08272042021961547,0.03226841846661498,False
431862,1,-0.02359236830170945,0.02887270333868279,-0.07945534899345903,0.033509522176422904,False
431870,151,-0.011960339994519523,0.020764863029229672,-0.053355489798124316,0.028415852942392905,False
431880,12,-0.017008522503225248,0.02760910422396641,-0.07178421004428372,0.037650900607120306,False
431890,21,-0.023321461476630428,0.027444537269418996,-0.07846956780970694,0.029368147017329954,False
431900,3,-0.016688039718729838,0.02805711951931318,-0.07245505766242052,0.037947767440595186,False
431910,2,-0.020496023044268213,0.02958375769146259,-0.0772373489443734,0.03671505545807986,False
431912,1,-0.02379985653363217,0.029765003238375914,-0.08297822581742564,0.03469550637438669,False
431915,6,-0.0018236334879688147,0.028602914058523186,-0.056758184899261925,0.05362886067814396,False
431920,2,-0.018805923157606864,0.028546841123826255,-0.07514522510889526,0.037073601447578965,False
431930,3,-0.027878239996886534,0.028930274855426787,-0.08623796197304005,0.030230079379448986,False
431935,1,-0.026902808566973153,0.028600251878214723,-0.08273430390816294,0.029592600373369676,False
431936,0,-0.022080759637848398,0.029827051307476156,-0.08156303620893258,0.0356101486352541,False
431937,0,-0.022380871867848033,0.028962340829299847,-0.07954635562860046,0.03292144814834136,False
431940,7,-0.022431097754316735,0.028786549063269416,-0.07808209852418323,0.034387435483568006,False
431950,10,-0.008130245161092104,0.028333587084144046,-0.06264835885756054,0.047501284826491644,False
431960,7,-0.022253988425457828,0.028413689062743303,-0.07776080342876182,0.034741442611216825,False
431970,1,-0.019427299820273337,0.029140993844765997,-0.07707845850013548,0.03729902526033882,False
431971,0,-0.022084134688744594,0.02939648031132954,-0.07907491746485709,0.03638287596176967,False
431973,2,-0.017638611824548754,0.028613743510292066,-0.07239726073293319,0.03954109351979835,False
431975,1,-0.025156837429809637,0.029193863142676444,-0.0837891739306289,0.03230924473889127,False
431980,0,-0.02098209969981968,0.030055024874478958,-0.07966807890091059,0.038097026299919956,False
431990,45,-0.011346289565839024,0.02562479263094349,-0.06158597958111668,0.038942659220196546,False
432000,50,-0.031114081367746196,0.025061356932633727,-0.0803993875328865,0.017843897344701407,False
432010,8,-0.026964417495431364,0.028507355695536543,-0.08265761965830028,0.029143307640362773,False
432020,12,-0.028456971666724562,0.028228279310174985,-0.08538410163881446,0.026360507634090032,False
432023,1,-0.018320472955232318,0.02920785869857109,-0.07578585065202714,0.039036789044160254,False
432026,1,-0.025764418977156426,0.028257257259734096,-0.08122369480793586,0.029006133763918952,False
432030,0,-0.02139079746481201,0.028585513057536132,-0.07682819751441086,0.03516467378478492,False
432032,0,-0.021324509334320903,0.0296042264035672,-0.08111131341737259,0.03609991498957691,False
432035,1,-0.02500416434003275,0.0296144741782913,-0.0836812717927466,0.03217658550574502,False
432040,6,-0.03521382346476538,0.028601685518742953,-0.09131542778112986,0.020790918344716167,False
432045,2,-0.021779414043444207,0.028038112776043615,-0.07622771116152566,0.03350522388815111,False
432050,1,-0.019259775888336255,0.028932574110325883,-0.07752341268675257,0.038609520985425874,False
432055,0,-0.022350068195095038,0.02909579013678911,-0.08016132612052161,0.03496073817015838,False
432057,1,-0.025369915771305148,0.029815191308558857,-0.08406236479260375,0.03368416204835554,False
432060,0,-0.022340834312560353,0.029456601022489343,-0.07895300846930627,0.03646711591409264,False
432065,0,-0.02238156809323735,0.029903702994016665,-0.08130730480974142,0.03611000230636761,False
432067,4,-0.012739586572663766,0.028890600564350295,-0.07034242473664451,0.04522987255550619,False
432070,7,-0.027657393846307624,0.02894006014377731,-0.08415285136029042,0.02915398826314513,False
432080,4,-0.018856178562663355,0.02793156036614008,-0.07349682962422004,0.03682603095072305,False
432085,3,-0.02611550321082398,0.029597054135368072,-0.08453415483567295,0.03289881884117389,False
432090,5,-0.03941019290784772,0.028277850149782666,-0.09474203310653419,0.016283909943779273,False
432100,3,-0.018116829775506573,0.028468230486465965,-0.07364422762636397,0.03544741867223242,False
432110,10,-0.02022754273034202,0.02788823338711749,-0.07428964542472756,0.034398600238189136,False
432120,33,-0.014268163576321229,0.026268895805178712,-0.06628737401372027,0.03802427029768045,False
432130,5,-0.024429461088269277,0.027252011576080343,-0.07720445104070647,0.030000428353318825,False
432132,1,-0.026447054065636976,0.029322625682152947,-0.08459959122535601,0.03133259903438145,False
432135,2,-0.019141861482692608,0.02879988714331763,-0.07608452217728982,0.0369403945881306,False
432140,4,-0.02177268824692505,0.028353440094737302,-0.07582155746602649,0.033640381448284004,False
432143,7,-0.020022024214206596,0.028535701841393337,-0.07686639800539184,0.03516974698401928,False
432145,14,-0.028798923070134715,0.02834480100558314,-0.08464316221511291,0.02777452863899276,False
432146,0,-0.022295175549877415,0.02887806176803413,-0.07748260291292385,0.03480344490132798,False
432147,2,-0.0249567470087564,0.028540237994619532,-0.07998112803030977,0.030612009269862808,False
432149,2,-0.01999301947929256,0.029250584402596563,-0.07733044239525812,0.03783205791218068,False
432150,14,-0.012069429439035806,0.02732413808181022,-0.06464665792528884,0.041068424240786446,False
432160,41,0.006275293792777027,0.025225481463927942,-0.04338597107033091,0.05561959658870987,False
432162,0,-0.02205939270746639,0.029722475409797736,-0.08035172700822367,0.03800821963864962,False
432163,0,-0.022488623838741083,0.029297879314259402,-0.08089036590558718,0.03374021470599738,False
432166,2,-0.023001740370858524,0.029603810768450655,-0.08133718776215608,0.03518955676433738,False
432170,12,-0.015709754614826238,0.028381191454419766,-0.07142249839233406,0.038854075565730145,False
432180,9,-0.03231491571867286,0.027882014706916886,-0.08677884649674646,0.021826275531323235,False
432183,2,-0.023763982400033707,0.028711428053830212,-0.08035216197518902,0.0327286218459006,False
432185,2,-0.018625445706182228,0.028928944924627147,-0.07526383700009959,0.037678912887860044,False
432190,10,-0.030595521164169685,0.028297737179457855,-0.08675108379618773,0.025060115810700567,False
432195,4,-0.017057241267815815,0.028828210281924782,-0.07397839337448514,0.04031692961940571,False
432200,15,-0.01853553861702306,0.027802261815371085,-0.07389594384723079,0.03643863153715394,False
432210,2,-0.02797973358646474,0.029828753291131976,-0.08811535225502894,0.03016017708524964,False
432215,1,-0.023876054487486698,0.02890568338352337,-0.08069821511578922,0.034286901341412074,False
432218,0,-0.02234838871633879,0.028674819832552104,-0.07892811785681005,0.03332705333997725,False
432220,9,-0.03646895034681412,0.028959750899927507,-0.09417899998978856,0.02015630517732941,False
432225,1,-0.018878742303885535,0.028882309559458093,-0.07575649612697974,0.038476407753603434,False
432230,1,-0.02253861554092909,0.029402606359443327,-0.08123054000814685,0.03581319909938109,False
432232,1,-0.019033095607869338,0.028061057514264222,-0.07274730491761615,0.03642567260921703,False
432234,0,-0.022263447312175867,0.029379065499531117,-0.07887959463584779,0.0353644918605958,False
432235,1,-0.020291196601680286,0.030157215260856397,-0.07843462614307015,0.04025843119110238,False
432237,0,-0.022813098686289057,0.02887062184195952,-0.08121788514080354,0.034164358569508085,False
432240,85,-0.019202010654982043,0.023331447597174038,-0.06413803133400321,0.027057143723970556,False
432250,41,0.0023878970727463492,0.025305991312775417,-0.047098327542084144,0.05178288334894451,False
432252,0,-0.02173310687132972,0.02889268734266657,-0.07788897210727568,0.0351911865374898,False
432253,1,-0.022998144254805862,0.028315460498184362,-0.07830122525560168,0.03194900113278347,False
432254,5,-0.017054083681601634,0.029033695742391893,-0.07397793304062485,0.03928849082461494,False
432255,0,-0.022249501346373175,0.0295698353702972,-0.07990835502168156,0.034996214255460796,False
432260,37,-0.024947060571696794,0.026070864437918655,-0.07683952477366397,0.02663698272450512,False
432270,12,-0.013308273419737204,0.02739247097334197,-0.06791597519662229,0.04145970519404563,False
432280,5,-0.027845190151373978,0.027810388526747745,-0.08185846896596485,0.026257057525100987,False
432285,1,-0.022096792882013914,0.029227836179479584,-0.07965779736890753,0.03575939609110556,False
432290,0,-0.02141678622946675,0.02944630053248164,-0.07837181144698502,0.03686737760273328,False
432300,130,0.0038750061978659895,0.021802654668593033,-0.038493938922909546,0.046757314751462706,False
432310,0,-0.02186382615858553,0.028408936424907473,-0.07776523511448749,0.03411669291041192,False
432320,0,-0.021722393850017,0.028984047727248514,-0.07905337141212007,0.03373711616196721,False
432330,1,-0.022500278011469116,0.02879803368393292,-0.07927880658417136,0.03363793588713988,False
432335,0,-0.021875389920197122,0.02958369637252373,-0.07960726922228951,0.03749893244278808,False
432340,0,-0.022042591353469115,0.029562270729977913,-0.07990460017758061,0.03630660480524349,False
432345,1,-0.02209454752942891,0.028865761916533915,-0.07879911159085004,0.03432306630109381,False
432350,4,-0.026394284260042828,0.02895856096450014,-0.08317656573973281,0.030207288592451118,False
432360,1,-0.019443401708513913,0.029047631556356233,-0.07718889234131171,0.03693463565293263,False
432370,1,-0.022388084756605125,0.029467237475872217,-0.0815151127697578,0.03484054654044878,False
432375,0,-0.021920174276831402,0.02879539639034152,-0.07745180763702635,0.03346794639545537,False
432377,2,-0.021041515820691945,0.02988882131502792,-0.07858354467904793,0.03831939518339546,False
432380,9,-0.014881087872433836,0.028758916716689443,-0.07099633453499464,0.042791026787191745,False
500020,9,-0.027621216791493177,0.028737488830684048,-0.08432097380205597,0.02815207158262933,False
500025,2,-0.022876313347365534,0.02781739476206213,-0.07767323082748895,0.03091389692509488,False
500060,41,-0.011316865762461404,0.0254972670334505,-0.06126482616710981,0.03784115425261889,False
500070,24,-0.05371238871286111,0.027387379022196484,-0.10805338387690146,-5.622415346280268e-05,True
500080,3,-0.031055883379060775,0.02809611604820151,-0.08724962747126652,0.02415150066279269,False
500085,6,-0.01236836844301202,0.028430336150991137,-0.0684246860893928,0.0437148587513451,False
500090,7,-0.028215668174185665,0.028188065074284823,-0.08451416474692129,0.027549903320164725,False
500100,21,-0.014343897649211311,0.026936869590395974,-0.0675562571970798,0.03846890907423619,False
500110,36,-0.016480596903499834,0.026795750732489357,-0.06815595671671346,0.0359262964302089,False
500124,8,-0.03035118814037146,0.027769503901127014,-0.08453552353619039,0.025213355080123814,False
500150,3,-0.023833225043415333,0.028830519643819327,-0.08004487683062089,0.032737853313395404,False
500190,15,-0.03386889530102746,0.027737760450489975,-0.0894031030111116,0.020182431380678878,False
500200,9,-0.026166966345032527,0.027919742695237827,-0.08055848857254855,0.02966754404280625,False
500210,15,-0.023474820964802277,0.02721387513215407,-0.07619208834236445,0.03009932993368034,False
500215,10,-0.019629182712757254,0.029119052033211176,-0.07635084362749472,0.038672797416395246,False
500220,19,-0.03687986368846878,0.027329914823769525,-0.09172220987841789,0.01603578005642352,False
500230,3,-0.021892301161184027,0.02899369591335132,-0.07798336902501353,0.03576360040399618,False
500240,28,-0.030172933814443307,0.02702368983023738,-0.08425873930621405,0.02319808524447954,False
500260,11,-0.02055465012425362,0.028152159243770864,-0.0765632605444462,0.033246656935949956,False
500270,349,-0.018523385349066345,0.019079414255312153,-0.055776632288199804,0.018713489513303632,False
500280,4,-0.02938873274332202,0.02926089316491189,-0.08518928352424474,0.027092834462298158,False
500290,9,-0.018253230854983135,0.028719317169190104,-0.07498841459553217,0.038802406725516485,False
500295,12,-0.014328518972709807,0.027722808332484538,-0.06828200712515245,0.040551369545746854,False
500310,1,-0.024023647889626052,0.029227498319086567,-0.08219609413068048,0.033830980304997905,False
500315,28,-0.01877363083565513,0.027189074603041537,-0.07231112295471905,0.03484289089045925,False
500320,113,-0.023115735336921395,0.02243334808934687,-0.0666713144153095,0.020949005702506997,False
500325,17,-0.02200093114583431,0.027330036082022682,-0.07584578601867652,0.03153899691111726,False
500330,12,-0.015456301776137882,0.027529395068065024,-0.06907691212953887,0.039778796837158494,False
500345,6,-0.029112572243818264,0.028620861522613634,-0.08603625006735292,0.029130280456642028,False
500348,4,-0.023776698436211698,0.028398315153118272,-0.07911610560513986,0.03181306858748914,False
500350,3,-0.018393268598554197,0.029822528160518336,-0.07598273924282674,0.0399198600561675,False
500370,141,-0.01120148526670946,0.021928335858638227,-0.05341459321704429,0.03153630314063343,False
500375,6,-0.010869042675554634,0.028335799722045755,-0.06660237282475029,0.04642261331004051,False
500380,8,-0.020068976772866245,0.02798452008437358,-0.07464672886735339,0.035166205458091036,False
500390,2,-0.023505340216842977,0.028845980260170597,-0.08022974813692216,0.03251128880737637,False
500400,8,-0.014169177584713368,0.028541983572526342,-0.07032724641428655,0.04277389713352059,False
500410,3,-0.022883199349362494,0.028064906056550196,-0.07878668712936018,0.03300738298872489,False
500430,8,-0.020797849807371583,0.028292808548313737,-0.07822343847436478,0.0339151267181496,False
500440,7,-0.029344097032632344,0.02870740186714022,-0.0860770839990975,0.02723739116143336,False
500450,5,-0.018040751954963075,0.028214200475408138,-0.07439335405645574,0.0374666587479683,False
500460,9,-0.015113844275944213,0.028393069060233665,-0.0726885183093818,0.0416219084193174,False
500470,17,-0.021189149151052685,0.026932128095446595,-0.07367808076403166,0.030526729567208623,False
500480,12,-0.01732252027131021,0.028386912969131053,-0.07254262303991253,0.03899644033219633,False
500490,0,-0.022339324575557314,0.028570764331667213,-0.07907594628234002,0.032170189507002483,False
500500,10,-0.02525718209078642,0.027999261574732245,-0.08076050391412881,0.02943267622319591,False
500510,3,-0.028582747693904235,0.02994368408846212,-0.0881586294849704,0.029617600761310932,False
500515,2,-0.02745661450197944,0.02903153023227852,-0.08430629998393534,0.028048210588720632,False
500520,24,-0.034266594370816694,0.02663330903355654,-0.08640359429052709,0.017014910514398882,False
500525,3,-0.018516441872814093,0.028533935348992675,-0.07361705707884364,0.038600326621447016,False
500540,27,-0.03526248964907442,0.0269015317639679,-0.08756798595316473,0.017001922889055585,False
500560,20,-0.043380404684667584,0.027119797303466676,-0.0976149156176227,0.010030487061956892,False
500568,22,-0.02184888784444836,0.02664212678928431,-0.07411240817016335,0.03102935880725218,False
500570,21,-0.015489665307396908,0.026637052125880852,-0.06843027004219153,0.035742285976237666,False
500580,10,-0.02071299996304824,0.028403196436016073,-0.07658940237682066,0.0352413057581787,False
500600,12,-0.037119968433230476,0.027769587792741766,-0.0921365006390452,0.016967860397329657,False
500620,20,-0.006452430685539082,0.02709109988007098,-0.05976397188068674,0.04583734759375299,False
500625,2,-0.019567869883835853,0.029083936065782228,-0.07624324878287463,0.037221825241482855,False
500627,0,-0.022812176128903634,0.029299993395357278,-0.07996142770042876,0.03406919211002362,False
500630,33,-0.03300111415223279,0.02625928580799028,-0.08385649816885728,0.01737019511963468,False
500635,24,-0.02740109010163325,0.02648209463417552,-0.07880838768754425,0.024773469277021346,False
500640,2,-0.01511684797509911,0.029401031051396413,-0.0720260754859306,0.04196717240330861,False
500660,77,-0.011379231398534391,0.02360298035344523,-0.057888704977553614,0.03568321925118513,False
500690,19,-0.021288839697716062,0.027845928393967892,-0.07525853102424804,0.033348075879459156,False
500710,18,-0.022212938168316508,0.027278711001358646,-0.07503478811265274,0.030513683313148385,False
500720,21,-0.01158842363895442,0.027255966147571448,-0.06331142101224134,0.04293813833693561,False
500730,1,-0.022044433820164272,0.028819229992918236,-0.07917172339021428,0.035664392391093654,False
500740,12,-0.03197035699310032,0.02830915853705396,-0.08651836870584638,0.023812243935898474,False
500750,3,-0.017714322957822305,0.02826379709541495,-0.07290390557710484,0.03763691474300791,False
500755,3,-0.018674082109986532,0.02905368804515967,-0.07693583672839785,0.04042234373289089,False
500769,10,-0.027953828059043086,0.027258872961129367,-0.08051951298856853,0.025792456986120964,False
500770,4,-0.02048944883912998,0.029307641924972126,-0.07838488185700397,0.03630130636898361,False
500780,4,-0.017551841491564277,0.028920301106955353,-0.07392958044205436,0.0399011662611342,False
500790,25,-0.02154578337094171,0.026533838034692833,-0.07504530769641317,0.03117172543671472,False
500793,6,-0.02854492425380776,0.028387028748242765,-0.08383528960989835,0.02693431386445896,False
500795,13,-0.014980530661670302,0.0275274574806076,-0.06890851189183854,0.038688972823031874,False
500797,3,-0.028994820024909898,0.028765537066864397,-0.08602696903401383,0.028550571588641865,False
500800,6,-0.021835824529492787,0.028917162860497777,-0.07824334733382857,0.0354507979674267,False
500830,75,-0.014847298152266196,0.023144646812249443,-0.060340155947042506,0.0300901121505936,False
500840,0,-0.022458542611221464,0.028627130578851745,-0.07739059599191933,0.033440108301681,False
510010,3,-0.026191848637074248,0.028723838923610013,-0.08227015031386391,0.029986972910243277,False
510020,32,-0.011323616038064432,0.026774141143534227,-0.06455732640244442,0.041319000881218405,False
510025,50,-0.01880998577627668,0.025373576479325415,-0.06696774043510029,0.03012069820356086,False
510030,4,-0.021230323340158445,0.028291659610989842,-0.07569898127772486,0.03561594634103392,False
510035,3,-0.016200083769115133,0.02792355493015557,-0.0716257856038802,0.0388004993588758,False
510040,4,-0.030723031498688432,0.028246702268161453,-0.08531204877446617,0.025683299131478536,False
510050,1,-0.023839303992714122,0.02840833203582782,-0.07790297460746202,0.03200538201249588,False
510060,7,-0.016945218519176894,0.028546518754186404,-0.07283950161421388,0.03774034739737788,False
510080,8,-0.01704706297840844,0.029240284172252863,-0.07514605544154385,0.03973436596884235,False
510100,1,-0.02520960470422902,0.028970020162381715,-0.08300366189070504,0.03281818900401933,False
510120,1,-0.026672058707874376,0.029273003994316735,-0.08420386801351705,0.02972286770663373,False
510125,12,-0.010887338045296516,0.028802706081674137,-0.06688139472717317,0.04669134220052545,False
510130,4,-0.012550486400635469,0.028833529483820862,-0.06958762152408376,0.044710671540912704,False
510140,10,-0.020853206303913345,0.028292444115342444,-0.07559794900666922,0.03518976750217466,False
510160,2,-0.02525558968786415,0.028432725142238054,-0.08137868252216401,0.02992396739800422,False
510170,21,-0.010800690585914983,0.027205402223332335,-0.0649879263678623,0.04289830901372617,False
510180,70,-0.020851016441660597,0.02431647179358889,-0.06709969952830068,0.027782336301929507,False
510185,11,-0.016851102802897578,0.028464265745572002,-0.0728094064898409,0.041478963102733295,False
510190,17,-0.026658827015713097,0.02755444243175068,-0.08062190706014828,0.026784643860174786,False
510250,83,-0.021774777312301846,0.02302806034184447,-0.06720019448320727,0.023719343618741607,False
510260,43,-0.003779113014271425,0.025325754383951217,-0.052248720620022115,0.045250300231783384,False
510263,35,-0.025287750059146633,0.025973737478041586,-0.07605578059541294,0.025506721562212415,False
510267,25,-0.02833471377731714,0.02664643273271745,-0.08077306314005747,0.02464293885560975,False
510268,6,-0.01780161734583587,0.027527354646984945,-0.07151153726040932,0.03672397052138779,False
510269,2,-0.027926920425909732,0.029335645934286763,-0.08577290071870683,0.030174766134633095,False
510270,29,-0.02493041331665603,0.026384190073380824,-0.07628126193351963,0.0266740522155147,False
510279,7,-0.008996419237060994,0.027629067979821783,-0.06443799063462802,0.04612828932829179,False
510285,3,-0.01633806243632951,0.028546341563453235,-0.07259054048588633,0.0403468220648528,False
510300,15,-0.04018597244107534,0.02771200194380163,-0.0948250277057775,0.014227681873624033,False
510305,4,-0.024207746981657802,0.028468561234033612,-0.0797907716454397,0.03180531064424311,False
510310,4,-0.017445428840086947,0.027966838187135388,-0.07183712620567319,0.03596785394852256,False
510320,38,-0.017999703289351132,0.02579944218088869,-0.06850368804287428,0.033308362700990045,False
510325,36,-0.03135495374350378,0.02616242132026672,-0.08290648768932671,0.019381222219573932,False
510330,27,-0.02845692656320874,0.026318763627600873,-0.08122693798691688,0.022488631808797396,False
510335,31,-0.03505579695201825,0.025672041077493487,-0.08576667396328491,0.015577505038152714,False
510336,2,-0.01681512090206605,0.029193258807356858,-0.07531191669871924,0.04052793889172657,False
510337,1,-0.025063458977300064,0.028069482776255587,-0.07996806581677007,0.031038264077354574,False
510340,344,-0.01728759803089372,0.018200744684954792,-0.05263283803479143,0.018298657497225014,False
510343,2,-0.01597361297806624,0.02995366640945601,-0.07479457026012555,0.04409953873023876,False
510345,3,-0.01884207799682734,0.030052775227300373,-0.07842797853070639,0.04045891777547431,False
510350,11,-0.019048396768266845,0.027548411522582365,-0.07354425884356557,0.036238278766485,False
510360,5,-0.02478352676271733,0.02887972936131202,-0.08150232131091395,0.03152257045690538,False
510370,11,-0.036565827980279374,0.028172777438751413,-0.09223607848369059,0.018594734999975552,False
510380,0,-0.0218195606772292,0.029335653890812927,-0.07855477538381042,0.03553867839663804,False
510385,7,-0.02292364358033977,0.028530274135752643,-0.07979979813588482,0.032516458803978014,False
510390,7,-0.015682534257924256,0.028483610979543383,-0.07170945879229187,0.04077112708207788,False
510395,0,-0.02216578849851884,0.028407878854398442,-0.07755352722490597,0.03285448423235416,False
510410,32,-0.02415311787362913,0.02613964909795559,-0.07517177016567711,0.027079585511521315,False
510420,5,-0.024128072300420085,0.02988260312084787,-0.08250590278044757,0.0341450095773453,False
510450,1,-0.025918084856111686,0.029517869110886316,-0.08312337746816524,0.03235889159170307,False
510452,7,-0.02649858137765701,0.028950342344812578,-0.08377516178521108,0.03005142665078392,False
510454,2,-0.01577943298901453,0.029156165207947105,-0.0720541470567926,0.04250012140136844,False
510455,4,-0.02244418003864046,0.028720472217271482,-0.0781130458760078,0.03280271138513644,False
510460,5,-0.026509596063404237,0.02836519201369004,-0.08044663662531204,0.030027767980311204,False
510480,9,-0.01923911943879577,0.02745037165967712,-0.07300444998317461,0.03352761558874669,False
510490,2,-0.01995677015121303,0.02815289480403767,-0.0752169728128573,0.03575330882431929,False
510500,4,-0.017099523291847597,0.02834681037438128,-0.07186400912181364,0.038999387228627745,False
510510,28,-0.02091736944785566,0.02640822469176899,-0.0732853306806518,0.03121956872967812,False
510515,40,-0.008024516296086238,0.02543063949130283,-0.058376323776298866,0.042500276449601825,False
510517,8,-0.023984219566740184,0.02855918103240067,-0.08005778262942984,0.032379663981285854,False
510520,3,-0.021713752676656352,0.02907665799914582,-0.07850254821974734,0.035931122869983755,False
510523,3,-0.01815086054537315,0.028543815166134738,-0.07243330567215425,0.036611325271957325,False
510525,86,-0.005228156347964806,0.023209902567745466,-0.05066139446233367,0.0398352490286214,False
510530,5,-0.022663123588468673,0.02865522453003239,-0.0790524805847765,0.03343196769833524,False
510550,18,-0.01341204860665864,0.027964661400526766,-0.06790641994055507,0.04088556795344276,False
510558,12,-0.026366285396585837,0.027876055212068856,-0.08208830435857996,0.028777604779526993,False
510560,11,-0.02439587707493599,0.02817577708672309,-0.0789462947831117,0.032021868521094635,False
510562,17,-0.02229942295637207,0.027765855362387633,-0.07618594344493558,0.0326721066020374,False
510590,9,-0.035272235315767224,0.027816777571953596,-0.08984652427954207,0.018545679255982404,False
510600,7,-0.029448848991416574,0.028718013082445325,-0.08543846166926722,0.026554580721952735,False
510610,5,-0.02213997280985432,0.02927177942399658,-0.07987643252283853,0.036197301393688416,False
510615,6,-0.020289806076294166,0.028810820766123797,-0.07775075982887034,0.03549965396398735,False
510617,7,-0.009239489682257095,0.028267581948528846,-0.06532349161205842,0.04655149489642856,False
510618,5,-0.019654730717336918,0.02896524205769918,-0.07642399468547706,0.03657964977272137,False
510619,3,-0.022860078666488603,0.028934749457964332,-0.08041271311000293,0.03398850127751655,False
510620,2,-0.02305910130860336,0.028975939677057073,-0.08092200063201817,0.033982272964416034,False
510621,10,-0.012977331270023335,0.027999513420599798,-0.06697818335844456,0.04257698298695122,False
510622,39,-0.02093173725218187,0.025826686754029524,-0.07104058558278287,0.028869504661978466,False
510623,17,-0.018574689378316953,0.0274698399788407,-0.07179111464437724,0.034795096787453066,False
510624,4,-0.017049287946017427,0.0285123721094615,-0.0723884715311924,0.039512182049991074,False
510625,10,-0.021461779631099073,0.02809419062592782,-0.07696416173000896,0.03438129676860056,False
510626,4,-0.01644323912419114,0.028949128583221267,-0.07519033475079574,0.04062262306607076,False
510627,4,-0.013103451940883415,0.028872390301597016,-0.0689044054070194,0.044002099654657637,False
510628,8,-0.008486793187825825,0.028990564336778768,-0.06444210531917725,0.04655066891381663,False
510629,9,-0.01354110127970732,0.028149870399878693,-0.06877013012613045,0.0425782212705422,False
510630,24,-0.021267943312393553,0.026791207014220095,-0.0738719456387814,0.030352290145259062,False
510631,0,-0.022748353250911645,0.029144839355230146,-0.08052687842460234,0.0340155429769349,False
510637,17,-0.021097248449269544,0.027775014597517227,-0.07603323819533428,0.03268861366716179,False
510642,35,-0.02829251932508291,0.026389761698078246,-0.07885123008058867,0.02423485647691669,False
510645,0,-0.022075483693913035,0.028625573407272457,-0.07893378231426704,0.03322481725840558,False
510650,20,0.00785517037519633,0.026763613537321828,-0.04511730712636082,0.06242448877029815,False
510665,4,-0.02252399853222198,0.029212383566546884,-0.07951683160150604,0.03627328115251104,False
510670,1,-0.026419907274528153,0.029006382994186602,-0.08381797216172694,0.03056911412525819,False
510675,31,-0.009702278879511254,0.026763676242406557,-0.06286514302083608,0.04319641806360341,False
510677,10,-0.015847682686771742,0.02825667086951943,-0.07096367451316585,0.03972440279031708,False
510680,7,-0.024319994813610277,0.028608401508634963,-0.08150895508353619,0.03132870395770833,False
510682,19,-0.03800915069758359,0.027320870390685485,-0.09171200042546337,0.014733756981868074,False
510685,0,-0.021879345709341257,0.02942373823645763,-0.07809639022674221,0.03607772036864683,False
510700,8,-0.02449346754120714,0.027554229820638203,-0.07814221599621927,0.0309522442944791,False
510704,40,-0.04254861961469587,0.025881520232490438,-0.09355019208519808,0.00791574294721597,False
510706,23,-0.020359718041873264,0.027250284893818935,-0.07418615976477366,0.034116857878099593,False
510710,8,-0.018729648932028074,0.028240537818235826,-0.0735810219416053,0.03670951486336837,False
510715,1,-0.017659558828418586,0.02882672704885227,-0.07355751985426714,0.03938041768112942,False
510718,6,-0.03572319511393794,0.028392060553789823,-0.09196362835058812,0.020552952203667332,False
510719,1,-0.022950074434637188,0.028837750220085848,-0.08045691733186043,0.03461955772724863,False
510720,3,-0.026957280121024708,0.028410610934831767,-0.08323104654222893,0.028229190813061997,False
510724,4,-0.027403006342919138,0.029228671207475913,-0.08471508504643228,0.030158910170878662,False
510726,0,-0.02266983080655471,0.02912564772049928,-0.07997925867510501,0.03472756398719123,False
510729,3,-0.012513983883246144,0.029601840860191683,-0.0709402110204754,0.046215596198478356,False
510730,12,-0.017387948248392016,0.02966732910862492,-0.07659449465418143,0.040038419437918436,False
510735,6,-0.015299947474700811,0.028976461858799568,-0.0726018131385189,0.041516457607047544,False
510740,0,-0.021460824469973994,0.02803034365570344,-0.07656230363683261,0.035387487299160476,False
510757,1,-0.018535575688915878,0.029893148221023548,-0.0773592651505521,0.04034299846134938,False
510760,82,-0.010961834636242498,0.022340311328186615,-0.053852148117527504,0.03238717885002691,False
510770,9,-0.022310777873961806,0.028649737413988897,-0.07986900437882147,0.03386538318414582,False
510774,2,-0.016017344554806554,0.029158367700245606,-0.07396176114596752,0.04465528587322364,False
510775,2,-0.02272715357694387,0.029348495446591447,-0.08060224501855293,0.03609934396279608,False
510776,3,-0.025585801087020164,0.029261703545345245,-0.08294878610999747,0.03193850401600672,False
510777,4,-0.022806777726766047,0.028719303572692496,-0.07938470536206588,0.031507938003386846,False
510779,5,-0.01845233682758157,0.029002814265607076,-0.07593808160369521,0.039297879162226934,False
510780,14,-0.030734161805585254,0.02801947888234836,-0.08636525172477424,0.024072495130391697,False
510785,8,-0.02017659915680879,0.028430995266189363,-0.07675801299953643,0.036770446815556634,False
510787,30,-0.003526668556541053,0.026512799775134255,-0.056578011694671755,0.04866591329886518,False
510788,0,-0.02224581941770817,0.029481245693915296,-0.08069769745715216,0.0353727475007499,False
510790,108,-0.028725766308430708,0.022500957007921117,-0.07188365096489202,0.013919449062274512,False
510792,60,-0.012504829226084155,0.02413190093068944,-0.06003392195494112,0.03536308379567314,False
510794,7,-0.019530823541300518,0.028508483991611034,-0.07540239844193354,0.03485768275738977,False
510795,77,-0.03047947113323455,0.023596199087648824,-0.07755123036316161,0.015016007601372196,False
510800,13,-0.024618338174568048,0.028493285308428207,-0.0819930118818069,0.03172787304058937,False
510805,5,-0.01566040782201258,0.02834681159371952,-0.07193966988378321,0.03960274456590432,False
510810,1,-0.020052501050404722,0.028624267796173018,-0.07670011214522135,0.03569294040204979,False
510820,4,-0.018357824440178045,0.028606353724209586,-0.07418201705024559,0.03849487558413467,False
510830,0,-0.022518171424635185,0.02909808201534568,-0.08004434309191208,0.035687722624111684,False
510835,1,-0.025434756950722327,0.02919292152326955,-0.08226490015581103,0.032006648437373414,False
510840,213,-0.006422370681245252,0.020549220876295304,-0.04611986031815666,0.03337509049856336,False
510850,7,-0.011229605934205217,0.028897793091144406,-0.06748195486742038,0.04424503685005041,False
510860,8,-0.030634411658113966,0.02835843348729564,-0.08618189121643342,0.025333203884550192,False
510880,3,-0.028086862402210623,0.02912375587587275,-0.08703836888689094,0.02862670827921928,False
510885,3,-0.01875736770268307,0.028952403169677385,-0.07555590127408102,0.03903474559172901,False
510890,3,-0.029332304690352706,0.02957944214208183,-0.0874275666978492,0.027169165852337085,False
510895,8,-0.03242698872821678,0.028807371085810864,-0.08887934712281434,0.023822152522071663,False
520005,17,-0.03221542568831107,0.027891355118339664,-0.0874549571834692,0.021330655158225506,False
520010,14,-0.04033956927420222,0.02836952082368758,-0.09646883398051259,0.01445438701036145,False
520013,21,-0.021290503104368374,0.02731081283357791,-0.07452017347098519,0.0328518943259349,False
520015,0,-0.02233942267803278,0.028941659282475253,-0.07954712689999961,0.034488623089053386,False
520017,1,-0.02358994495369929,0.028299234061636674,-0.08019892243112416,0.032621586420303716,False
520020,0,-0.0221258899235336,0.02955127155062394,-0.08014927292048181,0.03506928374270882,False
520025,116,-0.031699061769968506,0.02195275663433258,-0.07552984332205041,0.011755494264054336,False
520030,21,-0.01838232485610199,0.026993175432031512,-0.0719114674570684,0.03539705935621647,False
520050,0,-0.02187937316715041,0.03007236626059405,-0.07959688926519178,0.03554305923937072,False
520055,6,-0.020956813979318846,0.02793390326320565,-0.07553433791296486,0.032978244816364286,False
520060,6,-0.03649881104912076,0.028770434938318126,-0.09283578750590955,0.02010555146558051,False
520080,7,-0.01883332548337947,0.028353608636448216,-0.07372103613922064,0.03646158947262483,False
520082,0,-0.022221594863525877,0.02868871826470797,-0.07747180992337538,0.0352512716189898,False
520085,4,-0.026045515123688006,0.02878834246466795,-0.08210042280844564,0.029596627284904573,False
520090,1,-0.022470896637134415,0.029760035414762354,-0.08029615597926747,0.035486890173122364,False
520110,260,-0.041242066050557795,0.01990174861837996,-0.08010125126842048,-0.002270592515616886,True
520120,1,-0.017996238395767226,0.02887099303386438,-0.0733762214303532,0.03883708930837487,False
520130,7,-0.0025027298322577,0.02903052387755133,-0.0591149646412805,0.05461327964648775,False
520140,375,-0.039817314102703234,0.017885725690465367,-0.07444880871351345,-0.0043653846501742,True
520145,1,-0.02290675689060263,0.029599906984504022,-0.08064044955309517,0.03810827845136255,False
520150,4,-0.017647104406846494,0.028047457894232193,-0.07347379626690537,0.035500475114884196,False
520160,2,-0.020093914351871793,0.02921983757335535,-0.07693902124179572,0.03629617267310424,False
520170,20,-0.02015017148808127,0.027516357764979908,-0.07212089047680637,0.03403898339689769,False
520180,10,-0.0183064617555975,0.02775036299025787,-0.07306907454134287,0.03691561216854537,False
520215,3,-0.02777750249779777,0.02847270985334878,-0.08303794131958528,0.027507361632054198,False
520235,1,-0.020938919815396327,0.02908377958646541,-0.07736135012863432,0.036761817557543736,False
520250,7,-0.02801742676596509,0.028263066404716885,-0.08256377724310275,0.026884733212982567,False
520260,2,-0.023017117307791414,0.02844010408439409,-0.07847018022910529,0.035197312332213265,False
520280,2,-0.023535048549612306,0.03021670425531196,-0.08280699332409351,0.035081953561783674,False
520310,2,-0.02317993473567633,0.02821824584444184,-0.07937521380261496,0.031559256754810444,False
520320,11,-0.019712177082764373,0.028082191779967652,-0.07399362012353429,0.03494418795273386,False
520330,31,-0.03478160535712132,0.02732135486023186,-0.08911573023998781,0.01873768231511298,False
520340,7,-0.026930644098737556,0.028933083374976014,-0.08368396277038481,0.030166068301109787,False
520350,16,-0.028410272727030134,0.02692700982300921,-0.08147361473949533,0.024641193201466682,False
520355,6,-0.022147940235494788,0.028018345272674335,-0.07717772582028483,0.032014864987475994,False
520357,2,-0.023160436393954466,0.02942516216432011,-0.082772507399651,0.03483149704911004,False
520360,2,-0.02953943515938881,0.02873229117904008,-0.08523595524895752,0.025878155998636174,False
520380,4,-0.01957276050775012,0.02856662491164488,-0.07588889294644657,0.038689658044578364,False
520390,5,-0.018384935053910603,0.028418802493227785,-0.07359867326425013,0.037079241409037234,False
520393,2,-0.02114631620995061,0.029283474263274153,-0.07999161231104648,0.03725450734252419,False
520396,1,-0.02534131917703461,0.028475206289154464,-0.08199019639552653,0.02930670307013159,False
520400,8,-0.027888294734066624,0.028417370433931236,-0.08390399080805452,0.028700438249982023,False
520410,5,-0.020935316709379998,0.029030352006976647,-0.07644323446059383,0.036249216435405206,False
520420,0,-0.022370702169644253,0.029788261203628142,-0.08077941668702446,0.035039565848980304,False
520425,6,-0.035100884282970896,0.029035353355194343,-0.09276217946726582,0.022104330047533524,False
520430,4,-0.029710104259670647,0.027890814604902038,-0.08462917890902182,0.024029002683649044,False
520440,5,-0.02544835837028694,0.02833494969050744,-0.08240948421154987,0.02982217908101079,False
520450,71,-0.030086656459258922,0.024122813696549016,-0.07786988376748129,0.017149281825041572,False
520455,1,-0.021526811867776854,0.02906162482653181,-0.07920379446141537,0.035208123402724445,False
520460,2,-0.02213839281264103,0.028708498102126213,-0.0801036118072038,0.03481428001316224,False
520465,3,-0.02241506223003519,0.029453213108266218,-0.07997281228781111,0.03609839443141886,False
520470,9,-0.041514706999610594,0.028497303309358527,-0.09837802597530702,0.01464443600932607,False
520480,3,-0.023770752636989377,0.0278028351526903,-0.07828250980878357,0.030298902892174837,False
520485,4,-0.014432983939786785,0.02820987039799464,-0.06903482080879013,0.04074894956897454,False
520490,13,-0.02076507941497155,0.027752740003302336,-0.07526282207390275,0.03466290853121764,False
520495,4,-0.032160389780572715,0.028765724634141374,-0.08894928380921269,0.02312218469241595,False
520500,4,-0.025617670588628558,0.029210893208504847,-0.08322068660482418,0.03203228059451414,False
520505,3,-0.018040551165557438,0.02908257773141749,-0.07513266528573448,0.03816084501245818,False
520510,51,-0.028730110474615343,0.024915744319219765,-0.07771914924243764,0.020550229923396484,False
520520,10,-0.0028489691623345952,0.02820803734360645,-0.05813343738349192,0.05260285593124373,False
520530,6,-0.026291572840139405,0.028104794742060516,-0.08090006906426937,0.02993484161122162,False
520540,18,-0.016518928372160378,0.028338966494752173,-0.07168321256700359,0.0392986480899392,False
520545,7,-0.032641743156940274,0.028263498667957323,-0.08924412196734917,0.021790121395445974,False
520547,7,-0.018186000272587304,0.02752374051259783,-0.07277933074552137,0.03554716842478365,False
520549,44,-0.02453370920123518,0.024503559824335202,-0.07291173252150866,0.022183446805396773,False
520551,9,-0.016800683586640452,0.027944267457893433,-0.07164931162526872,0.0382397673406645,False
520552,3,-0.01253762013287203,0.028558578571359863,-0.0684708260801423,0.042246037530383765,False
520570,3,-0.023172722613495313,0.029198683558776695,-0.0794603802501638,0.03342344346436538,False
520580,7,-0.015767992496220067,0.02832552636802101,-0.07206415995969957,0.04113288527400945,False
520590,2,-0.0225620527779687,0.02880750678410317,-0.0777919933221916,0.03338770907481326,False
520620,34,-0.020005199317800773,0.02628883206582128,-0.07097826150280838,0.031516824685745966,False
520630,1,-0.01878717370112352,0.02957103297768398,-0.07771488785914102,0.04017788912073492,False
520640,10,-0.03020809344609659,0.028061977394355442,-0.08502903004642216,0.025223063813034647,False
520650,2,-0.02387149819848951,0.029050514939145167,-0.08033122022183618,0.03264724188277309,False
520660,2,-0.02296109392383687,0.02957228904189613,-0.08073022713828214,0.034294057746463706,False
520670,2,-0.017597281543505205,0.028446447424767856,-0.07377211221644027,0.03887816521400591,False
520680,1,-0.025180592573942333,0.02951243882254182,-0.08295087869896048,0.03193534352006135,False
520690,0,-0.022699460107915403,0.02902739906347442,-0.07919284180377133,0.03396373170983026,False
520710,1,-0.0226325685130433,0.0292526246255542,-0.07888378084791493,0.0368374803447294,False
520725,2,-0.021860038932551788,0.028977849679918177,-0.07985240177733871,0.03436349481497235,False
520735,5,-0.036803053609420655,0.028932782832191785,-0.09369770526936345,0.01930286268506009,False
520740,4,-0.022067382457828407,0.029403526062722885,-0.08014379332773305,0.03667113199083213,False
520750,2,-0.02200302805700399,0.02938079247740869,-0.08000320612049941,0.03456910628292705,False
520753,4,-0.027712794622197483,0.02951971225263331,-0.08488938321250952,0.029925746524630058,False
520760,3,-0.02198756160515698,0.02932298798681273,-0.08039971178450679,0.03455279029747209,False
520780,5,-0.03537263624079082,0.02905416403175715,-0.09349667095417818,0.021077069070955815,False
520790,4,-0.019327327750125738,0.028696183300354495,-0.07520799037625821,0.03677174351313954,False
520800,69,-0.028172518857913782,0.02299140773979917,-0.07362581279908521,0.017069839725615578,False
520810,2,-0.018517498526694504,0.02914857675367442,-0.07619665942587386,0.03768508303395917,False
520815,4,-0.030718706167840403,0.028334890932585694,-0.08718243446961818,0.02434585614209566,False
520830,4,-0.02388427753615247,0.02855156392305654,-0.0793675932043601,0.03263738830473769,False
520840,10,-0.019764603546118458,0.028832888523303887,-0.07744613204114129,0.03621528327277338,False
520850,2,-0.02308925512149489,0.02944636208514099,-0.08185539829043399,0.03368195979644469,False
520860,50,-0.0030025432464010067,0.02556004932218948,-0.0520877613596949,0.04723540260011962,False
520870,532,-0.03463273377792813,0.017651892281645865,-0.06990075487751207,0.0005463510586025404,False
520880,37,-0.029540155801404334,0.025630017029930136,-0.07980749146505818,0.019730577023516577,False
520890,14,-0.02296228022763874,0.027552127000762372,-0.07619424668464664,0.03173559945612954,False
520910,20,-0.03104290457693192,0.027140712034054153,-0.08451653181075426,0.02153124325779977,False
520915,4,-0.026348574451077123,0.02895926880395533,-0.08277858579165548,0.029997353523650478,False
520920,12,-0.033029286690028886,0.028050394770006513,-0.08928625455111946,0.022746145374981406,False
520929,0,-0.02210987714229453,0.029488114903505367,-0.0792805561412564,0.03560017572489205,False
520940,5,-0.01809042084091248,0.029681979935221738,-0.07524235658065807,0.04116962357320869,False
520945,1,-0.02490144546114521,0.028635178993004492,-0.08093691949029208,0.031260233957961577,False
520960,2,-0.017610204985171584,0.028769397203779763,-0.07320842998311415,0.03942377698706872,False
520970,24,-0.023936666178794867,0.02683605745992218,-0.07584518636658226,0.02925475967770326,False
520980,1,-0.021989573643340084,0.028558424242068864,-0.0773225990739599,0.03356191443207082,False
520990,4,-0.019948630796082608,0.027955616195363776,-0.07538927192283994,0.03557532035812018,False
520993,1,-0.01994784984092063,0.02956159060041774,-0.07829385729161861,0.037505212338504984,False
520995,4,-0.0189702750073454,0.0291555577111307,-0.07674796670395669,0.03883170131524512,False
521000,29,-0.01753782452531499,0.026804596781194814,-0.07042199770838616,0.03676141681447343,False
521010,9,-0.03288116106979513,0.02852506478841193,-0.08939756363188904,0.02245727673782364,False
521015,2,-0.027320233146587814,0.028650022164919436,-0.08323009246481372,0.0287751633943527,False
521020,19,-0.004116971350841838,0.027262532287288074,-0.058011116739926295,0.04967635107937221,False
521030,0,-0.021633840251224883,0.028681740274879367,-0.07697528911363166,0.03485806670494544,False
521040,36,-0.02984981300054516,0.02603706728131231,-0.08153828010748919,0.02076560773788354,False
521056,2,-0.02503968093729613,0.028753262429480994,-0.08087013454685685,0.03222455012187239,False
521060,4,-0.020150286990462698,0.029372841126572343,-0.07747062520853952,0.03627830195786555,False
521080,3,-0.0193617357695572,0.028801931904210556,-0.0752973996574131,0.03642697763474968,False
521090,12,-0.03025680794809853,0.027669230411375628,-0.08434399228479404,0.02415468413500928,False
521100,2,-0.025693236764866643,0.028241260443220728,-0.08070727849871184,0.02884847251420733,False
521120,8,-0.02392778436448029,0.02898572610973857,-0.08190090946320067,0.03263778275597548,False
521130,3,-0.016239996958556407,0.029844652336459197,-0.07499638911026633,0.041351661054466436,False
521140,3,-0.013384933332204724,0.029829973532368232,-0.07073319042903328,0.047169422579733264,False
521150,64,-0.019758231403653848,0.024648635677840636,-0.06751867341482207,0.029763582149318735,False
521160,1,-0.026553924332943832,0.029488534651417358,-0.08494655033534342,0.030956958149241823,False
521170,4,-0.02593757759440524,0.028353554388898528,-0.08168123830813678,0.03080874170995844,False
521180,28,-0.03222193400882398,0.026175862873338944,-0.08392599204592832,0.019960830933090645,False
521190,69,-0.029138955955226815,0.023942355693157943,-0.07708608597585,0.017922683112124922,False
521200,1,-0.023664348904949995,0.02932918092840209,-0.08189944956368082,0.03330487628882372,False
521205,2,-0.02053871130670136,0.029245432700106724,-0.07724596614376579,0.037487680085060024,False
521210,3,-0.016937460054983623,0.028897264904732246,-0.07282496943310705,0.038661778915634985,False
521220,8,-0.021952250941108104,0.028455313612986862,-0.07735302987523214,0.032527485257213995,False
521225,1,-0.02218294100081062,0.028434082671954755,-0.0780215663886171,0.034309156155812405,False
521230,7,-0.028028135576460497,0.029026384049106055,-0.08536825567809446,0.02751975360700146,False
521250,106,0.002809119867032139,0.0227196037395069,-0.042408039701650385,0.04764128032917712,False
521260,1,-0.021790800004773007,0.029856420757093834,-0.08065780109885175,0.03629520349972243,False
521270,4,-0.021023033759342825,0.02871280843400625,-0.07802910773972932,0.035444935140002354,False
521280,8,-0.03368554445531032,0.028577574797538367,-0.08860816779491155,0.022799537511696985,False
521290,2,-0.017442278492907172,0.02966489884839581,-0.0748321612783578,0.041464098761172206,False
521295,3,-0.027143063180235523,0.02980301774710156,-0.08505206074803655,0.030464007891459755,False
521300,9,-0.03043981914191743,0.02846593317128245,-0.086153211218463,0.024879140579644875,False
521305,0,-0.02220224162239279,0.02796669341001373,-0.0770649754896905,0.034318664543023056,False
521308,21,-0.02069707271658401,0.026947805597336456,-0.0724141780513485,0.03216844465712152,False
521310,53,-0.015918228445300945,0.024475381178897252,-0.06394165445254806,0.03180964976208971,False
521340,0,-0.022650554291112332,0.028663464451796784,-0.07816381812946468,0.03253051506596384,False
521350,4,-0.0222420372733159,0.028622753255511637,-0.07873782465850147,0.03350173855968013,False
521370,4,-0.02817127765313973,0.02907889032057706,-0.08535452589588091,0.027867362550419442,False
521375,9,-0.012649811803877687,0.028203169893876286,-0.06752587151525143,0.04104508426203978,False
521377,7,-0.01974184580889173,0.02925398968681267,-0.07854786293005166,0.037442434467845336,False
521380,28,-0.007157133448114633,0.02638919979517348,-0.05777336293677987,0.04401522980048144,False
521385,3,-0.016107228393353934,0.028785174737860245,-0.07252570104092992,0.04214463481997508,False
521390,1,-0.02402015099105978,0.028870845280003925,-0.08086972690687112,0.03278323472788275,False
521400,12,-0.025973524862181848,0.02799541883804483,-0.07971922043272843,0.028565027445529502,False
521405,5,-0.01588443788490556,0.028826574502763345,-0.0720286527170927,0.040250337738027685,False
521410,5,-0.027250843976605012,0.02901317789202,-0.0829590637044096,0.029101187913222134,False
521440,3,-0.027896613995400135,0.029500812059321847,-0.08533102121622392,0.029958437271869413,False
521450,24,-0.04064533237727058,0.02619011877986266,-0.09111244194721373,0.00906944594555083,False
521460,21,-0.02800244843987063,0.026922075990804768,-0.08168184787493563,0.0254086864357784,False
521470,0,-0.02179119669435845,0.02987770371263388,-0.07985814016377961,0.03663324238720052,False
521480,1,-0.025723898075128506,0.029473868547799504,-0.08292997733195495,0.031114231619038913,False
521483,5,-0.02687577343869025,0.028620001817954512,-0.08327358345124476,0.029562703494612024,False
521486,4,-0.025965173545039077,0.028586234098040033,-0.0824249891200298,0.029402434095739654,False
521487,3,-0.025917987875895204,0.029690148101442226,-0.08359464722684348,0.0322286832283275,False
521490,1,-0.02568226409650305,0.029381678851514038,-0.08359986791869052,0.03139777342254709,False
521500,4,-0.020362102658096216,0.029292237821301175,-0.0797226637476246,0.03803523495529784,False
521520,0,-0.022033995577695444,0.029337517698317862,-0.07817105942267934,0.03663521161114122,False
521523,62,-0.007681737979729247,0.024720739742208408,-0.05523884527555733,0.04088576580808995,False
521525,1,-0.01863808790715109,0.02893670626838135,-0.07498068804063832,0.037502702271434346,False
521530,5,-0.02804407573543612,0.029237936759748766,-0.08525407928016562,0.029398344737041584,False
521540,3,-0.01965226196644113,0.02864204524539013,-0.07487189185579936,0.03686867635024567,False
521550,2,-0.021985342702382536,0.029309489827454595,-0.07863078849892514,0.03436413940690562,False
521560,25,0.0004340616832851754,0.026421644080379864,-0.050659998098167736,0.05143037564499603,False
521565,1,-0.021698807406243182,0.029552231531014196,-0.0794872930828574,0.0360789356226812,False
521570,19,-0.026304931066176023,0.027874472112983977,-0.07975532024677648,0.028484849101047423,False
521580,0,-0.021932803526036944,0.02965220011922628,-0.08155008878640593,0.03773563685350955,False
521590,3,-0.026660230417998556,0.029070541860452336,-0.08292436306689423,0.028854347900108893,False
521600,2,-0.027829850831340906,0.02871207939790759,-0.08346256624094538,0.02902884850791128,False
521630,4,-0.030411305252443063,0.02918693196960838,-0.08621634690688576,0.026209803235527757,False
521640,7,-0.03198826440221459,0.028514608179663,-0.08764756417031232,0.0243957642495136,False
521645,2,-0.02928000281855024,0.029262258107681672,-0.08623767080684437,0.02848914824627015,False
521680,2,-0.02831461525318629,0.02859922714936885,-0.0848189565268681,0.02779265858827605,False
521690,3,-0.020847626949301302,0.02939923391722507,-0.0770004066410109,0.035874245557742615,False
521710,15,-0.02931276405825875,0.027612490265483965,-0.0836014484547099,0.024384667111151562,False
521720,8,-0.03232062397930355,0.028292593138283056,-0.08810543568046525,0.02378199498813178,False
521730,19,-0.04460860373290872,0.027215870954642108,-0.0977374833147001,0.008194993819808078,False
521740,20,-0.016953454736763893,0.027238250577475812,-0.07045927772216298,0.03547890440699213,False
521760,46,-0.026068629277176077,0.02520096237056527,-0.07547235319373977,0.02378256439638686,False
521770,9,-0.02475200304405003,0.02731509088926982,-0.07813014592098758,0.028970598015057705,False
521800,23,-0.01562699618163046,0.027053154584273445,-0.068658504210588,0.037489394484845597,False
521805,5,-0.026606096466148605,0.028276600794244662,-0.08121470112301751,0.02768081517944783,False
521810,4,-0.024956434881503772,0.029108926620797178,-0.08223394166556859,0.031475644374352144,False
521830,34,-0.022473506811673132,0.02612934655430826,-0.0738064412227655,0.02873529424471639,False
521839,0,-0.022226792866877426,0.02968215911581366,-0.08052835623729508,0.03786516640932905,False
521850,35,-0.034612647564495426,0.026248364255361492,-0.08638397595593307,0.01582011628484915,False
521860,11,-0.017811128324622838,0.02805682450715004,-0.07273824857553379,0.03547574389768743,False
521870,1,-0.022035582206406144,0.028150457230615582,-0.07621756737108633,0.03497111473197797,False
521878,1,-0.01866188727494599,0.029127285719138835,-0.07580397160246549,0.03919733449535947,False
521880,193,-0.015819171553011026,0.02077774716547553,-0.05653163240559713,0.02491289630112091,False
521890,8,-0.02254111177134964,0.027959421384626024,-0.07672443501542843,0.033394953506094345,False
521900,2,-0.02755261774631786,0.02943750834730714,-0.08543309730948313,0.028946990796370756,False
521910,8,-0.03616569152934602,0.029100702194203465,-0.09401695648593512,0.02069129752555792,False
521920,3,-0.025908572396802335,0.028833209626634423,-0.08159359640084449,0.03122540651993991,False
521925,2,-0.024407988666749304,0.0290682905920225,-0.08059889138826348,0.031192985325310722,False
521930,24,-0.035398725738886284,0.027101511458006634,-0.0879067552428159,0.01635471956880872,False
521935,1,-0.026583793707467582,0.02878840134473687,-0.08344686395387543,0.028861714451595626,False
521940,3,-0.01701808851640292,0.028790063578810785,-0.07332198199909867,0.03923873000857292,False
521945,1,-0.020358410927109983,0.02934956372723504,-0.07842419390774137,0.03724976266163258,False
521950,1,-0.018889631537290785,0.029258501148358856,-0.07642447635049437,0.03762107009996195,False
521960,3,-0.025172979463296212,0.029754622698281673,-0.08253174966706597,0.03284053627782521,False
521970,5,-0.008841988163906486,0.028632970751380552,-0.06512636144385887,0.04847767306953092,False
521971,4,-0.026688288642385406,0.028906938401670836,-0.08528811143847483,0.029824703072500593,False
521973,5,-0.01108508781287039,0.028569977149464326,-0.06743130859493081,0.04645875400487283,False
521975,49,-0.011986763122056035,0.02581485948826317,-0.06326559737105937,0.0379137193046813,False
521980,4,-0.022488110991379633,0.028552446563952165,-0.07833845027642145,0.03335355015775169,False
521990,8,-0.03301267435910191,0.02860564248787246,-0.08865303679792265,0.022258280058014047,False
522000,10,-0.024831952897366,0.02857949383059989,-0.08020863893144843,0.03147658077785596,False
522005,2,-0.023670215753729885,0.02905561312750306,-0.08066670914881577,0.033080445112613266,False
522010,15,-0.02379007397499156,0.027668938288382877,-0.07730592845032007,0.03025646023835542,False
522015,3,-0.024763792302590338,0.028905356020195776,-0.08140747480466264,0.0320366080564211,False
522020,16,-0.03615807784856803,0.02730601134117771,-0.09019539879618975,0.017880200563754448,False
522026,1,-0.019557599192494234,0.02879475711231617,-0.07601279913388323,0.03607916821928199,False
522028,0,-0.022937256639634578,0.02900694749724295,-0.08040298107653229,0.035054802502493335,False
522040,17,-0.026337716497326077,0.02746270503070371,-0.08114390776747539,0.02759787158445485,False
522045,109,-0.01655897803379113,0.022433759596097877,-0.06019255904332495,0.027279681037608024,False
522050,6,-0.030767779219459817,0.02859199718053324,-0.08566137034185735,0.026060282258855084,False
522060,13,-0.008894105097798309,0.028126028456825027,-0.06371142151818994,0.046114822691592665,False
522068,2,-0.02124185852090422,0.028528829037999078,-0.07635881287106497,0.03483405180479036,False
522070,1,-0.02729231357814643,0.029442346551439295,-0.08359357485308982,0.029915076258292445,False
522100,1,-0.02627323533303035,0.029741187903035593,-0.0852178027362249,0.032711735045443995,False
522108,3,-0.022650327838595247,0.02965223308446575,-0.08383560976373462,0.03452894000309677,False
522119,7,-0.010057799269319984,0.0294009364757148,-0.06691020354711574,0.048270637386103404,False
522130,1,-0.02472535063688571,0.02862992596535449,-0.08232797012829403,0.030751712106431656,False
522140,97,-0.010276763750584856,0.022143780960295557,-0.053747354759534426,0.032323200207510956,False
522145,1,-0.025417009357521864,0.03032946272349533,-0.08420747441860887,0.03495005999114138,False
522150,1,-0.023548988828462597,0.028847228150731305,-0.07967853526086575,0.032863133131180736,False
522155,4,-0.019905704339663505,0.028117014966151536,-0.07541101270994621,0.0360901755902646,False
522157,2,-0.02173793122467799,0.02867599887022797,-0.07759395902805848,0.03411573749604518,False
522160,29,-0.026416293546110765,0.02664621387972975,-0.07821400633893288,0.024899355569461018,False
522170,7,-0.026139993208344956,0.028832392231783636,-0.08402125332936027,0.031143107352055943,False
522180,2,-0.016891306606957333,0.028691068670517298,-0.07389282108289834,0.03850744680485668,False
522185,109,0.005179618772084712,0.02261410642564826,-0.039287312447378625,0.049853004545679404,False
522190,4,-0.0213119017370515,0.028045826100962536,-0.07535774632625963,0.033862824439124146,False
522200,7,-0.013214749907898114,0.028653167536784704,-0.0700073984996863,0.042983037703675286,False
522205,10,-0.024995877620725315,0.02784567914846992,-0.07994744140436229,0.029485678788684005,False
522220,4,-0.02549321820212669,0.02822183849129524,-0.08066762925748851,0.030988641605282127,False
522230,7,-0.021184354089606637,0.028644547669654526,-0.07756519231251677,0.03530118656773611,False
530010,804,-0.05944904348342431,0.016280549860430742,-0.09105293349038955,-0.02739369102323713,True
